bank_txn_id,reference,date,amount,currency,payee,description,source_status
BNK-200000,REF-334053,2026-02-01,-15994.68,USD,VINCENT-MCCLURE,ACH DEBIT,settled
BNK-200001,REF-106814,04/14/2026,-5530.5,gbp,"Yu, Nguyen and Wood",Vendor Settlement,settled
BNK-200002,ref301629,2026-03-17,-1993.03,EUR,Howard-Mcdonald,Payout Execution,settled
BNK-200003,REF-765822,03/19/2026,-16762.62,GBP,"Chavez, Davis and Walton",WIRE TRANSFER,settled
BNK-200004,REF-694731,04/29/2026,-10044.09,usd,Brown LLC,Vendor Settlement,settled
BNK-200005,REF-214975,2026-04-21,-12750.42,USD,Gordon-Roberts,Payout Execution,settled
BNK-200006,ref772097,04/10/2026,-17050.72,GBP,Matthews PLC,ACH DEBIT,settled
BNK-200007,ref439902,03/19/2026,-13495.99,GBP,Joseph Group,ACH DEBIT,settled
BNK-200008,REF-736059,2026-03-10,-23672.55,USD,Hodge PLC,Vendor Settlement,settled
BNK-200009,ref330914,2026-03-17,-550.33,GBP,NGUYEN-ROBERTS,WIRE TRANSFER,settled
BNK-200010,REF-198907,2026-01-25,-6093.86,EUR,Lewis-Robinson,ACH DEBIT,settled
BNK-200011,REF-392075,2026-01-25,-13418.74,usd,Best Inc,ACH DEBIT,settled
BNK-200012,REF-497382,01/22/2026,-5363.34,EUR,"Pena, Jones and Sanchez",Payout Execution,settled
BNK-200013,REF-599948,2026-03-18,-18705.69,USD,"LUNA, MORRIS AND GILL",ACH DEBIT,settled
BNK-200014,REF-648177,2026-03-15,-15494.05,EUR,"Clarke, Johnson and Watson",Vendor Settlement,settled
BNK-200015,REF-238890,2026-02-04,-1854.69,USD,"Owens, Peters and White",Vendor Settlement,settled
BNK-200016,REF-212235,01/17/2026,-23474.78,USD,Hodge PLC,Vendor Settlement,settled
BNK-200017,REF-908577,02/12/2026,-20737.97,USD,"Malone, Bell and Bryant",WIRE TRANSFER,settled
BNK-200018,REF-815198,01/27/2026,-7723.75,USD,Robinson Group,WIRE TRANSFER,settled
BNK-200019,ref266931,2026-02-06,-19565.1,EUR,"Martinez, Henderson and Osborne",Vendor Settlement,settled
BNK-200020,REF-392683,04/10/2026,-9976.69,EUR,"Adams, Rodriguez and Walker",Vendor Settlement,settled
BNK-200021,REF-636265,03/19/2026,-8658.54,eur,"Moss, Atkins and Daniels",WIRE TRANSFER,settled
BNK-200022,REF-799287,2026-02-10,-18000.86,EUR,"Owens, Peters and White",WIRE TRANSFER,settled
BNK-200023,REF-563246,2026-03-02,-19649.33,GBP,Jimenez-Bradley,Vendor Settlement,settled
BNK-200024,REF-740967,03/02/2026,-3705.17,USD,Brown and Sons,ACH DEBIT,settled
BNK-200025,REF-940346,01/19/2026,-22938.81,USD,Reed PLC,Payout Execution,settled
BNK-200026,REF-757193,03/09/2026,-21000.58,EUR,Lawrence-Lee,WIRE TRANSFER,settled
BNK-200027,REF-316881,2026-01-09,-8288.76,EUR,Kirk-Henson,Payout Execution,settled
BNK-200028,REF-732556,04/13/2026,-13467.06,GBP,Prince-Martinez,Payout Execution,settled
BNK-200029,ref584125,04/21/2026,-2121.59,EUR,Ramsey-Caldwell,Vendor Settlement,settled
BNK-200030,ref171951,2026-03-31,-24997.7,EUR,Orozco Ltd,Payout Execution,settled
BNK-200031,REF-959099,04/10/2026,-15157.18,GBP,Davenport PLC,ACH DEBIT,settled
BNK-200032,REF-630538,2026-01-11,-8696.41,EUR,Goodwin-Martinez,Payout Execution,settled
BNK-200033,REF-993085,2026-02-11,-11635.22,GBP,Allen Inc,Payout Execution,settled
BNK-200034,REF-725113,2026-04-25,-19950.86,eur,Robbins LLC,Payout Execution,settled
BNK-200035,REF-355123,03/31/2026,-2349.01,USD,Mccoy-Mccarthy,Vendor Settlement,settled
BNK-200036,REF-823688,04/08/2026,-7905.81,GBP,Wilson Group,Vendor Settlement,settled
BNK-200037,ref889359,03/29/2026,-13845.14,GBP,Kennedy-Marks,Vendor Settlement,settled
BNK-200038,REF-360247,2026-01-11,-3814.38,GBP,Wilson Ltd,Payout Execution,settled
BNK-200039,REF-317881,2026-04-10,-15250.53,GBP,"Evans, Conway and Hall",Payout Execution,settled
BNK-200040,REF-344762,2026-03-30,-17582.11,EUR,"Chavez, Davis and Walton",WIRE TRANSFER,settled
BNK-200041,REF-522060,2026-04-01,-10992.86,EUR,Wilson Ltd,Vendor Settlement,settled
BNK-200042,REF-783157,03/09/2026,-14416.77,USD,Allen Ltd,Payout Execution,settled
BNK-200043,REF-576919,01/05/2026,-7223.24,EUR,"Walker, Garcia and Mcguire",ACH DEBIT,settled
BNK-200044,REF-675898,2026-02-04,-15644.58,usd,Walter Inc,WIRE TRANSFER,settled
BNK-200045,REF-851413,03/06/2026,-11549.66,USD,Smith Ltd,Payout Execution,settled
BNK-200046,REF-925981,05/10/2026,-19322.56,EUR,"Wilson, Robertson and Gonzalez",Payout Execution,settled
BNK-200047,REF-501574,03/15/2026,-21743.3,GBP,"Johnson, Meyer and Hanna",Payout Execution,settled
BNK-200048,REF-251157,04/04/2026,-2515.3,EUR,"Robinson, Bauer and Brown",ACH DEBIT,settled
BNK-200049,REF-761820,02/02/2026,-21812.77,USD,"Adams, Rodriguez and Walker",ACH DEBIT,settled
BNK-200050,REF-356059,2026-01-21,-7351.86,eur,"Fleming, King and Herring",WIRE TRANSFER,settled
BNK-200051,REF-401603,05/03/2026,-6401.78,USD,Cox-Hickman,Vendor Settlement,settled
BNK-200052,REF-410244,03/17/2026,-5949.21,gbp,Robinson Group,ACH DEBIT,settled
BNK-200053,REF-892280,2026-03-30,-5494.64,USD,Davis Group,Vendor Settlement,settled
BNK-200054,REF-238579,01/28/2026,-8184.81,EUR,Bryant LLC,Payout Execution,settled
BNK-200055,REF-943671,04/21/2026,-3540.41,USD,Fitzpatrick-Henderson,Vendor Settlement,settled
BNK-200056,REF-739717,04/28/2026,-649.99,GBP,Thompson-Washington,ACH DEBIT,settled
BNK-200057,REF-715870,02/25/2026,-9731.43,EUR,Stone and Sons,Vendor Settlement,settled
BNK-200058,ref776149,03/12/2026,-2506.38,gbp,Shaw-Stuart,ACH DEBIT,settled
BNK-200059,REF-326441,2026-03-17,-1738.54,GBP,Ingram PLC,WIRE TRANSFER,settled
BNK-200060,ref282710,2026-01-04,-19754.87,USD,"Fox, Hernandez and Ryan",ACH DEBIT,settled
BNK-200061,REF-988456,03/04/2026,-11464.61,usd,ROACH AND SONS,WIRE TRANSFER,settled
BNK-200062,ref931621,2026-01-15,-11356.54,GBP,"Fleming, King and Herring",Payout Execution,settled
BNK-200063,ref597305,03/29/2026,-16636.07,EUR,Smith Ltd,Vendor Settlement,settled
BNK-200064,REF-208633,2026-02-17,-24210.76,GBP,Todd-Oconnor,ACH DEBIT,settled
BNK-200065,ref456331,04/29/2026,-748.11,eur,Newman-Thomas,ACH DEBIT,settled
BNK-200066,ref695164,2026-04-16,-9267.08,GBP,"Martinez, Joseph and Simmons",Payout Execution,settled
BNK-200067,REF-811444,2026-03-30,-8645.7,usd,"Rodriguez, Sutton and Santiago",WIRE TRANSFER,settled
BNK-200068,REF-341288,04/03/2026,-4412.98,EUR,"BRYANT, HARRISON AND CARTER",ACH DEBIT,settled
BNK-200069,REF-280222,02/13/2026,-7255.64,EUR,Holmes and Sons,Payout Execution,settled
BNK-200070,REF-634723,2026-03-09,-1932.57,GBP,Davenport PLC,WIRE TRANSFER,settled
BNK-200071,REF-814220,03/01/2026,-11612.23,GBP,GOMEZ-CARDENAS,Payout Execution,settled
BNK-200072,ref972097,02/18/2026,-11557.02,USD,Welch-Peck,ACH DEBIT,settled
BNK-200073,REF-950360,2026-01-15,-12546.65,USD,"Shaw, Baker and Scott",Payout Execution,settled
BNK-200074,REF-761532,04/14/2026,-10234.02,EUR,Flynn-Matthews,WIRE TRANSFER,settled
BNK-200075,REF-686072,2026-02-10,-3245.57,GBP,White Group,Vendor Settlement,settled
BNK-200076,REF-410160,2026-01-10,-4820.33,USD,"Frey, Mcgee and Bailey",WIRE TRANSFER,settled
BNK-200077,REF-740255,2026-02-27,-10286.19,GBP,Lane-Hines,Payout Execution,settled
BNK-200078,REF-269930,02/23/2026,-19458.65,GBP,"Waller, Bass and Mitchell",ACH DEBIT,settled
BNK-200079,REF-573041,04/16/2026,-20780.39,USD,Mann Group,Vendor Settlement,settled
BNK-200080,REF-839808,2026-04-12,-981.64,EUR,"Cox, Fernandez and Baker",Payout Execution,settled
BNK-200081,REF-216242,2026-01-17,-15982.82,GBP,FARRELL-WILLIS,Vendor Settlement,settled
BNK-200082,REF-924613,03/08/2026,-1715.29,GBP,"Rice, Wallace and Castillo",ACH DEBIT,settled
BNK-200083,REF-953025,02/15/2026,-3356.9,EUR,Prince-Martinez,ACH DEBIT,settled
BNK-200084,REF-669408,04/16/2026,-23335.94,GBP,FITZPATRICK-HENDERSON,Vendor Settlement,settled
BNK-200085,REF-621691,03/31/2026,-8492.44,usd,Arroyo-Pope,WIRE TRANSFER,settled
BNK-200086,REF-144412,03/01/2026,-4186.95,EUR,Flynn Group,ACH DEBIT,settled
BNK-200087,REF-232361,2026-01-05,-21220.52,GBP,Robinson and Sons,Vendor Settlement,settled
BNK-200088,REF-127172,2026-01-17,-7876.78,EUR,"Martinez, Henderson and Osborne",Payout Execution,settled
BNK-200089,REF-848022,04/27/2026,-21324.34,EUR,Anderson-Parks,Vendor Settlement,settled
BNK-200090,ref928766,2026-02-01,-3056.03,USD,"COX, FERNANDEZ AND BAKER",Vendor Settlement,settled
BNK-200091,REF-588461,2026-03-01,-3155.04,EUR,Gonzalez-Pennington,ACH DEBIT,settled
BNK-200092,REF-182690,04/20/2026,-8666.93,GBP,"RODRIGUEZ, SUTTON AND SANTIAGO",WIRE TRANSFER,settled
BNK-200093,REF-772612,2026-01-08,-20635.28,USD,Cochran Inc,Vendor Settlement,settled
BNK-200094,REF-607774,02/24/2026,-17223.12,USD,Rhodes Ltd,Payout Execution,settled
BNK-200095,REF-201514,2026-01-19,-3084.98,EUR,Zimmerman Group,Vendor Settlement,settled
BNK-200096,REF-579441,03/06/2026,-12446.82,USD,"Garner, Lawson and Richard",Payout Execution,settled
BNK-200097,REF-520040,2026-01-06,-18194.51,EUR,Johnson-Ruiz,Vendor Settlement,settled
BNK-200098,REF-731728,01/31/2026,-13956.85,EUR,"Dorsey, Patterson and Harrison",WIRE TRANSFER,settled
BNK-200099,REF-613641,2026-03-12,-14853.28,GBP,Jones-Fuentes,ACH DEBIT,settled
BNK-200100,REF-961574,2026-01-21,-4283.54,gbp,Wagner Ltd,WIRE TRANSFER,settled
BNK-200101,REF-440839,03/15/2026,-17651.74,GBP,Ingram PLC,Vendor Settlement,settled
BNK-200102,REF-317346,04/03/2026,-5641.05,EUR,"Jackson, Romero and Mendez",Payout Execution,settled
BNK-200103,REF-563864,05/01/2026,-23883.96,USD,Pierce Inc,WIRE TRANSFER,settled
BNK-200104,REF-446337,2026-02-24,-15957.67,USD,Cobb Group,Payout Execution,settled
BNK-200105,REF-661147,2026-02-01,-22700.73,USD,Brown Ltd,ACH DEBIT,settled
BNK-200106,REF-451317,2026-04-30,-7477.35,GBP,Kelly-Murphy,WIRE TRANSFER,settled
BNK-200107,REF-894068,03/28/2026,-18422.03,EUR,"GEORGE, LEWIS AND MITCHELL",ACH DEBIT,settled
BNK-200108,REF-710754,2026-02-10,-5907.14,eur,Harvey Inc,Vendor Settlement,settled
BNK-200109,REF-601410,01/18/2026,-9204.41,USD,Jones Group,WIRE TRANSFER,settled
BNK-200110,REF-969032,2026-01-10,-1975.62,GBP,Reynolds-Harris,ACH DEBIT,settled
BNK-200111,REF-160541,03/16/2026,-3320.31,EUR,REED PLC,WIRE TRANSFER,settled
BNK-200112,REF-401036,01/06/2026,-23366.21,USD,Bowers Ltd,Payout Execution,settled
BNK-200113,REF-233533,03/11/2026,-2987.86,GBP,"Garner, Lawson and Richard",Payout Execution,settled
BNK-200114,REF-948799,2026-01-07,-4732.3,GBP,REYNOLDS-HARRIS,ACH DEBIT,settled
BNK-200115,REF-891030,01/28/2026,-10071.58,USD,Stone and Sons,Vendor Settlement,settled
BNK-200116,REF-811721,03/28/2026,-1547.42,GBP,Bryant LLC,Payout Execution,settled
BNK-200117,REF-585517,2026-04-14,-7535.89,GBP,"Dorsey, Patterson and Harrison",Vendor Settlement,settled
BNK-200118,REF-176319,2026-04-22,-1312.13,EUR,Reynolds LLC,Vendor Settlement,settled
BNK-200119,REF-733760,04/02/2026,-18678.31,EUR,Jenkins-Henderson,Vendor Settlement,settled
BNK-200120,ref428122,2026-02-18,-19046.68,EUR,Walter Inc,Payout Execution,settled
BNK-200121,REF-900441,2026-02-03,-12495.05,GBP,"Johnson, Phillips and Brown",WIRE TRANSFER,settled
BNK-200122,REF-106693,2026-04-09,-23631.07,gbp,Gordon-Roberts,Vendor Settlement,settled
BNK-200123,REF-117538,01/04/2026,-190.14,GBP,Park-Daniels,ACH DEBIT,settled
BNK-200124,REF-581294,2026-02-23,-19878.53,USD,Dudley Ltd,ACH DEBIT,settled
BNK-200125,REF-554987,2026-04-21,-17578.56,USD,Cooper PLC,WIRE TRANSFER,settled
BNK-200126,REF-790077,2026-03-14,-17118.63,EUR,"Rice, Wallace and Castillo",Payout Execution,settled
BNK-200127,ref822794,2026-04-14,-9611.56,GBP,"Cox, Fernandez and Baker",Vendor Settlement,settled
BNK-200128,REF-493663,05/02/2026,-12277.82,EUR,Griffin Inc,ACH DEBIT,settled
BNK-200129,REF-423241,2026-05-02,-9033.49,USD,Dickson-Padilla,Payout Execution,settled
BNK-200130,REF-506637,2026-02-22,-21596.36,USD,"Garcia, Mercado and West",Payout Execution,settled
BNK-200131,REF-920685,03/03/2026,-10881.04,EUR,Mcclain-Jensen,ACH DEBIT,settled
BNK-200132,REF-551533,2026-02-14,-20106.81,EUR,Rhodes Ltd,Payout Execution,settled
BNK-200133,REF-219420,2026-02-18,-8164.01,EUR,"Garner, Lawson and Richard",WIRE TRANSFER,settled
BNK-200134,REF-364955,02/02/2026,-16832.62,USD,Wilson Ltd,Payout Execution,settled
BNK-200135,REF-906306,2026-01-14,-17548.32,GBP,White Group,Payout Execution,settled
BNK-200136,REF-821068,2026-03-18,-12779.14,GBP,GARDNER INC,ACH DEBIT,settled
BNK-200137,REF-316916,04/13/2026,-8724.51,EUR,Reed PLC,ACH DEBIT,settled
BNK-200138,REF-687044,2026-02-13,-12911.95,GBP,Mcdowell-Watts,Payout Execution,settled
BNK-200139,REF-888870,2026-02-10,-136.14,USD,"Peterson, Hood and Arroyo",ACH DEBIT,settled
BNK-200140,REF-580101,2026-04-21,-14685.44,EUR,"Howell, Hart and Swanson",WIRE TRANSFER,settled
BNK-200141,REF-294776,2026-02-25,-14920.73,GBP,Arnold-Beck,WIRE TRANSFER,settled
BNK-200142,REF-629990,03/15/2026,-12128.11,USD,ARNOLD-BECK,ACH DEBIT,settled
BNK-200143,ref218710,03/09/2026,-14152.12,EUR,"Walker, Garcia and Mcguire",Payout Execution,settled
BNK-200144,REF-223088,02/26/2026,-11257.07,EUR,Richard LLC,WIRE TRANSFER,settled
BNK-200145,REF-700556,2026-02-08,-8108.25,gbp,"Garcia, Mercado and West",Payout Execution,settled
BNK-200146,REF-359579,04/19/2026,-6260.69,GBP,JIMENEZ-BRADLEY,ACH DEBIT,settled
BNK-200147,REF-580718,04/06/2026,-8199.05,USD,Leach-Walker,WIRE TRANSFER,settled
BNK-200148,ref815707,2026-04-25,-14164.4,eur,"Curtis, Turner and Soto",Payout Execution,settled
BNK-200149,REF-387330,2026-04-22,-22056.64,eur,Mcdowell-Watts,WIRE TRANSFER,settled
BNK-200150,ref566686,03/29/2026,-3339.18,USD,Garcia Ltd,WIRE TRANSFER,settled
BNK-200151,ref656278,2026-01-11,-3449.8,USD,"Dorsey, Patterson and Harrison",Payout Execution,settled
BNK-200152,REF-429780,02/24/2026,-14749.61,EUR,Flynn Group,Vendor Settlement,settled
BNK-200153,REF-218220,2026-02-19,-19600.44,USD,Garcia and Sons,WIRE TRANSFER,settled
BNK-200154,REF-170813,03/20/2026,-19074.08,USD,"Johnson, Harrison and Thomas",Payout Execution,settled
BNK-200155,REF-442622,2026-03-11,-1998.56,USD,"Frey, Mcgee and Bailey",WIRE TRANSFER,settled
BNK-200156,REF-113280,01/24/2026,-7749.52,GBP,Bryant LLC,Vendor Settlement,settled
BNK-200157,REF-577309,03/07/2026,-6592.17,GBP,"Hernandez, Greer and Jackson",ACH DEBIT,settled
BNK-200158,REF-999138,04/30/2026,-9115.31,USD,Dickson Inc,Vendor Settlement,settled
BNK-200159,REF-172274,2026-02-22,-4504.13,GBP,"SANTANA, HOFFMAN AND COBB",WIRE TRANSFER,settled
BNK-200160,REF-934638,2026-04-08,-24944.73,USD,PRINCE-MARTINEZ,Payout Execution,settled
BNK-200161,REF-146032,01/12/2026,-24314.67,USD,Robbins LLC,ACH DEBIT,settled
BNK-200162,REF-373668,02/08/2026,-10888.7,USD,Lane-Hines,ACH DEBIT,settled
BNK-200163,REF-661957,01/17/2026,-11252.93,EUR,LEWIS-ROBINSON,Vendor Settlement,settled
BNK-200164,REF-810078,01/08/2026,-24210.8,EUR,Fitzgerald PLC,ACH DEBIT,settled
BNK-200165,ref760914,2026-03-31,-3289.61,eur,BROWN-HUYNH,Payout Execution,settled
BNK-200166,REF-859620,04/17/2026,-1289.68,GBP,"Gray, Williams and Weaver",Vendor Settlement,settled
BNK-200167,REF-191982,2026-01-09,-10314.51,GBP,Webster and Sons,ACH DEBIT,settled
BNK-200168,ref726121,02/10/2026,-9724.82,USD,Thornton and Sons,WIRE TRANSFER,settled
BNK-200169,REF-936124,2026-04-20,-19107.14,USD,"Edwards, Anderson and Taylor",Vendor Settlement,settled
BNK-200170,ref284084,02/17/2026,-20921.5,eur,Morris Inc,WIRE TRANSFER,settled
BNK-200171,REF-651860,04/20/2026,-14675.56,USD,Anderson Inc,Vendor Settlement,settled
BNK-200172,REF-743520,03/31/2026,-16238.28,USD,Roberts Group,WIRE TRANSFER,settled
BNK-200173,REF-693022,2026-03-23,-4572.49,EUR,Mann Group,ACH DEBIT,settled
BNK-200174,REF-504684,01/08/2026,-6435.03,USD,Joseph Group,Payout Execution,settled
BNK-200175,REF-434198,2026-01-08,-19984.88,USD,Bowman LLC,ACH DEBIT,settled
BNK-200176,REF-156157,01/21/2026,-23562.5,USD,Perez-Neal,ACH DEBIT,settled
BNK-200177,REF-794178,04/18/2026,-120.31,USD,Bowman LLC,ACH DEBIT,settled
BNK-200178,REF-567429,01/24/2026,-4642.41,EUR,Goodwin-Martinez,ACH DEBIT,settled
BNK-200179,REF-661527,02/25/2026,-13851.21,EUR,Pena Inc,ACH DEBIT,settled
BNK-200180,ref302087,2026-04-22,-4342.65,USD,Brown LLC,ACH DEBIT,settled
BNK-200181,REF-539976,2026-04-11,-22931.12,USD,Pena Inc,ACH DEBIT,settled
BNK-200182,REF-388792,2026-01-24,-14311.28,EUR,"Bates, Diaz and Lowe",WIRE TRANSFER,settled
BNK-200183,REF-339030,04/22/2026,-7790.96,EUR,"Evans, Conway and Hall",ACH DEBIT,settled
BNK-200184,REF-426236,2026-01-11,-20529.91,GBP,Mcdowell-Watts,WIRE TRANSFER,settled
BNK-200185,REF-766275,02/20/2026,-9224.59,EUR,Banks-Savage,Vendor Settlement,settled
BNK-200186,REF-332103,2026-04-22,-1265.03,GBP,Wright Group,ACH DEBIT,settled
BNK-200187,REF-494763,02/25/2026,-17825.69,GBP,VINCENT-MCCLURE,Vendor Settlement,settled
BNK-200188,REF-845635,2026-03-27,-16023.85,EUR,"Hansen, Herrera and Taylor",Payout Execution,settled
BNK-200189,REF-137034,2026-04-07,-22675.12,EUR,Bauer Inc,Payout Execution,settled
BNK-200190,REF-291961,2026-04-10,-3220.4,EUR,Walters LLC,Vendor Settlement,settled
BNK-200191,REF-813763,2026-01-17,-11818.69,usd,Colon Group,Payout Execution,settled
BNK-200192,REF-160831,2026-03-23,-8332.42,USD,Davis PLC,ACH DEBIT,settled
BNK-200193,REF-866151,2026-01-27,-9598.33,usd,SHAW-DECKER,WIRE TRANSFER,settled
BNK-200194,REF-578073,2026-02-09,-4196.33,USD,Davis-Mitchell,Vendor Settlement,settled
BNK-200195,REF-122977,2026-04-06,-18186.04,USD,Brown LLC,ACH DEBIT,settled
BNK-200196,REF-365015,2026-03-13,-10433.97,EUR,"Pineda, Travis and Jones",Vendor Settlement,settled
BNK-200197,REF-375769,2026-04-12,-12456.03,gbp,Walters PLC,WIRE TRANSFER,settled
BNK-200198,ref858711,01/12/2026,-3749.88,USD,"LIU, PARSONS AND DELACRUZ",WIRE TRANSFER,settled
BNK-200199,REF-245117,04/22/2026,-2397.59,USD,"GARZA, BARKER AND MADDOX",Vendor Settlement,settled
BNK-200200,ref935620,2026-03-25,-17255.31,eur,Dickson-Gutierrez,Payout Execution,settled
BNK-200201,ref531262,2026-04-25,-12089.91,EUR,Reynolds-Harris,Vendor Settlement,settled
BNK-200202,REF-979789,01/22/2026,-12061.16,GBP,Pennington PLC,ACH DEBIT,settled
BNK-200203,REF-346415,04/15/2026,-13773.63,EUR,"Graham, Garrett and Caldwell",Payout Execution,settled
BNK-200204,REF-804091,2026-03-26,-22255.52,GBP,"Peterson, Hood and Arroyo",Payout Execution,settled
BNK-200205,ref492052,03/10/2026,-20751.35,eur,Hunter-Nicholson,WIRE TRANSFER,settled
BNK-200206,REF-764000,2026-01-08,-17926.78,USD,KIRK-HENSON,ACH DEBIT,settled
BNK-200207,REF-789461,02/21/2026,-18269.1,USD,Hawkins-Saunders,WIRE TRANSFER,settled
BNK-200208,REF-984027,2026-02-10,-3476.05,GBP,Fitzgerald PLC,Vendor Settlement,settled
BNK-200209,REF-711116,03/05/2026,-17766.06,EUR,Roberts Group,ACH DEBIT,settled
BNK-200210,REF-362732,2026-03-29,-6692.78,USD,Johnson-Newton,WIRE TRANSFER,settled
BNK-200211,REF-818430,04/20/2026,-23163.96,EUR,"Payne, Wall and Hernandez",Vendor Settlement,settled
BNK-200212,REF-495521,01/16/2026,-4694.74,usd,Hickman-Walter,WIRE TRANSFER,settled
BNK-200213,REF-176421,2026-02-17,-12276.51,GBP,"Walker, Garcia and Mcguire",Payout Execution,settled
BNK-200214,ref688602,2026-03-04,-5480.67,GBP,Wilson and Sons,Vendor Settlement,settled
BNK-200215,REF-941814,2026-03-17,-642.03,GBP,Dudley Ltd,ACH DEBIT,settled
BNK-200216,REF-836879,2026-04-19,-20895.74,usd,Murray Group,ACH DEBIT,settled
BNK-200217,REF-760830,2026-03-08,-22776.89,EUR,Bauer Inc,ACH DEBIT,settled
BNK-200218,ref514306,02/20/2026,-15173.98,EUR,Robinson and Sons,Vendor Settlement,settled
BNK-200219,REF-143802,2026-01-16,-13849.27,GBP,Roberts LLC,Vendor Settlement,settled
BNK-200220,REF-290167,01/17/2026,-15431.7,EUR,MAXWELL-SHEPHERD,ACH DEBIT,settled
BNK-200221,ref398987,01/15/2026,-3227.17,GBP,Rodriguez LLC,WIRE TRANSFER,settled
BNK-200222,REF-980919,02/06/2026,-19646.86,GBP,"Moss, Atkins and Daniels",Payout Execution,settled
BNK-200223,REF-757057,2026-04-04,-22285.14,USD,"Hayes, Luna and Miller",WIRE TRANSFER,settled
BNK-200224,REF-587274,2026-01-20,-9161.32,USD,Zimmerman and Sons,WIRE TRANSFER,settled
BNK-200225,ref611329,04/08/2026,-23480.92,USD,Jones Group,ACH DEBIT,settled
BNK-200226,REF-785428,02/19/2026,-14476.32,GBP,Bryant LLC,Payout Execution,settled
BNK-200227,REF-341162,2026-01-22,-12558.38,USD,Rhodes Ltd,ACH DEBIT,settled
BNK-200228,ref973846,2026-04-01,-11988.55,GBP,WHITE-WILSON,WIRE TRANSFER,settled
BNK-200229,REF-327114,2026-01-12,-21965.76,GBP,"Rodriguez, Sutton and Santiago",WIRE TRANSFER,settled
BNK-200230,REF-117367,2026-01-14,-5764.6,EUR,Reeves Ltd,ACH DEBIT,settled
BNK-200231,REF-541119,03/09/2026,-22426.8,GBP,"Fleming, King and Herring",ACH DEBIT,settled
BNK-200232,REF-298202,2026-02-02,-7099.59,GBP,Costa and Sons,WIRE TRANSFER,settled
BNK-200233,REF-483405,03/16/2026,-6551.04,GBP,Best Inc,WIRE TRANSFER,settled
BNK-200234,REF-340932,04/07/2026,-18401.17,GBP,Peterson LLC,ACH DEBIT,settled
BNK-200235,REF-375871,01/09/2026,-23148.4,EUR,"Best, Simon and Turner",ACH DEBIT,settled
BNK-200236,REF-832377,2026-03-08,-4888.79,GBP,"LIU, PARSONS AND DELACRUZ",Vendor Settlement,settled
BNK-200237,REF-970071,04/05/2026,-22981.46,GBP,"Rodriguez, Sutton and Santiago",Payout Execution,settled
BNK-200238,REF-638220,04/14/2026,-12591.65,EUR,"Miller, Anderson and Padilla",WIRE TRANSFER,settled
BNK-200239,REF-764442,02/18/2026,-12062.2,EUR,SMITH AND SONS,Vendor Settlement,settled
BNK-200240,REF-701581,2026-04-26,-11926.97,EUR,Hunt PLC,WIRE TRANSFER,settled
BNK-200241,REF-182300,2026-04-30,-3920.97,USD,Barrera Group,Vendor Settlement,settled
BNK-200242,REF-651273,01/08/2026,-9962.04,GBP,"Hernandez, Wade and Rodriguez",Payout Execution,settled
BNK-200243,REF-742544,02/17/2026,-9501.21,USD,"Martinez, Joseph and Simmons",WIRE TRANSFER,settled
BNK-200244,REF-204721,04/17/2026,-14295.96,GBP,Nguyen-Roberts,WIRE TRANSFER,settled
BNK-200245,REF-695417,03/13/2026,-19638.69,EUR,Davis Group,Payout Execution,settled
BNK-200246,REF-703869,03/17/2026,-3052.91,GBP,Mullins-Cabrera,Payout Execution,settled
BNK-200247,ref990136,02/21/2026,-10559.87,GBP,"Roberts, Frazier and Smith",Payout Execution,settled
BNK-200248,REF-863124,2026-01-17,-10364.38,USD,Hughes Inc,ACH DEBIT,settled
BNK-200249,ref748127,2026-02-03,-13111.47,USD,Hawkins-Saunders,WIRE TRANSFER,settled
BNK-200250,REF-385647,2026-05-02,-21609.42,EUR,Stone and Sons,Payout Execution,settled
BNK-200251,REF-532227,2026-02-24,-20122.58,EUR,Ibarra-Clark,ACH DEBIT,settled
BNK-200252,REF-297731,02/18/2026,-14935.17,USD,Hunter-Nicholson,ACH DEBIT,settled
BNK-200253,REF-403662,01/18/2026,-10337.27,USD,JONES-TAYLOR,ACH DEBIT,settled
BNK-200254,REF-115440,01/21/2026,-18184.5,USD,Anderson LLC,ACH DEBIT,settled
BNK-200255,REF-982417,2026-01-26,-1807.83,EUR,"Smith, Guerra and Holmes",WIRE TRANSFER,settled
BNK-200256,REF-438756,05/07/2026,-11833.82,GBP,Todd-Oconnor,Vendor Settlement,settled
BNK-200257,REF-225461,03/20/2026,-8129.72,USD,Jones-Graham,ACH DEBIT,settled
BNK-200258,REF-662407,03/31/2026,-1517.88,GBP,Smith Ltd,WIRE TRANSFER,settled
BNK-200259,REF-669097,02/09/2026,-12145.42,EUR,Walters LLC,WIRE TRANSFER,settled
BNK-200260,REF-869295,2026-02-18,-42.98,GBP,"OWENS, PETERS AND WHITE",Payout Execution,settled
BNK-200261,ref648615,2026-01-15,-10259.87,EUR,Anderson Inc,ACH DEBIT,settled
BNK-200262,REF-318877,2026-01-04,-1250.91,USD,"Chavez, Davis and Walton",Payout Execution,settled
BNK-200263,REF-201836,2026-03-08,-20865.55,USD,"Ramirez, Hernandez and Fox",Payout Execution,settled
BNK-200264,REF-521063,03/14/2026,-22073.53,USD,"Smith, Guerra and Holmes",Vendor Settlement,settled
BNK-200265,REF-574379,2026-02-20,-9392.2,GBP,Howard LLC,Vendor Settlement,settled
BNK-200266,ref699378,03/15/2026,-22979.82,GBP,Edwards-Boyd,WIRE TRANSFER,settled
BNK-200267,REF-605972,2026-04-12,-18363.29,GBP,"Martinez, Joseph and Simmons",Payout Execution,settled
BNK-200268,REF-784488,2026-04-08,-10427.63,USD,HUNT-WHITNEY,WIRE TRANSFER,settled
BNK-200269,REF-194458,03/06/2026,-24276.73,gbp,"Edwards, Anderson and Taylor",ACH DEBIT,settled
BNK-200270,REF-611559,2026-01-27,-19056.77,EUR,Walters LLC,Payout Execution,settled
BNK-200271,ref722725,02/16/2026,-9147.56,USD,Jimenez-Bradley,WIRE TRANSFER,settled
BNK-200272,ref972881,04/23/2026,-6095.13,GBP,Rivera-Stanley,WIRE TRANSFER,settled
BNK-200273,REF-711324,2026-02-20,-17384.4,GBP,Li-Jones,ACH DEBIT,settled
BNK-200274,REF-780956,2026-04-23,-21610.45,USD,"Garcia, Mercado and West",ACH DEBIT,settled
BNK-200275,REF-463625,01/05/2026,-8355.9,EUR,Mata Inc,Payout Execution,settled
BNK-200276,REF-810929,2026-03-10,-16431.87,USD,"Rodriguez, Evans and Patterson",Vendor Settlement,settled
BNK-200277,REF-241822,2026-04-28,-21568.13,EUR,Simmons-Green,ACH DEBIT,settled
BNK-200278,REF-961613,2026-04-08,-24030.87,eur,FLETCHER-PRUITT,Vendor Settlement,settled
BNK-200279,REF-781121,2026-04-03,-3373.81,GBP,ALLEN LTD,ACH DEBIT,settled
BNK-200280,REF-440677,03/31/2026,-4447.53,EUR,Rogers Inc,ACH DEBIT,settled
BNK-200281,REF-506216,03/15/2026,-12979.6,EUR,Reynolds LLC,Vendor Settlement,settled
BNK-200282,ref857750,2026-01-14,-11602.88,GBP,"Hernandez, Hill and Hull",ACH DEBIT,settled
BNK-200283,ref868881,2026-04-02,-6270.81,GBP,Li-Montoya,WIRE TRANSFER,settled
BNK-200284,REF-846635,04/09/2026,-4074.05,USD,Dickson Inc,WIRE TRANSFER,settled
BNK-200285,REF-327408,2026-02-02,-13598.94,USD,Skinner Ltd,WIRE TRANSFER,settled
BNK-200286,ref191962,02/12/2026,-16683.24,GBP,Davis-Mitchell,WIRE TRANSFER,settled
BNK-200287,ref548081,04/10/2026,-8087.48,EUR,Smith and Sons,WIRE TRANSFER,settled
BNK-200288,REF-703080,03/11/2026,-10690.66,EUR,"Matthews, Howard and Brown",WIRE TRANSFER,settled
BNK-200289,REF-147702,2026-02-23,-18443.27,USD,Kirk-Henson,ACH DEBIT,settled
BNK-200290,REF-130531,03/20/2026,-8550.51,GBP,Richards-Johnson,WIRE TRANSFER,settled
BNK-200291,REF-692385,02/10/2026,-23196.55,USD,Lawrence-Lee,Vendor Settlement,settled
BNK-200292,REF-508489,03/19/2026,-15672.11,USD,"Roberts, Frazier and Smith",ACH DEBIT,settled
BNK-200293,REF-311915,2026-04-16,-4395.94,EUR,"Bates, Diaz and Lowe",Vendor Settlement,settled
BNK-200294,REF-104309,2026-01-16,-11497.73,GBP,Pena Inc,ACH DEBIT,settled
BNK-200295,REF-301898,2026-01-27,-15980.3,USD,Jimenez-Bradley,ACH DEBIT,settled
BNK-200296,REF-838568,05/02/2026,-13745.41,EUR,ROBERTS LLC,ACH DEBIT,settled
BNK-200297,REF-472899,2026-03-21,-9813.12,GBP,Hays-Dalton,Payout Execution,settled
BNK-200298,REF-342948,03/02/2026,-17119.84,GBP,Cox-Hickman,Vendor Settlement,settled
BNK-200299,REF-465549,2026-04-11,-11544.51,USD,"Molina, Wells and Bright",Vendor Settlement,settled
BNK-200300,REF-318353,02/15/2026,-24347.95,EUR,"Owen, Gibson and Johnson",ACH DEBIT,settled
BNK-200301,REF-214027,03/20/2026,-4424.95,EUR,"ADAMS, RODRIGUEZ AND WALKER",WIRE TRANSFER,settled
BNK-200302,REF-706005,03/21/2026,-11338.04,EUR,"Collins, Gardner and Shaw",Vendor Settlement,settled
BNK-200303,REF-837520,2026-01-03,-1583.7,GBP,Johnson Inc,Payout Execution,settled
BNK-200304,REF-984293,2026-02-20,-11884.91,usd,EDWARDS-BOYD,ACH DEBIT,settled
BNK-200305,REF-578180,04/23/2026,-2139.47,GBP,Kirk-Henson,Vendor Settlement,settled
BNK-200306,REF-672696,05/01/2026,-17810.45,eur,Park-Daniels,ACH DEBIT,settled
BNK-200307,REF-595401,02/03/2026,-13095.84,GBP,"Best, Simon and Turner",ACH DEBIT,settled
BNK-200308,REF-923154,2026-04-06,-7247.98,USD,Wilson Ltd,ACH DEBIT,settled
BNK-200309,ref999529,2026-02-06,-6319.97,GBP,Robbins LLC,WIRE TRANSFER,settled
BNK-200310,REF-961639,03/18/2026,-8587.63,USD,"Brown, Middleton and Williams",WIRE TRANSFER,settled
BNK-200311,REF-416006,03/03/2026,-1336.77,EUR,Smith-Gaines,Vendor Settlement,settled
BNK-200312,REF-143010,03/29/2026,-9565.55,EUR,Wilson and Sons,Vendor Settlement,settled
BNK-200313,REF-804527,2026-04-06,-11541.19,GBP,ESPARZA-CARROLL,ACH DEBIT,settled
BNK-200314,REF-135695,2026-02-01,-5504.92,EUR,Davis Group,ACH DEBIT,settled
BNK-200315,REF-575470,03/24/2026,-6352.06,EUR,"Howard, Lynch and Morris",Vendor Settlement,settled
BNK-200316,REF-310416,05/01/2026,-4468.79,USD,Randolph and Sons,Payout Execution,settled
BNK-200317,REF-139673,05/02/2026,-22415.4,USD,Joseph Group,Payout Execution,settled
BNK-200318,REF-694798,01/18/2026,-9625.99,gbp,"Berry, Rios and Marshall",ACH DEBIT,settled
BNK-200319,REF-502824,01/08/2026,-16203.62,USD,Griffin Inc,Payout Execution,settled
BNK-200320,REF-659876,2026-03-11,-19823.66,GBP,Ibarra-Clark,Payout Execution,settled
BNK-200321,REF-748410,04/27/2026,-12235.14,USD,BOWERS LTD,WIRE TRANSFER,settled
BNK-200322,REF-950941,2026-02-15,-1601.18,USD,Gardner-Hayes,WIRE TRANSFER,settled
BNK-200323,REF-559969,01/25/2026,-4222.07,EUR,GRIFFIN INC,Payout Execution,settled
BNK-200324,REF-250038,2026-01-29,-10420.15,EUR,KENNEDY-MARKS,WIRE TRANSFER,settled
BNK-200325,REF-200331,2026-03-11,-13953.82,USD,Peterson LLC,WIRE TRANSFER,settled
BNK-200326,REF-776185,01/08/2026,-12450.43,usd,Mckinney-Cooper,WIRE TRANSFER,settled
BNK-200327,REF-539422,2026-02-11,-18042.04,GBP,GOMEZ-CARDENAS,Payout Execution,settled
BNK-200328,REF-739037,2026-04-30,-22264.96,USD,"Ramirez, Hernandez and Fox",WIRE TRANSFER,settled
BNK-200329,REF-897273,2026-01-23,-21294.99,EUR,Gonzalez Inc,WIRE TRANSFER,settled
BNK-200330,REF-358635,2026-04-05,-6997.29,GBP,Fitzgerald-Watson,Payout Execution,settled
BNK-200331,ref619344,02/27/2026,-11994.75,GBP,"Evans, Conway and Hall",Vendor Settlement,settled
BNK-200332,REF-576935,01/05/2026,-17590.03,GBP,"Clarke, Johnson and Watson",ACH DEBIT,settled
BNK-200333,REF-933071,2026-03-15,-17458.92,GBP,Morris Inc,Vendor Settlement,settled
BNK-200334,REF-843793,03/13/2026,-16213.11,GBP,Smith and Sons,WIRE TRANSFER,settled
BNK-200335,REF-652266,03/06/2026,-9336.02,EUR,Lee-Taylor,ACH DEBIT,settled
BNK-200336,REF-389346,2026-01-22,-7227.11,USD,Gallegos-Stewart,WIRE TRANSFER,settled
BNK-200337,REF-452192,03/25/2026,-575.36,USD,Lawrence-Lee,Payout Execution,settled
BNK-200338,REF-986585,2026-04-09,-5688.88,EUR,"Jackson, Romero and Mendez",WIRE TRANSFER,settled
BNK-200339,REF-841484,03/13/2026,-6528.67,USD,"Peterson, Hood and Arroyo",Vendor Settlement,settled
BNK-200340,REF-672675,04/07/2026,-23197.09,USD,Dickson-Padilla,WIRE TRANSFER,settled
BNK-200341,REF-521139,2026-01-06,-16958.26,USD,Ibarra-Clark,WIRE TRANSFER,settled
BNK-200342,REF-433193,03/06/2026,-24396.59,EUR,Maxwell-Shepherd,Payout Execution,settled
BNK-200343,REF-565798,04/06/2026,-21860.69,USD,"Ramirez, Hernandez and Fox",ACH DEBIT,settled
BNK-200344,REF-283388,2026-02-25,-2234.0,EUR,Jackson LLC,Payout Execution,settled
BNK-200345,REF-414750,02/05/2026,-5632.39,USD,Smith Ltd,WIRE TRANSFER,settled
BNK-200346,REF-370439,04/24/2026,-14537.12,GBP,"Moss, Atkins and Daniels",Vendor Settlement,settled
BNK-200347,REF-539892,2026-02-18,-8950.7,USD,Jackson LLC,WIRE TRANSFER,settled
BNK-200348,REF-660380,01/15/2026,-6804.69,GBP,Howard-Mcdonald,Vendor Settlement,settled
BNK-200349,REF-237606,04/15/2026,-10448.22,USD,"Miller, Anderson and Padilla",Vendor Settlement,settled
BNK-200350,REF-236543,2026-01-27,-17208.98,EUR,Kennedy-Marks,ACH DEBIT,settled
BNK-200351,REF-201191,2026-04-07,-1105.96,EUR,PRICE PLC,WIRE TRANSFER,settled
BNK-200352,REF-706217,2026-04-15,-12635.11,USD,"Evans, Conway and Hall",ACH DEBIT,settled
BNK-200353,REF-472058,04/18/2026,-11005.65,usd,"Smith, Guerra and Holmes",WIRE TRANSFER,settled
BNK-200354,REF-871934,03/19/2026,-2915.17,EUR,Reed PLC,WIRE TRANSFER,settled
BNK-200355,ref790537,2026-03-10,-16810.58,EUR,Robinson and Sons,WIRE TRANSFER,settled
BNK-200356,REF-901968,02/07/2026,-3090.99,EUR,Cooper PLC,Payout Execution,settled
BNK-200357,ref204441,01/14/2026,-12246.32,USD,Thompson-Campbell,ACH DEBIT,settled
BNK-200358,REF-374375,2026-03-08,-7356.73,EUR,Randolph and Sons,ACH DEBIT,settled
BNK-200359,REF-840356,04/24/2026,-4442.31,GBP,Wilson Ltd,Payout Execution,settled
BNK-200360,ref398254,04/10/2026,-14786.35,EUR,"Howell, Hart and Swanson",ACH DEBIT,settled
BNK-200361,ref427260,2026-03-26,-16539.47,USD,RODRIGUEZ LLC,Vendor Settlement,settled
BNK-200362,REF-509260,2026-03-16,-14710.03,EUR,"Lewis, Joyce and Robertson",Vendor Settlement,settled
BNK-200363,REF-378035,2026-02-06,-21013.5,GBP,Wright Group,Vendor Settlement,settled
BNK-200364,REF-943187,03/07/2026,-19896.4,GBP,Church Inc,WIRE TRANSFER,settled
BNK-200365,REF-768914,2026-02-06,-16528.64,GBP,"Williams, Oneill and Torres",WIRE TRANSFER,settled
BNK-200366,REF-532472,2026-04-20,-7983.36,USD,Walter Inc,WIRE TRANSFER,settled
BNK-200367,ref385959,2026-01-21,-10564.93,USD,JUAREZ-JONES,Payout Execution,settled
BNK-200368,REF-789365,2026-03-27,-22516.86,eur,"Snow, Rodgers and Miller",ACH DEBIT,settled
BNK-200369,REF-972765,02/14/2026,-5970.97,USD,Davis PLC,WIRE TRANSFER,settled
BNK-200370,REF-544366,2026-03-12,-17497.95,USD,Washington-West,Vendor Settlement,settled
BNK-200371,REF-679577,2026-02-03,-17274.79,GBP,"Johnson, Meyer and Hanna",Payout Execution,settled
BNK-200372,REF-432591,03/27/2026,-7453.14,USD,Robinson and Sons,Vendor Settlement,settled
BNK-200373,REF-442641,2026-04-06,-8812.61,GBP,Hunter-Nicholson,WIRE TRANSFER,settled
BNK-200374,REF-722871,2026-04-21,-3966.62,GBP,Allen and Sons,Vendor Settlement,settled
BNK-200375,REF-124085,01/05/2026,-23620.31,GBP,Orozco Ltd,WIRE TRANSFER,settled
BNK-200376,REF-853489,01/04/2026,-4273.82,gbp,Peterson LLC,WIRE TRANSFER,settled
BNK-200377,REF-289131,03/01/2026,-15012.07,EUR,Wade PLC,Payout Execution,settled
BNK-200378,REF-543852,04/10/2026,-17179.14,GBP,Arnold-Beck,Vendor Settlement,settled
BNK-200379,REF-708684,01/06/2026,-16789.77,usd,Walters LLC,Payout Execution,settled
BNK-200380,REF-376002,04/28/2026,-18701.89,EUR,"Molina, Wells and Bright",Payout Execution,settled
BNK-200381,REF-372864,03/02/2026,-1387.82,usd,Hamilton-Bautista,Payout Execution,settled
BNK-200382,REF-276470,2026-04-19,-5113.25,EUR,"Smith, Guerra and Holmes",WIRE TRANSFER,settled
BNK-200383,REF-491704,2026-02-22,-673.41,gbp,Phillips-Wyatt,Payout Execution,settled
BNK-200384,REF-869989,04/06/2026,-16412.91,EUR,"MARTINEZ, JOSEPH AND SIMMONS",ACH DEBIT,settled
BNK-200385,REF-917357,2026-02-20,-2252.48,USD,Li-Montoya,Vendor Settlement,settled
BNK-200386,REF-690408,2026-02-06,-11149.92,EUR,Moore LLC,ACH DEBIT,settled
BNK-200387,REF-404824,2026-01-12,-23268.42,GBP,Simmons-Green,Vendor Settlement,settled
BNK-200388,REF-199074,02/23/2026,-12847.53,GBP,"Nguyen, Williams and Smith",ACH DEBIT,settled
BNK-200389,REF-715732,02/12/2026,-2105.18,GBP,Davis-Mitchell,WIRE TRANSFER,settled
BNK-200390,REF-222346,02/20/2026,-10859.13,USD,Dickson-Padilla,Vendor Settlement,settled
BNK-200391,REF-128117,2026-04-20,-20403.81,gbp,Wade PLC,WIRE TRANSFER,settled
BNK-200392,REF-571351,04/23/2026,-24097.58,eur,HOLMES AND SONS,Payout Execution,settled
BNK-200393,REF-848987,2026-01-30,-12165.37,GBP,"Salinas, Barnes and Cooper",Payout Execution,settled
BNK-200394,REF-460550,03/03/2026,-544.65,EUR,King-George,Payout Execution,settled
BNK-200395,ref824248,2026-02-08,-19904.42,USD,Ingram PLC,Payout Execution,settled
BNK-200396,ref968167,2026-01-31,-22025.63,eur,Mcdowell-Watts,Vendor Settlement,settled
BNK-200397,REF-892476,2026-04-18,-17667.46,EUR,FARRELL-WILLIS,ACH DEBIT,settled
BNK-200398,REF-204117,2026-04-04,-17711.38,GBP,Cooper PLC,ACH DEBIT,settled
BNK-200399,REF-760016,2026-02-18,-6668.74,gbp,Kirk-Henson,Payout Execution,settled
BNK-200400,REF-172961,05/01/2026,-3660.97,usd,"Drake, Torres and Murray",WIRE TRANSFER,settled
BNK-200401,REF-967176,01/03/2026,-18045.74,EUR,Hammond Ltd,Payout Execution,settled
BNK-200402,REF-860321,02/21/2026,-2129.92,GBP,Charles-Butler,Vendor Settlement,settled
BNK-200403,ref215806,03/08/2026,-6052.46,eur,Best Inc,ACH DEBIT,settled
BNK-200404,REF-758237,04/04/2026,-20139.55,GBP,Coffey-Howell,WIRE TRANSFER,settled
BNK-200405,REF-253672,01/15/2026,-20575.5,EUR,Allen-Taylor,Payout Execution,settled
BNK-200406,REF-537174,2026-04-04,-15920.62,EUR,Rogers Inc,ACH DEBIT,settled
BNK-200407,REF-226737,01/20/2026,-23044.39,USD,Costa and Sons,Payout Execution,settled
BNK-200408,ref875590,2026-04-16,-22229.2,USD,Jones-Taylor,Payout Execution,settled
BNK-200409,ref863220,01/21/2026,-19047.93,GBP,Howe and Sons,ACH DEBIT,settled
BNK-200410,REF-301774,2026-01-13,-14037.08,USD,Walters LLC,ACH DEBIT,settled
BNK-200411,REF-188759,2026-02-28,-6151.02,GBP,Gomez-Cardenas,ACH DEBIT,settled
BNK-200412,REF-193982,04/09/2026,-7151.66,USD,Howard LLC,Vendor Settlement,settled
BNK-200413,REF-633328,03/07/2026,-1320.66,USD,LANE-HINES,ACH DEBIT,settled
BNK-200414,REF-695848,2026-02-09,-6176.74,GBP,Kennedy-Marks,WIRE TRANSFER,settled
BNK-200415,ref275512,03/25/2026,-24028.83,GBP,Zimmerman and Sons,Vendor Settlement,settled
BNK-200416,REF-246433,04/19/2026,-7533.44,EUR,Phillips-Wyatt,Vendor Settlement,settled
BNK-200417,REF-825452,2026-05-03,-23975.87,EUR,"Johnson, Harrison and Thomas",Payout Execution,settled
BNK-200418,REF-730520,2026-04-17,-16814.34,eur,"Bell, Pollard and Berry",WIRE TRANSFER,settled
BNK-200419,REF-852677,04/14/2026,-4808.0,GBP,Wilson Ltd,WIRE TRANSFER,settled
BNK-200420,REF-303182,2026-03-14,-14238.33,eur,Dorsey Group,ACH DEBIT,settled
BNK-200421,REF-810656,2026-04-01,-4816.49,GBP,Hughes Inc,ACH DEBIT,settled
BNK-200422,ref856254,04/24/2026,-12401.98,gbp,Mckinney-Cooper,ACH DEBIT,settled
BNK-200423,ref756403,01/11/2026,-4942.0,EUR,Todd-Oconnor,Payout Execution,settled
BNK-200424,REF-200318,2026-04-10,-23590.1,GBP,Robinson and Sons,ACH DEBIT,settled
BNK-200425,REF-154738,03/14/2026,-1668.11,GBP,Nguyen-White,ACH DEBIT,settled
BNK-200426,REF-207677,2026-01-18,-11365.57,EUR,King-George,Payout Execution,settled
BNK-200427,REF-638051,2026-02-27,-1535.77,eur,Austin-Bonilla,Vendor Settlement,settled
BNK-200428,REF-311037,03/23/2026,-10565.98,USD,Walters PLC,Vendor Settlement,settled
BNK-200429,REF-341459,03/31/2026,-12410.87,USD,Orozco Ltd,Payout Execution,settled
BNK-200430,REF-303846,2026-02-28,-13878.45,USD,Zimmerman and Sons,Vendor Settlement,settled
BNK-200431,REF-810360,2026-04-17,-21075.96,USD,Holmes and Sons,Vendor Settlement,settled
BNK-200432,REF-658424,2026-01-26,-2984.37,USD,Mitchell-Jones,WIRE TRANSFER,settled
BNK-200433,REF-612743,2026-04-24,-21824.47,GBP,Austin-Bonilla,Vendor Settlement,settled
BNK-200434,REF-709418,2026-02-05,-17898.36,EUR,Davis PLC,WIRE TRANSFER,settled
BNK-200435,REF-188109,04/08/2026,-6381.87,USD,Thompson-Campbell,Payout Execution,settled
BNK-200436,REF-776703,2026-02-03,-642.34,EUR,Gray PLC,ACH DEBIT,settled
BNK-200437,REF-839919,01/27/2026,-6269.34,gbp,Vincent-Mcclure,Vendor Settlement,settled
BNK-200438,REF-885527,04/03/2026,-21640.02,USD,Hunt-Whitney,ACH DEBIT,settled
BNK-200439,REF-705561,01/18/2026,-21327.28,USD,Dudley Ltd,Payout Execution,settled
BNK-200440,REF-937965,03/24/2026,-24431.65,EUR,"George, Lewis and Mitchell",Payout Execution,settled
BNK-200441,REF-133616,01/29/2026,-2353.71,USD,Griffin Inc,ACH DEBIT,settled
BNK-200442,REF-538738,2026-03-11,-9792.85,usd,Allen and Sons,Payout Execution,settled
BNK-200443,REF-167077,02/28/2026,-6904.14,USD,"Dorsey, Patterson and Harrison",ACH DEBIT,settled
BNK-200444,REF-288301,2026-02-03,-9792.48,USD,KIRK-HENSON,ACH DEBIT,settled
BNK-200445,REF-617459,2026-04-28,-17458.65,GBP,Hunt PLC,Vendor Settlement,settled
BNK-200446,REF-460351,2026-02-20,-15980.7,GBP,Jacobs PLC,Payout Execution,settled
BNK-200447,REF-979226,01/22/2026,-3527.89,EUR,White-Wilson,ACH DEBIT,settled
BNK-200448,REF-794723,03/26/2026,-11065.4,usd,PENA INC,Payout Execution,settled
BNK-200449,REF-301485,2026-04-18,-10556.53,USD,"JOHNSON, PHILLIPS AND BROWN",ACH DEBIT,settled
BNK-200450,REF-211028,02/06/2026,-23474.61,USD,Ford Ltd,Vendor Settlement,settled
BNK-200451,REF-991777,04/14/2026,-24577.98,USD,Wilson Group,WIRE TRANSFER,settled
BNK-200452,REF-500945,2026-03-01,-1711.15,USD,Austin-Bonilla,ACH DEBIT,settled
BNK-200453,REF-259038,02/04/2026,-3460.45,EUR,"Thompson, Cooper and Young",Vendor Settlement,settled
BNK-200454,REF-354016,2026-02-13,-18770.01,USD,"Davis, Kim and Ingram",WIRE TRANSFER,settled
BNK-200455,REF-248407,2026-03-23,-1772.87,USD,FLYNN-MATTHEWS,Payout Execution,settled
BNK-200456,REF-311184,03/24/2026,-7594.94,GBP,Howe and Sons,Payout Execution,settled
BNK-200457,REF-187275,04/21/2026,-519.78,EUR,Gardner-Hayes,Vendor Settlement,settled
BNK-200458,REF-625021,01/04/2026,-4913.0,USD,Dickson-Padilla,Payout Execution,settled
BNK-200459,REF-900011,01/26/2026,-9636.03,GBP,Li-Montoya,Vendor Settlement,settled
BNK-200460,REF-798011,2026-04-02,-23038.68,EUR,Peters-Ward,WIRE TRANSFER,settled
BNK-200461,REF-970055,01/23/2026,-12975.46,USD,Best Inc,ACH DEBIT,settled
BNK-200462,REF-423066,03/31/2026,-18724.56,GBP,Fitzpatrick-Henderson,Payout Execution,settled
BNK-200463,REF-953929,2026-03-18,-12577.78,USD,"Shaw, Baker and Scott",Payout Execution,settled
BNK-200464,REF-131107,2026-02-15,-9458.77,eur,Cooper Ltd,ACH DEBIT,settled
BNK-200465,REF-550314,2026-03-20,-23304.91,EUR,"Johnson, Phillips and Brown",Payout Execution,settled
BNK-200466,REF-228864,03/21/2026,-18137.37,USD,Thornton and Sons,Payout Execution,settled
BNK-200467,REF-565888,2026-03-28,-21839.03,GBP,"Martinez, Joseph and Simmons",Payout Execution,settled
BNK-200468,REF-805756,2026-04-19,-3218.34,USD,Church Inc,WIRE TRANSFER,settled
BNK-200469,REF-393976,2026-04-09,-4026.88,EUR,Arnold-Beck,Payout Execution,settled
BNK-200470,REF-773292,03/27/2026,-16108.56,eur,"RODRIGUEZ, EVANS AND PATTERSON",ACH DEBIT,settled
BNK-200471,ref101760,04/06/2026,-21336.92,EUR,Young-Hudson,WIRE TRANSFER,settled
BNK-200472,REF-813011,2026-03-06,-7915.26,EUR,Jones Group,ACH DEBIT,settled
BNK-200473,REF-949566,2026-01-09,-12388.26,GBP,"BELL, POLLARD AND BERRY",WIRE TRANSFER,settled
BNK-200474,REF-894520,2026-02-15,-8451.82,GBP,Davis PLC,ACH DEBIT,settled
BNK-200475,REF-563348,2026-01-20,-11451.87,USD,YOUNG-HUDSON,ACH DEBIT,settled
BNK-200476,REF-155021,2026-05-01,-8905.71,EUR,Dickson Inc,ACH DEBIT,settled
BNK-200477,REF-586197,2026-04-12,-19401.85,gbp,"BEST, SIMON AND TURNER",Payout Execution,settled
BNK-200478,REF-775908,2026-03-05,-19863.73,USD,Arnold-Beck,WIRE TRANSFER,settled
BNK-200479,REF-728204,2026-01-26,-18843.87,usd,Peterson LLC,WIRE TRANSFER,settled
BNK-200480,ref543601,01/24/2026,-12666.05,EUR,"Rice, Wallace and Castillo",Payout Execution,settled
BNK-200481,REF-138518,2026-01-31,-17206.06,GBP,Mckinney-Cooper,Vendor Settlement,settled
BNK-200482,REF-187298,2026-03-01,-9560.01,usd,Smith-Gaines,WIRE TRANSFER,settled
BNK-200483,ref732928,01/04/2026,-7926.1,eur,Wagner Ltd,Vendor Settlement,settled
BNK-200484,REF-920755,01/14/2026,-9444.47,usd,"Lewis, Joyce and Robertson",Vendor Settlement,settled
BNK-200485,REF-723501,2026-03-13,-4537.3,GBP,"Bryant, Harrison and Carter",Vendor Settlement,settled
BNK-200486,REF-560282,01/25/2026,-16963.43,EUR,Farrell-Willis,WIRE TRANSFER,settled
BNK-200487,REF-865411,01/10/2026,-21135.01,GBP,Rose-Gonzales,ACH DEBIT,settled
BNK-200488,ref971783,04/29/2026,-10151.65,GBP,Mitchell-Jones,ACH DEBIT,settled
BNK-200489,REF-543256,2026-01-08,-20989.24,GBP,"Howell, Hart and Swanson",ACH DEBIT,settled
BNK-200490,REF-137150,2026-04-17,-5456.14,EUR,Hickman-Walter,Vendor Settlement,settled
BNK-200491,REF-654797,2026-01-13,-2555.91,EUR,Mullins-Cabrera,WIRE TRANSFER,settled
BNK-200492,REF-246668,2026-01-30,-2739.66,EUR,Robinson and Sons,Payout Execution,settled
BNK-200493,REF-938672,03/07/2026,-2991.84,EUR,"Walker, Garcia and Mcguire",Payout Execution,settled
BNK-200494,REF-811259,01/08/2026,-12512.52,GBP,Lane-Hines,WIRE TRANSFER,settled
BNK-200495,REF-596912,2026-01-28,-24856.57,USD,Fitzgerald-Watson,WIRE TRANSFER,settled
BNK-200496,REF-153430,2026-01-13,-10671.92,GBP,Walters PLC,ACH DEBIT,settled
BNK-200497,REF-435377,2026-02-09,-23576.39,GBP,Gonzalez Inc,ACH DEBIT,settled
BNK-200498,REF-236637,04/10/2026,-2444.76,USD,Mccoy Ltd,Payout Execution,settled
BNK-200499,REF-673129,2026-01-12,-4843.36,EUR,"Evans, Conway and Hall",WIRE TRANSFER,settled
BNK-200500,REF-606274,2026-01-10,-15755.87,USD,"Moss, Atkins and Daniels",WIRE TRANSFER,settled
BNK-200501,REF-273558,01/11/2026,-12388.27,GBP,Fitzgerald PLC,ACH DEBIT,settled
BNK-200502,REF-418148,2026-02-03,-12607.85,gbp,Simmons-Green,ACH DEBIT,settled
BNK-200503,REF-221828,03/10/2026,-16069.27,usd,Kirk-Morales,Vendor Settlement,settled
BNK-200504,REF-368422,2026-01-23,-20602.7,USD,Robbins LLC,Vendor Settlement,settled
BNK-200505,ref255539,2026-02-18,-3912.15,USD,Perez-Neal,WIRE TRANSFER,settled
BNK-200506,REF-577127,2026-02-03,-1759.62,USD,Gardner-Hayes,ACH DEBIT,settled
BNK-200507,REF-109852,2026-04-12,-6709.72,GBP,Green Ltd,Payout Execution,settled
BNK-200508,REF-146688,04/16/2026,-15696.46,usd,Holmes and Sons,ACH DEBIT,settled
BNK-200509,REF-277795,2026-03-04,-17176.99,GBP,Reynolds-Harris,ACH DEBIT,settled
BNK-200510,REF-957276,03/22/2026,-3776.75,GBP,Church Inc,ACH DEBIT,settled
BNK-200511,REF-705912,2026-01-16,-11181.22,EUR,Smith and Sons,Vendor Settlement,settled
BNK-200512,REF-538996,2026-02-21,-3477.08,GBP,Brown and Sons,Payout Execution,settled
BNK-200513,REF-685498,02/17/2026,-9058.69,USD,"Johnson, Harrison and Thomas",WIRE TRANSFER,settled
BNK-200514,REF-838158,2026-04-06,-1420.25,USD,PETERSON LLC,WIRE TRANSFER,settled
BNK-200515,REF-246918,04/08/2026,-3764.19,USD,Allen Ltd,ACH DEBIT,settled
BNK-200516,REF-544198,04/19/2026,-12594.8,USD,Spears-Beck,WIRE TRANSFER,settled
BNK-200517,REF-511346,2026-01-29,-18584.79,EUR,Nguyen-White,Vendor Settlement,settled
BNK-200518,ref732490,2026-02-17,-6766.24,USD,"HERNANDEZ, GREER AND JACKSON",Vendor Settlement,settled
BNK-200519,ref928611,2026-03-15,-24417.16,GBP,Mckinney-Cooper,Payout Execution,settled
BNK-200520,ref626570,2026-01-13,-8299.67,GBP,"Ward, Garcia and Henry",Payout Execution,settled
BNK-200521,REF-864118,2026-03-10,-19226.42,USD,Colon Group,Payout Execution,settled
BNK-200522,REF-943816,2026-01-13,-23951.44,GBP,Arroyo-Pope,WIRE TRANSFER,settled
BNK-200523,REF-368463,03/03/2026,-4500.18,eur,"Matthews, Howard and Brown",Payout Execution,settled
BNK-200524,REF-571955,2026-03-07,-9357.71,GBP,"Howard, Russo and Smith",ACH DEBIT,settled
BNK-200525,REF-588508,2026-02-15,-5595.71,EUR,Leach-Walker,Payout Execution,settled
BNK-200526,ref391897,2026-01-16,-5335.56,GBP,MOORE LLC,Payout Execution,settled
BNK-200527,REF-364315,2026-02-06,-1375.59,USD,Best Inc,Payout Execution,settled
BNK-200528,REF-411327,2026-04-07,-22376.54,EUR,"Curtis, Turner and Soto",Payout Execution,settled
BNK-200529,REF-257817,01/03/2026,-8110.22,GBP,Washington-West,Payout Execution,settled
BNK-200530,REF-495896,2026-03-18,-10518.9,GBP,Schneider Ltd,Vendor Settlement,settled
BNK-200531,REF-668817,2026-04-18,-10365.99,EUR,"Howell, Hart and Swanson",WIRE TRANSFER,settled
BNK-200532,REF-117224,2026-03-27,-24884.2,USD,"Best, Simon and Turner",ACH DEBIT,settled
BNK-200533,REF-932308,02/15/2026,-4909.12,eur,"Pineda, Travis and Jones",WIRE TRANSFER,settled
BNK-200534,REF-116284,01/05/2026,-16840.69,USD,Kirk-Henson,Payout Execution,settled
BNK-200535,REF-282155,2026-04-05,-3243.54,GBP,"Collins, Gardner and Shaw",ACH DEBIT,settled
BNK-200536,ref126885,2026-01-13,-23718.79,USD,LEACH-WALKER,WIRE TRANSFER,settled
BNK-200537,REF-917919,2026-04-04,-7440.64,GBP,Brown and Sons,ACH DEBIT,settled
BNK-200538,REF-985652,2026-03-06,-22367.75,USD,"Hernandez, Greer and Jackson",ACH DEBIT,settled
BNK-200539,REF-287356,01/04/2026,-20218.48,USD,Davis-Mitchell,ACH DEBIT,settled
BNK-200540,REF-259746,04/08/2026,-13410.46,gbp,FITZGERALD PLC,WIRE TRANSFER,settled
BNK-200541,REF-519369,03/07/2026,-11689.42,EUR,"Moss, Atkins and Daniels",Vendor Settlement,settled
BNK-200542,ref434232,04/17/2026,-10607.84,GBP,Jackson LLC,ACH DEBIT,settled
BNK-200543,ref517654,2026-02-15,-15106.96,GBP,WILSON AND SONS,Vendor Settlement,settled
BNK-200544,REF-933868,2026-03-15,-17927.15,USD,Cox-Hickman,Vendor Settlement,settled
BNK-200545,REF-149064,03/06/2026,-4973.81,USD,Skinner Ltd,ACH DEBIT,settled
BNK-200546,ref659380,2026-04-27,-3298.17,EUR,Hamilton-Bautista,Vendor Settlement,settled
BNK-200547,REF-830288,02/09/2026,-12358.12,USD,"Garner, Lawson and Richard",WIRE TRANSFER,settled
BNK-200548,REF-951739,2026-04-04,-5677.86,USD,Mitchell-Jones,ACH DEBIT,settled
BNK-200549,REF-583072,03/16/2026,-6766.05,USD,Elliott-Wallace,WIRE TRANSFER,settled
BNK-200550,REF-186816,2026-04-03,-5665.12,EUR,"THOMPSON, COOPER AND YOUNG",Payout Execution,settled
BNK-200551,REF-719208,04/17/2026,-12203.95,EUR,Ingram PLC,ACH DEBIT,settled
BNK-200552,REF-543646,2026-02-05,-19506.03,usd,"Adams, Rodriguez and Walker",ACH DEBIT,settled
BNK-200553,REF-471643,01/12/2026,-8815.12,usd,"Walker, Garcia and Mcguire",ACH DEBIT,settled
BNK-200554,REF-736955,2026-03-10,-10082.26,GBP,JONES-GRAHAM,ACH DEBIT,settled
BNK-200555,REF-964098,04/06/2026,-9812.9,USD,Jones Group,Vendor Settlement,settled
BNK-200556,REF-296444,01/23/2026,-4276.56,gbp,"Adams, Rodriguez and Walker",ACH DEBIT,settled
BNK-200557,REF-147371,2026-01-15,-12220.48,USD,Bowers Ltd,ACH DEBIT,settled
BNK-200558,REF-114219,03/01/2026,-16593.63,eur,"Snow, Rodgers and Miller",ACH DEBIT,settled
BNK-200559,ref316329,2026-02-18,-6128.09,GBP,"Fleming, King and Herring",Payout Execution,settled
BNK-200560,REF-143096,01/27/2026,-14738.97,EUR,Newman-Thomas,Vendor Settlement,settled
BNK-200561,REF-270505,04/02/2026,-13091.6,EUR,Gardner Inc,Payout Execution,settled
BNK-200562,REF-906234,2026-03-29,-8771.7,EUR,"Ward, Garcia and Henry",Vendor Settlement,settled
BNK-200563,REF-416693,04/30/2026,-10578.52,USD,"Hansen, Herrera and Taylor",WIRE TRANSFER,settled
BNK-200564,REF-292279,03/12/2026,-14177.46,GBP,Jacobs PLC,Vendor Settlement,settled
BNK-200565,REF-247414,04/09/2026,-23938.36,eur,"Best, Simon and Turner",Vendor Settlement,settled
BNK-200566,ref156986,04/18/2026,-20191.84,GBP,Jones-Turner,Payout Execution,settled
BNK-200567,REF-808502,2026-01-31,-14062.18,EUR,Ramsey-Caldwell,WIRE TRANSFER,settled
BNK-200568,REF-630374,04/18/2026,-5127.23,EUR,"Murphy, Jordan and Whitney",Vendor Settlement,settled
BNK-200569,REF-636362,01/24/2026,-4640.58,GBP,Esparza-Carroll,Payout Execution,settled
BNK-200570,ref691616,01/17/2026,-3725.46,eur,Farrell-Willis,WIRE TRANSFER,settled
BNK-200571,REF-840530,02/24/2026,-12528.44,GBP,Kirk-Morales,WIRE TRANSFER,settled
BNK-200572,REF-842916,03/17/2026,-9428.66,EUR,"Smith, Guerra and Holmes",Payout Execution,settled
BNK-200573,REF-896822,2026-02-11,-12498.36,gbp,Moore LLC,Payout Execution,settled
BNK-200574,ref282522,2026-04-30,-11052.17,EUR,"Savage, Garcia and Robinson",Vendor Settlement,settled
BNK-200575,REF-134853,2026-01-27,-15737.16,GBP,Li-Martinez,Payout Execution,settled
BNK-200576,REF-170416,2026-04-14,-15471.51,gbp,Elliott-Wallace,ACH DEBIT,settled
BNK-200577,REF-475290,2026-04-01,-23058.78,EUR,"Collins, Gardner and Shaw",Vendor Settlement,settled
BNK-200578,REF-373553,02/23/2026,-16339.47,USD,"Taylor, Zavala and Bates",ACH DEBIT,settled
BNK-200579,REF-678211,2026-04-25,-23748.98,GBP,Cochran Inc,Vendor Settlement,settled
BNK-200580,REF-605595,03/12/2026,-17056.48,GBP,Li-Jones,ACH DEBIT,settled
BNK-200581,REF-889125,2026-04-08,-14725.71,usd,"Howard, Russo and Smith",WIRE TRANSFER,settled
BNK-200582,REF-180534,03/26/2026,-15162.94,EUR,Phillips-Wyatt,Payout Execution,settled
BNK-200583,ref667719,04/02/2026,-13182.93,EUR,Mccoy Ltd,WIRE TRANSFER,settled
BNK-200584,REF-901313,03/29/2026,-920.8,USD,Rhodes Ltd,ACH DEBIT,settled
BNK-200585,REF-293385,2026-02-25,-11114.37,USD,"Peterson, Hood and Arroyo",Vendor Settlement,settled
BNK-200586,REF-214515,04/16/2026,-21646.91,GBP,Welch-Peck,Vendor Settlement,settled
BNK-200587,REF-362073,01/13/2026,-7035.5,GBP,Vincent-Mcclure,ACH DEBIT,settled
BNK-200588,REF-138801,2026-03-02,-11581.54,EUR,"GARZA, BARKER AND MADDOX",Vendor Settlement,settled
BNK-200589,ref747966,01/21/2026,-3202.37,GBP,BRYANT LLC,WIRE TRANSFER,settled
BNK-200590,REF-214466,2026-02-14,-13522.52,USD,Rodriguez LLC,Payout Execution,settled
BNK-200591,ref408347,2026-03-04,-8391.27,EUR,DUDLEY LTD,WIRE TRANSFER,settled
BNK-200592,ref899656,02/24/2026,-20772.4,USD,Schneider Ltd,ACH DEBIT,settled
BNK-200593,REF-904932,2026-04-14,-22778.96,EUR,Jenkins-Henderson,Payout Execution,settled
BNK-200594,REF-696998,2026-01-30,-15140.33,EUR,Gonzalez Inc,Vendor Settlement,settled
BNK-200595,REF-226656,2026-01-23,-22499.31,eur,"ROBINSON, BAUER AND BROWN",Payout Execution,settled
BNK-200596,REF-830782,02/23/2026,-22608.9,EUR,"Hernandez, Wade and Rodriguez",ACH DEBIT,settled
BNK-200597,REF-600281,2026-04-09,-18523.92,EUR,ZIMMERMAN AND SONS,Vendor Settlement,settled
BNK-200598,REF-691534,01/09/2026,-5825.78,EUR,"Wilson, Robertson and Gonzalez",WIRE TRANSFER,settled
BNK-200599,REF-464218,2026-01-14,-14389.07,GBP,Davis PLC,Vendor Settlement,settled
BNK-200600,ref937803,03/10/2026,-708.09,USD,Stone and Sons,Payout Execution,settled
BNK-200601,ref867173,2026-02-07,-12344.06,USD,Elliott-Wallace,Vendor Settlement,settled
BNK-200602,REF-839354,2026-01-15,-22309.51,USD,"Gray, Williams and Weaver",WIRE TRANSFER,settled
BNK-200603,REF-620855,2026-04-05,-11766.13,eur,"RUSSELL, SCOTT AND RAMSEY",WIRE TRANSFER,settled
BNK-200604,REF-288811,03/27/2026,-15951.92,EUR,Wilson and Sons,Vendor Settlement,settled
BNK-200605,REF-284753,01/16/2026,-8151.79,GBP,"Nguyen, Williams and Smith",Payout Execution,settled
BNK-200606,REF-909289,03/14/2026,-22248.02,EUR,Roach and Sons,ACH DEBIT,settled
BNK-200607,ref917419,2026-01-29,-5552.22,USD,WILSON GROUP,ACH DEBIT,settled
BNK-200608,REF-661483,2026-02-16,-16381.92,GBP,Kirk-Morales,Vendor Settlement,settled
BNK-200609,ref517267,2026-03-07,-21140.9,gbp,"Nelson, Bowers and Cooper",Payout Execution,settled
BNK-200610,REF-115457,01/05/2026,-1870.41,GBP,Kirk-Henson,Vendor Settlement,settled
BNK-200611,REF-494873,03/03/2026,-2514.49,GBP,Young-Hudson,WIRE TRANSFER,settled
BNK-200612,REF-908667,02/20/2026,-11320.45,GBP,"Murphy, Jordan and Whitney",ACH DEBIT,settled
BNK-200613,REF-858154,03/16/2026,-3554.73,GBP,Davis PLC,ACH DEBIT,settled
BNK-200614,REF-428221,2026-03-07,-18882.07,EUR,Prince-Martinez,ACH DEBIT,settled
BNK-200615,REF-544787,04/25/2026,-21746.99,USD,"Bates, Diaz and Lowe",Payout Execution,settled
BNK-200616,REF-648668,02/09/2026,-14106.16,USD,Roberts LLC,Vendor Settlement,settled
BNK-200617,REF-426988,01/03/2026,-4501.16,eur,Smith and Sons,WIRE TRANSFER,settled
BNK-200618,REF-546867,04/18/2026,-23198.79,EUR,"Rodriguez, Sutton and Santiago",WIRE TRANSFER,settled
BNK-200619,REF-776153,03/18/2026,-14102.4,USD,Pena Inc,Payout Execution,settled
BNK-200620,REF-181566,02/11/2026,-3604.75,EUR,Joseph Group,ACH DEBIT,settled
BNK-200621,REF-181998,03/11/2026,-7811.25,GBP,Washington-West,Payout Execution,settled
BNK-200622,REF-483450,2026-04-22,-16311.0,USD,"Murphy, Jordan and Whitney",ACH DEBIT,settled
BNK-200623,REF-113625,03/08/2026,-2375.36,eur,Kim Group,Vendor Settlement,settled
BNK-200624,REF-282212,2026-03-05,-24930.86,gbp,ALLEN-TAYLOR,WIRE TRANSFER,settled
BNK-200625,REF-202210,2026-02-12,-1424.8,GBP,Roach and Sons,Vendor Settlement,settled
BNK-200626,REF-302312,2026-01-11,-10424.06,GBP,Roach and Sons,Payout Execution,settled
BNK-200627,REF-830115,2026-04-18,-2964.92,EUR,"GEORGE, LEWIS AND MITCHELL",Vendor Settlement,settled
BNK-200628,REF-977981,2026-02-11,-2054.84,GBP,Zimmerman Group,Vendor Settlement,settled
BNK-200629,REF-371952,02/09/2026,-6838.17,USD,"Curry, Wolfe and Ramirez",Payout Execution,settled
BNK-200630,REF-950299,03/26/2026,-24844.05,eur,Pierce Inc,Vendor Settlement,settled
BNK-200631,REF-691155,2026-02-18,-11893.37,EUR,"Fox, Hernandez and Ryan",ACH DEBIT,settled
BNK-200632,REF-888576,01/24/2026,-7674.23,EUR,Prince-Martinez,WIRE TRANSFER,settled
BNK-200633,REF-541435,2026-01-15,-1027.22,USD,"Owens, Peters and White",Vendor Settlement,settled
BNK-200634,REF-931377,2026-02-09,-19719.52,USD,Anderson LLC,WIRE TRANSFER,settled
BNK-200635,REF-600531,2026-01-01,-3874.59,GBP,Dudley Ltd,Payout Execution,settled
BNK-200636,REF-807526,04/17/2026,-10012.09,EUR,"Molina, Wells and Bright",ACH DEBIT,settled
BNK-200637,REF-181023,2026-04-30,-12548.87,USD,Fitzpatrick-Henderson,Payout Execution,settled
BNK-200638,REF-211600,04/18/2026,-4508.46,EUR,"DRAKE, TORRES AND MURRAY",Vendor Settlement,settled
BNK-200639,REF-371213,02/26/2026,-10575.87,USD,Wilson Ltd,Vendor Settlement,settled
BNK-200640,REF-453491,01/03/2026,-21761.1,USD,Schneider Ltd,ACH DEBIT,settled
BNK-200641,REF-958961,2026-04-09,-6326.86,EUR,"Thompson, Cooper and Young",ACH DEBIT,settled
BNK-200642,REF-617420,2026-03-24,-13386.26,USD,"Brown, Middleton and Williams",Payout Execution,settled
BNK-200643,REF-767671,02/15/2026,-9563.28,GBP,Rose-Gonzales,ACH DEBIT,settled
BNK-200644,REF-595890,2026-03-15,-17364.07,USD,Dudley Ltd,Payout Execution,settled
BNK-200645,REF-728180,2026-03-03,-16438.9,EUR,Matthews PLC,Payout Execution,settled
BNK-200646,REF-565969,2026-04-16,-8590.19,EUR,Pierce Inc,ACH DEBIT,settled
BNK-200647,REF-590083,03/28/2026,-7618.22,EUR,"Hernandez, Hill and Hull",Vendor Settlement,settled
BNK-200648,REF-698469,01/16/2026,-2447.07,USD,Brown LLC,WIRE TRANSFER,settled
BNK-200649,REF-523589,2026-01-30,-12570.06,GBP,"Ball, Henderson and Caldwell",Vendor Settlement,settled
BNK-200650,REF-530224,2026-02-23,-9599.25,GBP,Gonzalez Inc,ACH DEBIT,settled
BNK-200651,REF-636174,2026-03-12,-592.42,GBP,"Collins, Gardner and Shaw",WIRE TRANSFER,settled
BNK-200652,REF-935456,01/31/2026,-11493.34,GBP,Crawford Ltd,WIRE TRANSFER,settled
BNK-200653,REF-921079,2026-01-11,-21679.89,EUR,Pennington PLC,ACH DEBIT,settled
BNK-200654,REF-988217,2026-01-20,-10729.0,USD,Hawkins-Saunders,WIRE TRANSFER,settled
BNK-200655,REF-356616,04/08/2026,-11469.59,GBP,Randolph and Sons,ACH DEBIT,settled
BNK-200656,REF-764686,2026-03-15,-17852.23,eur,Mcdowell-Watts,Payout Execution,settled
BNK-200657,REF-633296,2026-04-05,-14616.26,EUR,"Snow, Rodgers and Miller",Vendor Settlement,settled
BNK-200658,REF-167898,2026-03-28,-4405.3,EUR,"Robinson, Bauer and Brown",Payout Execution,settled
BNK-200659,REF-632064,2026-02-12,-16614.5,EUR,"EVANS, CONWAY AND HALL",WIRE TRANSFER,settled
BNK-200660,REF-390955,2026-03-12,-4456.33,GBP,MATTHEWS PLC,WIRE TRANSFER,settled
BNK-200661,REF-601532,2026-01-26,-7988.49,GBP,Gonzalez-Pennington,ACH DEBIT,settled
BNK-200662,REF-363976,01/02/2026,-14733.72,GBP,Reed PLC,Vendor Settlement,settled
BNK-200663,REF-106833,2026-03-05,-15657.4,usd,Jones-Taylor,Vendor Settlement,settled
BNK-200664,REF-420218,2026-03-07,-19077.24,USD,Ibarra-Clark,WIRE TRANSFER,settled
BNK-200665,REF-724143,03/26/2026,-8158.89,GBP,Davis PLC,Vendor Settlement,settled
BNK-200666,REF-523709,04/08/2026,-14093.08,EUR,DICKSON-PADILLA,WIRE TRANSFER,settled
BNK-200667,REF-874915,03/13/2026,-19778.23,eur,Gardner Inc,Vendor Settlement,settled
BNK-200668,REF-393750,02/06/2026,-17202.83,GBP,"Salinas, Barnes and Cooper",Vendor Settlement,settled
BNK-200669,ref309709,03/17/2026,-20612.16,USD,Mcclain-Jensen,ACH DEBIT,settled
BNK-200670,REF-436873,01/25/2026,-22629.96,EUR,Wright Group,ACH DEBIT,settled
BNK-200671,REF-116988,02/26/2026,-20796.07,USD,Fitzgerald PLC,Vendor Settlement,settled
BNK-200672,REF-176633,2026-04-09,-14358.78,EUR,MITCHELL-JONES,Vendor Settlement,settled
BNK-200673,REF-108952,01/03/2026,-14379.08,USD,"Collins, Gardner and Shaw",WIRE TRANSFER,settled
BNK-200674,REF-659333,2026-01-10,-5173.45,USD,Cobb Group,WIRE TRANSFER,settled
BNK-200675,REF-560996,2026-04-23,-19314.32,USD,Elliott-Wallace,Payout Execution,settled
BNK-200676,REF-270795,01/16/2026,-12679.92,GBP,"Drake, Torres and Murray",ACH DEBIT,settled
BNK-200677,REF-204926,04/21/2026,-206.21,EUR,Smith-Gaines,Payout Execution,settled
BNK-200678,REF-263324,2026-03-08,-4454.53,USD,"Hernandez, Wade and Rodriguez",Vendor Settlement,settled
BNK-200679,ref214705,02/16/2026,-18555.62,GBP,"Smith, Guerra and Holmes",Vendor Settlement,settled
BNK-200680,REF-899541,02/20/2026,-22841.58,USD,STONE AND SONS,ACH DEBIT,settled
BNK-200681,REF-599377,02/10/2026,-3381.77,GBP,Joseph Group,ACH DEBIT,settled
BNK-200682,ref186181,2026-03-28,-20141.05,USD,Hernandez-Diaz,Vendor Settlement,settled
BNK-200683,REF-872182,2026-03-16,-8215.4,EUR,"BROWN, MIDDLETON AND WILLIAMS",ACH DEBIT,settled
BNK-200684,REF-325272,02/28/2026,-4714.01,GBP,Mccoy-Mccarthy,Vendor Settlement,settled
BNK-200685,REF-997805,03/28/2026,-19305.89,EUR,Li-Martinez,WIRE TRANSFER,settled
BNK-200686,REF-557351,2026-03-01,-3179.32,EUR,Ibarra-Clark,WIRE TRANSFER,settled
BNK-200687,ref656334,2026-04-23,-13151.23,USD,Randall-Kerr,WIRE TRANSFER,settled
BNK-200688,REF-410899,02/22/2026,-21460.92,EUR,"Luna, Morris and Gill",Vendor Settlement,settled
BNK-200689,REF-604293,2026-01-19,-1504.08,EUR,"Cox, Fernandez and Baker",Payout Execution,settled
BNK-200690,REF-875584,04/05/2026,-3532.5,EUR,"PINEDA, TRAVIS AND JONES",ACH DEBIT,settled
BNK-200691,REF-739668,04/07/2026,-7488.08,USD,Morris Inc,ACH DEBIT,settled
BNK-200692,REF-405247,04/08/2026,-21909.15,GBP,"Salinas, Barnes and Cooper",Payout Execution,settled
BNK-200693,REF-540030,2026-02-14,-22620.67,GBP,Jones-Fuentes,Payout Execution,settled
BNK-200694,REF-644176,2026-03-21,-14027.75,GBP,"Bell, Pollard and Berry",WIRE TRANSFER,settled
BNK-200695,REF-648159,03/15/2026,-8698.93,EUR,JONES-TURNER,WIRE TRANSFER,settled
BNK-200696,REF-816189,2026-04-16,-18233.21,EUR,Robinson Group,Vendor Settlement,settled
BNK-200697,REF-193186,2026-04-21,-19529.68,USD,Cooper PLC,ACH DEBIT,settled
BNK-200698,REF-453371,02/15/2026,-6635.39,gbp,Lee-Taylor,Vendor Settlement,settled
BNK-200699,REF-376163,04/20/2026,-4985.52,usd,Mccoy-Mccarthy,Vendor Settlement,settled
BNK-200700,REF-335372,2026-03-07,-16696.35,eur,Thornton and Sons,ACH DEBIT,settled
BNK-200701,REF-935502,2026-04-02,-15690.7,EUR,"Hansen, Herrera and Taylor",WIRE TRANSFER,settled
BNK-200702,REF-428712,2026-03-10,-2438.12,GBP,Moore LLC,ACH DEBIT,settled
BNK-200703,REF-160341,03/26/2026,-577.33,eur,Walters LLC,Vendor Settlement,settled
BNK-200704,REF-807440,04/01/2026,-16553.48,eur,Murray Group,Vendor Settlement,settled
BNK-200705,REF-269038,2026-04-06,-15355.92,GBP,"HOWARD, RUSSO AND SMITH",Payout Execution,settled
BNK-200706,REF-988422,01/19/2026,-20127.73,EUR,Davis PLC,WIRE TRANSFER,settled
BNK-200707,REF-162019,2026-03-15,-13108.59,usd,Roach and Sons,ACH DEBIT,settled
BNK-200708,REF-816367,2026-01-13,-4565.12,USD,Hammond Ltd,Payout Execution,settled
BNK-200709,REF-289180,2026-03-31,-23377.44,USD,Mitchell-Byrd,Payout Execution,settled
BNK-200710,REF-523923,2026-04-12,-3556.0,EUR,WADE PLC,Vendor Settlement,settled
BNK-200711,REF-307661,2026-04-09,-7081.97,USD,Howe and Sons,Vendor Settlement,settled
BNK-200712,REF-422038,01/14/2026,-13200.56,USD,Wade PLC,ACH DEBIT,settled
BNK-200713,REF-488837,2026-03-09,-18470.04,GBP,Dickson Inc,ACH DEBIT,settled
BNK-200714,REF-404550,04/29/2026,-5170.6,GBP,"Miller, Anderson and Padilla",WIRE TRANSFER,settled
BNK-200715,REF-698254,03/31/2026,-15553.55,EUR,BEST INC,Payout Execution,settled
BNK-200716,REF-904390,2026-04-01,-15672.76,eur,Allen Group,Payout Execution,settled
BNK-200717,ref697801,2026-04-21,-7138.05,EUR,"Rodriguez, Sutton and Santiago",Payout Execution,settled
BNK-200718,REF-899582,01/13/2026,-5735.41,EUR,"Short, Moore and Douglas",ACH DEBIT,settled
BNK-200719,REF-362985,04/21/2026,-14230.81,USD,"Wilson, Robertson and Gonzalez",ACH DEBIT,settled
BNK-200720,REF-683902,2026-02-06,-1757.84,USD,"Waller, Bass and Mitchell",WIRE TRANSFER,settled
BNK-200721,ref506351,2026-04-17,-9545.8,gbp,Welch-Peck,Payout Execution,settled
BNK-200722,REF-767625,02/15/2026,-17079.96,GBP,Davis Group,WIRE TRANSFER,settled
BNK-200723,REF-530305,2026-03-02,-20141.13,USD,Allen Group,Payout Execution,settled
BNK-200724,REF-518259,2026-03-27,-11601.34,EUR,"Martinez, Joseph and Simmons",Vendor Settlement,settled
BNK-200725,REF-669197,01/16/2026,-5357.5,usd,Allen Ltd,WIRE TRANSFER,settled
BNK-200726,REF-882208,2026-02-06,-9664.62,GBP,Anderson-Parks,WIRE TRANSFER,settled
BNK-200727,REF-994016,2026-02-12,-2166.61,USD,Johnson Inc,ACH DEBIT,settled
BNK-200728,REF-259401,2026-01-21,-7261.28,USD,Roberts Group,Vendor Settlement,settled
BNK-200729,REF-497798,03/11/2026,-18897.95,USD,"Rodriguez, Evans and Patterson",WIRE TRANSFER,settled
BNK-200730,REF-754344,2026-01-19,-22165.11,USD,"Curry, Wolfe and Ramirez",ACH DEBIT,settled
BNK-200731,REF-638362,2026-01-26,-24792.76,eur,Kim Group,Vendor Settlement,settled
BNK-200732,ref236996,2026-01-07,-16493.78,EUR,Mccoy Ltd,ACH DEBIT,settled
BNK-200733,REF-302273,2026-03-13,-3330.19,EUR,"Hansen, Herrera and Taylor",ACH DEBIT,settled
BNK-200734,REF-348455,04/16/2026,-9350.37,USD,"Roberts, Frazier and Smith",WIRE TRANSFER,settled
BNK-200735,REF-196158,2026-02-03,-17611.09,USD,Cochran Inc,WIRE TRANSFER,settled
BNK-200736,ref293910,2026-02-28,-11743.53,GBP,Roach and Sons,WIRE TRANSFER,settled
BNK-200737,REF-532308,03/20/2026,-4081.53,GBP,"Thompson, Cooper and Young",Vendor Settlement,settled
BNK-200738,REF-901566,03/30/2026,-15505.64,EUR,Rose-Gonzales,Vendor Settlement,settled
BNK-200739,REF-672435,02/12/2026,-9276.83,EUR,Rogers Inc,Payout Execution,settled
BNK-200740,REF-432108,2026-04-12,-10504.44,USD,"Cox, Fernandez and Baker",WIRE TRANSFER,settled
BNK-200741,REF-621480,01/04/2026,-3768.75,EUR,Mullins-Cabrera,Payout Execution,settled
BNK-200742,REF-840319,02/12/2026,-8850.4,USD,Smith and Sons,ACH DEBIT,settled
BNK-200743,REF-395590,03/10/2026,-15300.38,GBP,Allen and Sons,ACH DEBIT,settled
BNK-200744,REF-457309,03/15/2026,-15855.94,EUR,Robbins LLC,WIRE TRANSFER,settled
BNK-200745,REF-255561,04/09/2026,-12786.24,usd,Arnold-Beck,WIRE TRANSFER,settled
BNK-200746,REF-750801,04/17/2026,-15835.92,EUR,Morgan-Mckinney,WIRE TRANSFER,settled
BNK-200747,REF-628617,2026-04-14,-18393.98,USD,Simmons-Green,Vendor Settlement,settled
BNK-200748,REF-500576,03/24/2026,-19400.53,USD,Hays-Dalton,Payout Execution,settled
BNK-200749,REF-972210,02/18/2026,-13825.56,EUR,Roberts LLC,ACH DEBIT,settled
BNK-200750,REF-166980,2026-03-05,-18076.35,gbp,Reeves Ltd,Vendor Settlement,settled
BNK-200751,REF-262512,2026-04-01,-13128.87,GBP,Spears-Beck,WIRE TRANSFER,settled
BNK-200752,REF-343967,04/08/2026,-11980.36,USD,Jones Group,ACH DEBIT,settled
BNK-200753,ref711046,01/31/2026,-5023.11,USD,Ingram PLC,Payout Execution,settled
BNK-200754,REF-737134,2026-04-08,-12784.22,USD,Juarez-Jones,Payout Execution,settled
BNK-200755,REF-697905,04/10/2026,-18576.76,USD,WALTERS PLC,WIRE TRANSFER,settled
BNK-200756,REF-507446,2026-04-05,-21512.44,USD,Cooper PLC,Vendor Settlement,settled
BNK-200757,REF-566679,02/09/2026,-21432.72,EUR,Joseph Group,Payout Execution,settled
BNK-200758,REF-579123,2026-02-03,-22465.58,EUR,Roberts LLC,WIRE TRANSFER,settled
BNK-200759,REF-166357,03/05/2026,-6769.92,gbp,Randall-Kerr,Payout Execution,settled
BNK-200760,ref940896,2026-01-27,-17754.8,GBP,Webster and Sons,ACH DEBIT,settled
BNK-200761,REF-960581,2026-03-01,-7180.76,USD,Shaw-Stuart,Payout Execution,settled
BNK-200762,ref477832,02/23/2026,-20360.33,EUR,Morris Inc,WIRE TRANSFER,settled
BNK-200763,REF-930763,2026-04-15,-21281.17,GBP,"Cox, Fernandez and Baker",ACH DEBIT,settled
BNK-200764,REF-514146,03/14/2026,-12242.27,EUR,Dudley Ltd,WIRE TRANSFER,settled
BNK-200765,REF-892514,2026-02-01,-12392.69,usd,WONG PLC,ACH DEBIT,settled
BNK-200766,REF-522576,2026-03-26,-23776.54,EUR,Robinson Group,Payout Execution,settled
BNK-200767,REF-665200,04/07/2026,-6413.16,EUR,Arnold-Beck,Payout Execution,settled
BNK-200768,ref732929,02/01/2026,-11380.79,GBP,"Johnson, Phillips and Brown",ACH DEBIT,settled
BNK-200769,REF-830994,2026-02-07,-1750.76,USD,Moore LLC,Payout Execution,settled
BNK-200770,REF-180552,2026-04-18,-10682.62,GBP,"FREY, MCGEE AND BAILEY",WIRE TRANSFER,settled
BNK-200771,REF-245967,01/22/2026,-20215.25,USD,Cobb Group,Payout Execution,settled
BNK-200772,REF-684352,03/04/2026,-10480.15,USD,"Yu, Nguyen and Wood",WIRE TRANSFER,settled
BNK-200773,ref375782,03/14/2026,-16505.05,gbp,DUDLEY LTD,WIRE TRANSFER,settled
BNK-200774,REF-798258,2026-03-14,-12767.15,USD,Reynolds-Harris,WIRE TRANSFER,settled
BNK-200775,REF-897460,2026-01-19,-3674.16,USD,"Liu, Parsons and Delacruz",Vendor Settlement,settled
BNK-200776,REF-861785,2026-03-28,-19521.28,USD,King-George,Payout Execution,settled
BNK-200777,REF-188963,03/15/2026,-15005.55,EUR,"Owen, Gibson and Johnson",Vendor Settlement,settled
BNK-200778,REF-815321,05/01/2026,-12798.21,eur,Walters LLC,Vendor Settlement,settled
BNK-200779,REF-428258,01/31/2026,-21871.92,GBP,Fitzgerald PLC,Payout Execution,settled
BNK-200780,REF-820480,01/27/2026,-20061.05,GBP,"Thompson, Cooper and Young",Vendor Settlement,settled
BNK-200781,REF-383891,2026-04-04,-9390.59,EUR,Reynolds-Torres,Payout Execution,settled
BNK-200782,REF-390551,04/18/2026,-23370.41,GBP,"Clarke, Johnson and Watson",ACH DEBIT,settled
BNK-200783,ref173693,2026-04-20,-19009.11,USD,Allen Group,WIRE TRANSFER,settled
BNK-200784,REF-748347,2026-01-31,-7122.6,USD,Ford Ltd,Vendor Settlement,settled
BNK-200785,REF-743964,04/06/2026,-23862.97,USD,"Roberts, Frazier and Smith",WIRE TRANSFER,settled
BNK-200786,ref323753,02/27/2026,-10893.95,GBP,Pennington PLC,Payout Execution,settled
BNK-200787,REF-506743,03/21/2026,-8068.95,EUR,"Owens, Peters and White",WIRE TRANSFER,settled
BNK-200788,REF-690672,04/06/2026,-15020.88,EUR,"Murphy, Jordan and Whitney",ACH DEBIT,settled
BNK-200789,REF-372482,2026-04-28,-8722.05,EUR,Johnson-Ruiz,Vendor Settlement,settled
BNK-200790,REF-256268,2026-02-28,-6278.52,GBP,Howard LLC,ACH DEBIT,settled
BNK-200791,REF-946964,2026-01-06,-23551.85,USD,Rodriguez LLC,Vendor Settlement,settled
BNK-200792,REF-121724,04/21/2026,-21388.8,EUR,Fitzgerald PLC,Vendor Settlement,settled
BNK-200793,REF-242505,02/18/2026,-16012.4,USD,Smith and Sons,Payout Execution,settled
BNK-200794,ref138185,2026-04-14,-4193.22,EUR,Kennedy-Marks,Payout Execution,settled
BNK-200795,REF-719110,2026-03-01,-10902.55,gbp,Rivera-Stanley,Payout Execution,settled
BNK-200796,REF-252607,02/03/2026,-11595.9,EUR,Flynn-Matthews,Payout Execution,settled
BNK-200797,ref631331,02/09/2026,-1717.2,eur,Maxwell-Shepherd,Vendor Settlement,settled
BNK-200798,REF-229287,2026-03-17,-7141.06,USD,"Drake, Torres and Murray",Payout Execution,settled
BNK-200799,ref330935,2026-02-24,-2352.41,EUR,Jones-Graham,WIRE TRANSFER,settled
BNK-200800,REF-606110,04/04/2026,-4105.7,usd,Hodge PLC,Vendor Settlement,settled
BNK-200801,REF-800188,2026-01-22,-15797.32,EUR,"GRAHAM, FERGUSON AND HILL",Payout Execution,settled
BNK-200802,REF-370157,2026-04-13,-1305.88,GBP,Mcclain-Jensen,WIRE TRANSFER,settled
BNK-200803,REF-270336,02/03/2026,-14175.16,EUR,COCHRAN INC,Payout Execution,settled
BNK-200804,REF-615753,04/24/2026,-2977.7,USD,"Salinas, Barnes and Cooper",Vendor Settlement,settled
BNK-200805,REF-549359,2026-03-12,-19909.95,USD,SCHNEIDER LTD,WIRE TRANSFER,settled
BNK-200806,ref424814,2026-01-23,-16659.8,USD,Reynolds LLC,WIRE TRANSFER,settled
BNK-200807,REF-742501,2026-04-18,-15395.49,GBP,"Chavez, Davis and Walton",ACH DEBIT,settled
BNK-200808,REF-574489,04/15/2026,-16633.59,GBP,Davis PLC,Vendor Settlement,settled
BNK-200809,REF-570726,2026-01-19,-14702.39,USD,Rivera-Stanley,ACH DEBIT,settled
BNK-200810,REF-151288,01/09/2026,-3934.36,USD,Hammond Ltd,Vendor Settlement,settled
BNK-200811,REF-197744,02/24/2026,-210.8,USD,Davis Group,WIRE TRANSFER,settled
BNK-200812,REF-964366,04/11/2026,-8446.07,USD,Reynolds-Torres,WIRE TRANSFER,settled
BNK-200813,REF-448762,02/06/2026,-13481.34,EUR,Mckinney-Cooper,Payout Execution,settled
BNK-200814,REF-707716,04/01/2026,-22290.51,USD,NGUYEN-ROBERTS,ACH DEBIT,settled
BNK-200815,REF-708358,2026-03-05,-19228.3,GBP,Flynn-Matthews,Vendor Settlement,settled
BNK-200816,REF-885813,01/19/2026,-23665.8,USD,"Evans, Conway and Hall",WIRE TRANSFER,settled
BNK-200817,ref103489,04/20/2026,-1928.74,USD,Phillips-Wyatt,Payout Execution,settled
BNK-200818,REF-927326,02/15/2026,-16708.26,EUR,"Hobbs, Blanchard and Porter",ACH DEBIT,settled
BNK-200819,REF-946489,01/16/2026,-768.98,EUR,"Gray, Williams and Weaver",ACH DEBIT,settled
BNK-200820,REF-144003,01/31/2026,-9697.2,GBP,Shaw-Stuart,ACH DEBIT,settled
BNK-200821,REF-678399,03/14/2026,-14832.32,EUR,Garcia and Sons,Payout Execution,settled
BNK-200822,REF-456454,02/06/2026,-17405.27,EUR,Smith Ltd,ACH DEBIT,settled
BNK-200823,REF-449999,2026-04-10,-9079.24,USD,Hodge PLC,ACH DEBIT,settled
BNK-200824,REF-449455,2026-03-27,-7814.51,eur,Leach-Walker,Payout Execution,settled
BNK-200825,REF-696655,2026-03-27,-2073.19,USD,"Short, Moore and Douglas",WIRE TRANSFER,settled
BNK-200826,REF-321257,02/27/2026,-12329.0,usd,"Pena, Jones and Sanchez",Payout Execution,settled
BNK-200827,REF-525244,2026-01-17,-16217.23,EUR,Joseph Group,WIRE TRANSFER,settled
BNK-200828,ref218083,2026-02-07,-17109.6,USD,Hunt PLC,Payout Execution,settled
BNK-200829,REF-388426,03/30/2026,-24431.82,EUR,Garcia Ltd,WIRE TRANSFER,settled
BNK-200830,REF-581031,2026-04-08,-11602.97,USD,"Pena, Jones and Sanchez",ACH DEBIT,settled
BNK-200831,REF-599997,2026-04-19,-11247.34,gbp,Jones-Graham,Payout Execution,settled
BNK-200832,REF-790271,2026-02-06,-13062.66,GBP,"Evans, Conway and Hall",WIRE TRANSFER,settled
BNK-200833,ref695539,02/24/2026,-8201.23,GBP,Griffin Inc,Vendor Settlement,settled
BNK-200834,REF-999464,01/07/2026,-15624.87,USD,"Martinez, Joseph and Simmons",ACH DEBIT,settled
BNK-200835,REF-176130,2026-04-05,-5143.86,EUR,Shaw-Decker,Vendor Settlement,settled
BNK-200836,REF-457369,2026-01-12,-16084.41,eur,Kirk-Morales,WIRE TRANSFER,settled
BNK-200837,ref703638,01/31/2026,-2524.84,GBP,"Clarke, Johnson and Watson",ACH DEBIT,settled
BNK-200838,REF-239070,2026-01-27,-18317.69,usd,Kirk-Morales,WIRE TRANSFER,settled
BNK-200839,REF-496452,03/06/2026,-3869.39,usd,Mcdowell-Watts,WIRE TRANSFER,settled
BNK-200840,REF-810034,04/26/2026,-6671.85,GBP,Edwards-Boyd,WIRE TRANSFER,settled
BNK-200841,REF-525529,2026-01-27,-15166.88,GBP,Holmes and Sons,ACH DEBIT,settled
BNK-200842,REF-643114,2026-01-07,-22735.59,GBP,Ramsey-Caldwell,ACH DEBIT,settled
BNK-200843,REF-614335,2026-02-24,-13733.96,USD,Mckinney-Cooper,ACH DEBIT,settled
BNK-200844,REF-902663,2026-01-05,-24818.98,eur,"Savage, Garcia and Robinson",ACH DEBIT,settled
BNK-200845,REF-257050,04/04/2026,-1454.76,GBP,Thornton and Sons,ACH DEBIT,settled
BNK-200846,REF-926602,03/21/2026,-3785.67,eur,Colon Group,ACH DEBIT,settled
BNK-200847,REF-228914,03/14/2026,-13262.63,EUR,"LEWIS, JOYCE AND ROBERTSON",Vendor Settlement,settled
BNK-200848,REF-352067,01/28/2026,-15634.8,USD,LEWIS-ROBINSON,WIRE TRANSFER,settled
BNK-200849,REF-682791,2026-04-26,-6339.06,GBP,"Pineda, Travis and Jones",WIRE TRANSFER,settled
BNK-200850,REF-168713,2026-03-28,-10007.73,USD,"Frey, Mcgee and Bailey",Vendor Settlement,settled
BNK-200851,REF-324263,2026-02-25,-9222.21,GBP,"Waller, Bass and Mitchell",Payout Execution,settled
BNK-200852,REF-669868,2026-02-15,-4685.06,USD,Shaw-Stuart,Vendor Settlement,settled
BNK-200853,REF-287123,2026-03-09,-9225.09,GBP,Colon Group,Vendor Settlement,settled
BNK-200854,REF-651773,2026-04-18,-24244.05,EUR,Maxwell-Shepherd,ACH DEBIT,settled
BNK-200855,REF-722138,01/31/2026,-13620.84,GBP,Mullins-Cabrera,ACH DEBIT,settled
BNK-200856,REF-584141,2026-01-15,-18966.0,eur,"Collins, Gardner and Shaw",ACH DEBIT,settled
BNK-200857,REF-821836,02/02/2026,-20943.98,GBP,Green Ltd,Payout Execution,settled
BNK-200858,REF-733016,02/09/2026,-3369.81,usd,"Hernandez, Greer and Jackson",WIRE TRANSFER,settled
BNK-200859,REF-326057,05/03/2026,-4887.78,GBP,Mata Inc,ACH DEBIT,settled
BNK-200860,REF-122286,2026-03-23,-23518.18,USD,JOHNSON-RUIZ,WIRE TRANSFER,settled
BNK-200861,ref517155,02/21/2026,-13018.43,usd,Smith-Ortiz,WIRE TRANSFER,settled
BNK-200862,REF-292312,03/13/2026,-1325.0,EUR,Jones-Fuentes,WIRE TRANSFER,settled
BNK-200863,REF-932371,2026-01-03,-2917.82,EUR,Griffin Inc,WIRE TRANSFER,settled
BNK-200864,ref824679,2026-03-01,-1358.67,GBP,Goodwin-Martinez,WIRE TRANSFER,settled
BNK-200865,REF-756369,03/22/2026,-10086.31,GBP,Brown Ltd,Payout Execution,settled
BNK-200866,REF-122306,2026-02-09,-3694.62,GBP,"Nelson, Bowers and Cooper",ACH DEBIT,settled
BNK-200867,REF-687043,03/14/2026,-19412.31,EUR,"Graham, Garrett and Caldwell",Payout Execution,settled
BNK-200868,REF-736203,2026-03-08,-7754.81,GBP,Hunt-Whitney,ACH DEBIT,settled
BNK-200869,ref555237,03/21/2026,-24540.41,GBP,Coffey-Howell,WIRE TRANSFER,settled
BNK-200870,REF-689083,2026-01-03,-10187.95,USD,"Ramirez, Hernandez and Fox",Vendor Settlement,settled
BNK-200871,REF-934963,2026-03-18,-9981.8,USD,Esparza-Carroll,WIRE TRANSFER,settled
BNK-200872,REF-900329,04/26/2026,-1588.56,USD,"Miller, Anderson and Padilla",ACH DEBIT,settled
BNK-200873,ref873566,2026-04-21,-2025.61,GBP,Gonzalez-Pennington,Payout Execution,settled
BNK-200874,REF-270196,02/20/2026,-11030.22,GBP,"Molina, Wells and Bright",WIRE TRANSFER,settled
BNK-200875,REF-150011,04/29/2026,-18131.58,eur,Arnold-Beck,Vendor Settlement,settled
BNK-200876,REF-279567,2026-04-02,-23855.98,EUR,Robinson Group,WIRE TRANSFER,settled
BNK-200877,REF-590448,2026-01-18,-5968.38,GBP,WASHINGTON-WEST,Vendor Settlement,settled
BNK-200878,REF-145090,03/07/2026,-1218.45,EUR,Bowman LLC,ACH DEBIT,settled
BNK-200879,REF-114694,2026-01-10,-16690.23,usd,"Russell, Scott and Ramsey",Payout Execution,settled
BNK-200880,REF-962500,04/24/2026,-5865.77,EUR,Ford Ltd,Payout Execution,settled
BNK-200881,REF-620580,2026-02-21,-11353.0,GBP,ROACH AND SONS,WIRE TRANSFER,settled
BNK-200882,ref791593,2026-03-29,-16855.23,USD,"Garner, Lawson and Richard",WIRE TRANSFER,settled
BNK-200883,REF-723033,2026-04-07,-8201.63,EUR,Reed PLC,Vendor Settlement,settled
BNK-200884,REF-982653,03/28/2026,-23786.21,GBP,Nguyen-Roberts,WIRE TRANSFER,settled
BNK-200885,REF-580127,2026-03-06,-8685.81,GBP,Prince-Martinez,Payout Execution,settled
BNK-200886,REF-758315,04/05/2026,-6890.63,USD,Cooper Ltd,Payout Execution,settled
BNK-200887,REF-774554,2026-04-14,-12360.33,GBP,"Bates, Diaz and Lowe",Vendor Settlement,settled
BNK-200888,ref578816,2026-03-31,-9538.96,GBP,"Davis, Kim and Ingram",Vendor Settlement,settled
BNK-200889,REF-769307,01/24/2026,-4922.78,EUR,Bowman LLC,WIRE TRANSFER,settled
BNK-200890,REF-658933,01/25/2026,-6536.69,GBP,Thompson-Washington,WIRE TRANSFER,settled
BNK-200891,REF-845134,03/22/2026,-2577.96,GBP,Kelly-Murphy,Vendor Settlement,settled
BNK-200892,REF-808236,04/28/2026,-214.87,EUR,Barrera Group,Vendor Settlement,settled
BNK-200893,REF-442640,2026-01-15,-2227.98,EUR,Allen-Taylor,ACH DEBIT,settled
BNK-200894,ref907151,2026-02-06,-23819.45,USD,Gallegos-Stewart,ACH DEBIT,settled
BNK-200895,REF-948400,03/14/2026,-10069.79,USD,"Davis, Kim and Ingram",Payout Execution,settled
BNK-200896,REF-762880,03/12/2026,-24579.27,GBP,Robbins LLC,Vendor Settlement,settled
BNK-200897,REF-992351,2026-05-05,-24635.02,USD,Ramsey-Caldwell,ACH DEBIT,settled
BNK-200898,REF-603871,2026-02-13,-1754.33,USD,"Fox, Hernandez and Ryan",Vendor Settlement,settled
BNK-200899,REF-406884,2026-04-05,-10591.23,GBP,Rhodes Ltd,ACH DEBIT,settled
BNK-200900,ref250169,03/21/2026,-20912.56,USD,Walters PLC,WIRE TRANSFER,settled
BNK-200901,REF-191322,04/03/2026,-19179.2,EUR,Garcia Ltd,Vendor Settlement,settled
BNK-200902,REF-789625,2026-02-20,-12785.43,GBP,Allen-Taylor,Payout Execution,settled
BNK-200903,REF-978560,2026-01-24,-23146.73,GBP,"Clarke, Johnson and Watson",ACH DEBIT,settled
BNK-200904,REF-274654,2026-04-26,-13839.58,USD,Lane-Hines,Vendor Settlement,settled
BNK-200905,REF-120510,02/03/2026,-5491.18,EUR,Zimmerman and Sons,WIRE TRANSFER,settled
BNK-200906,REF-358462,02/14/2026,-11017.54,USD,Nguyen-White,Vendor Settlement,settled
BNK-200907,REF-482003,2026-04-13,-20312.71,USD,Thompson-Campbell,Vendor Settlement,settled
BNK-200908,REF-639318,2026-03-28,-8749.09,USD,Brown-Huynh,ACH DEBIT,settled
BNK-200909,REF-582570,2026-01-15,-20371.45,gbp,Jimenez-Bradley,WIRE TRANSFER,settled
BNK-200910,ref535771,2026-03-16,-1440.8,usd,DICKSON-PADILLA,WIRE TRANSFER,settled
BNK-200911,REF-218184,2026-01-16,-1361.25,GBP,"BEST, SIMON AND TURNER",WIRE TRANSFER,settled
BNK-200912,REF-407874,2026-01-07,-23138.94,GBP,Wright Group,Vendor Settlement,settled
BNK-200913,REF-650309,03/22/2026,-7129.15,GBP,Spears-Beck,Vendor Settlement,settled
BNK-200914,REF-929398,04/18/2026,-24864.28,eur,Wagner Ltd,Payout Execution,settled
BNK-200915,REF-665852,2026-02-12,-4789.14,EUR,"WALKER, GARCIA AND MCGUIRE",WIRE TRANSFER,settled
BNK-200916,ref618895,2026-03-14,-15365.92,EUR,Ford Ltd,ACH DEBIT,settled
BNK-200917,REF-817696,04/18/2026,-8576.2,eur,MCDOWELL-WATTS,ACH DEBIT,settled
BNK-200918,REF-564322,02/19/2026,-9229.94,EUR,"Owen, Gibson and Johnson",Vendor Settlement,settled
BNK-200919,REF-224266,04/11/2026,-2786.24,GBP,"Pena, Jones and Sanchez",Payout Execution,settled
BNK-200920,REF-862066,2026-04-16,-13620.71,GBP,Li-Martinez,Payout Execution,settled
BNK-200921,REF-150120,01/12/2026,-11562.11,USD,"Rogers, Anderson and Campos",ACH DEBIT,settled
BNK-200922,ref366087,2026-03-19,-11184.35,GBP,Fitzgerald-Watson,Payout Execution,settled
BNK-200923,REF-971044,01/31/2026,-8846.98,USD,Simmons-Green,Vendor Settlement,settled
BNK-200924,REF-120602,2026-01-07,-16671.75,USD,Kim Group,Vendor Settlement,settled
BNK-200925,REF-947073,01/07/2026,-1081.37,GBP,Colon Group,Payout Execution,settled
BNK-200926,REF-530846,2026-01-15,-9570.98,GBP,"Garcia, Mercado and West",WIRE TRANSFER,settled
BNK-200927,REF-115372,04/14/2026,-14582.03,USD,Hays-Dalton,WIRE TRANSFER,settled
BNK-200928,REF-266050,2026-04-28,-2664.64,EUR,Nguyen-White,ACH DEBIT,settled
BNK-200929,REF-976903,2026-04-06,-2110.43,EUR,Hughes Inc,Payout Execution,settled
BNK-200930,REF-561744,2026-03-17,-13060.61,GBP,Gray PLC,ACH DEBIT,settled
BNK-200931,REF-414106,2026-01-13,-21056.92,EUR,Randall-Kerr,Vendor Settlement,settled
BNK-200932,REF-766253,2026-03-27,-14475.43,GBP,Gonzalez-Mcdaniel,Payout Execution,settled
BNK-200933,REF-335018,03/14/2026,-16862.96,GBP,Griffin Inc,Payout Execution,settled
BNK-200934,REF-360733,03/13/2026,-20881.29,EUR,Arnold-Beck,WIRE TRANSFER,settled
BNK-200935,ref673268,2026-03-11,-20642.36,EUR,Vincent-Mcclure,WIRE TRANSFER,settled
BNK-200936,REF-703717,03/19/2026,-24765.12,gbp,Crawford Ltd,ACH DEBIT,settled
BNK-200937,REF-598189,2026-02-03,-17875.5,USD,Gray PLC,ACH DEBIT,settled
BNK-200938,REF-251670,2026-03-06,-22663.07,EUR,Church Inc,Vendor Settlement,settled
BNK-200939,REF-640842,2026-04-09,-22416.98,GBP,"Owen, Gibson and Johnson",ACH DEBIT,settled
BNK-200940,REF-337475,04/12/2026,-6789.98,GBP,Hawkins-Saunders,WIRE TRANSFER,settled
BNK-200941,REF-456814,2026-02-13,-14191.35,gbp,Anderson LLC,WIRE TRANSFER,settled
BNK-200942,ref173802,01/16/2026,-22231.62,USD,Flynn Group,Payout Execution,settled
BNK-200943,REF-722977,01/06/2026,-9490.1,USD,"Luna, Morris and Gill",Payout Execution,settled
BNK-200944,REF-115052,01/22/2026,-1273.81,EUR,"Hayes, Luna and Miller",Payout Execution,settled
BNK-200945,REF-937738,2026-02-04,-10643.16,USD,Goodwin-Martinez,Vendor Settlement,settled
BNK-200946,ref997135,01/21/2026,-253.67,GBP,"Nguyen, Williams and Smith",Payout Execution,settled
BNK-200947,REF-490604,01/14/2026,-1999.65,EUR,COBB GROUP,ACH DEBIT,settled
BNK-200948,REF-182976,2026-04-22,-24791.13,USD,Lopez-Stout,WIRE TRANSFER,settled
BNK-200949,REF-363432,03/09/2026,-22990.06,USD,Walter Inc,Payout Execution,settled
BNK-200950,REF-229400,01/19/2026,-23701.0,USD,Newman-Thomas,Vendor Settlement,settled
BNK-200951,REF-252716,2026-04-09,-7148.04,EUR,"Taylor, Zavala and Bates",Vendor Settlement,settled
BNK-200952,REF-772677,03/26/2026,-19109.81,USD,Bowman LLC,Payout Execution,settled
BNK-200953,REF-143728,2026-04-17,-15178.33,EUR,Zimmerman Group,WIRE TRANSFER,settled
BNK-200954,REF-172481,2026-03-09,-918.2,GBP,Hawkins-Saunders,WIRE TRANSFER,settled
BNK-200955,REF-661072,04/16/2026,-1360.84,GBP,Kirk-Morales,ACH DEBIT,settled
BNK-200956,REF-752317,2026-04-15,-21856.48,GBP,Pennington PLC,ACH DEBIT,settled
BNK-200957,ref495147,02/02/2026,-6874.17,EUR,Elliott-Wallace,WIRE TRANSFER,settled
BNK-200958,REF-777454,2026-01-21,-5975.72,USD,Contreras LLC,ACH DEBIT,settled
BNK-200959,REF-825263,2026-01-11,-4413.84,USD,"Johnson, Harrison and Thomas",Payout Execution,settled
BNK-200960,REF-859699,2026-04-28,-19926.57,EUR,ROACH AND SONS,ACH DEBIT,settled
BNK-200961,ref809132,2026-04-17,-10231.48,GBP,Brady-Ford,WIRE TRANSFER,settled
BNK-200962,REF-822502,01/03/2026,-10952.43,USD,"DAVIS, KIM AND INGRAM",Payout Execution,settled
BNK-200963,REF-439666,03/11/2026,-24669.87,USD,Hays-Dalton,ACH DEBIT,settled
BNK-200964,REF-860863,03/12/2026,-7372.67,USD,"Lewis, Joyce and Robertson",Payout Execution,settled
BNK-200965,REF-489017,01/06/2026,-19545.19,USD,"SNOW, RODGERS AND MILLER",WIRE TRANSFER,settled
BNK-200966,REF-686225,2026-03-15,-11377.44,GBP,Pena Inc,Vendor Settlement,settled
BNK-200967,REF-579113,03/05/2026,-24288.6,USD,Jones-Turner,ACH DEBIT,settled
BNK-200968,REF-270623,2026-01-23,-23500.64,EUR,Matthews PLC,Vendor Settlement,settled
BNK-200969,REF-917367,02/27/2026,-12165.51,USD,MCCOY LTD,ACH DEBIT,settled
BNK-200970,REF-988792,02/06/2026,-11497.47,USD,Ramsey-Caldwell,Vendor Settlement,settled
BNK-200971,REF-540071,01/18/2026,-17933.99,usd,ANDERSON LLC,Vendor Settlement,settled
BNK-200972,ref294961,2026-02-11,-22150.57,USD,Richard LLC,Payout Execution,settled
BNK-200973,REF-115420,2026-03-29,-20246.31,GBP,Davis PLC,Vendor Settlement,settled
BNK-200974,REF-999115,01/29/2026,-10344.78,GBP,Brown Ltd,ACH DEBIT,settled
BNK-200975,ref370340,01/06/2026,-5350.1,GBP,"Chavez, Davis and Walton",Payout Execution,settled
BNK-200976,REF-163413,03/10/2026,-8451.44,USD,Dickson-Gutierrez,WIRE TRANSFER,settled
BNK-200977,REF-936547,2026-04-30,-7965.04,USD,"RODRIGUEZ, EVANS AND PATTERSON",Payout Execution,settled
BNK-200978,REF-691995,01/30/2026,-2024.54,EUR,Mcdowell-Watts,ACH DEBIT,settled
BNK-200979,REF-585175,2026-01-15,-22239.84,usd,"Hobbs, Blanchard and Porter",Payout Execution,settled
BNK-200980,REF-957287,2026-02-11,-17934.24,EUR,Gray PLC,WIRE TRANSFER,settled
BNK-200981,REF-435027,01/11/2026,-289.13,EUR,"Luna, Morris and Gill",Vendor Settlement,settled
BNK-200982,REF-564458,2026-04-10,-23897.64,EUR,Cobb Group,Vendor Settlement,settled
BNK-200983,ref910403,2026-02-10,-7213.94,GBP,"Ramirez, Hernandez and Fox",ACH DEBIT,settled
BNK-200984,REF-453171,03/27/2026,-15680.85,USD,Mann Group,Vendor Settlement,settled
BNK-200985,REF-775414,2026-01-02,-24094.76,gbp,Young-Hudson,Payout Execution,settled
BNK-200986,REF-303261,03/28/2026,-17367.35,USD,HUNT PLC,Payout Execution,settled
BNK-200987,REF-111591,2026-04-17,-5468.71,GBP,Mitchell-Byrd,ACH DEBIT,settled
BNK-200988,ref997593,02/12/2026,-5490.44,USD,IBARRA-CLARK,WIRE TRANSFER,settled
BNK-200989,REF-511652,02/20/2026,-373.26,USD,"Best, Simon and Turner",Payout Execution,settled
BNK-200990,ref275622,2026-02-10,-2215.98,GBP,Best Inc,WIRE TRANSFER,settled
BNK-200991,ref566529,2026-01-01,-22250.96,GBP,Kennedy-Marks,WIRE TRANSFER,settled
BNK-200992,ref483822,03/31/2026,-13068.29,EUR,Dickson-Padilla,ACH DEBIT,settled
BNK-200993,REF-152789,2026-04-02,-9558.45,gbp,Mckinney-Cooper,WIRE TRANSFER,settled
BNK-200994,REF-200636,2026-03-28,-8309.18,eur,Johnson Inc,Vendor Settlement,settled
BNK-200995,REF-610944,2026-02-06,-1502.51,usd,"Yu, Nguyen and Wood",Vendor Settlement,settled
BNK-200996,REF-993780,2026-01-29,-24467.42,EUR,Schneider Ltd,Vendor Settlement,settled
BNK-200997,ref515102,2026-02-02,-8403.24,USD,Lewis-Robinson,Payout Execution,settled
BNK-200998,REF-194014,2026-03-19,-17102.58,GBP,White-Wilson,ACH DEBIT,settled
BNK-200999,REF-389308,2026-04-16,-6610.17,GBP,Morris Inc,ACH DEBIT,settled
BNK-201000,REF-889727,2026-02-28,-24221.75,EUR,"Garner, Lawson and Richard",Vendor Settlement,settled
BNK-201001,REF-818125,01/27/2026,-11038.36,EUR,"Ball, Henderson and Caldwell",Payout Execution,settled
BNK-201002,REF-253991,02/08/2026,-22054.55,USD,"Best, Simon and Turner",Vendor Settlement,settled
BNK-201003,REF-753026,2026-04-06,-23729.86,GBP,"Evans, Conway and Hall",Payout Execution,settled
BNK-201004,REF-160401,2026-03-28,-23682.19,USD,JOHNSON-RUIZ,WIRE TRANSFER,settled
BNK-201005,REF-589584,04/23/2026,-24503.94,EUR,Goodwin-Martinez,Vendor Settlement,settled
BNK-201006,REF-863503,02/21/2026,-24778.43,EUR,"Garner, Lawson and Richard",ACH DEBIT,settled
BNK-201007,REF-518487,04/10/2026,-12713.44,EUR,"Short, Moore and Douglas",WIRE TRANSFER,settled
BNK-201008,REF-290413,02/05/2026,-3439.3,EUR,Peterson LLC,WIRE TRANSFER,settled
BNK-201009,REF-532694,2026-03-14,-5356.94,usd,"Hernandez, Hill and Hull",ACH DEBIT,settled
BNK-201010,REF-196865,03/01/2026,-2008.04,GBP,"Walker, Garcia and Mcguire",Payout Execution,settled
BNK-201011,REF-654735,2026-03-31,-4870.04,USD,"Murphy, Jordan and Whitney",WIRE TRANSFER,settled
BNK-201012,REF-900264,2026-05-01,-2809.09,usd,"Santana, Hoffman and Cobb",Vendor Settlement,settled
BNK-201013,REF-424207,2026-01-09,-21411.96,USD,"Hernandez, Wade and Rodriguez",WIRE TRANSFER,settled
BNK-201014,REF-227531,01/26/2026,-12372.07,USD,Thomas PLC,WIRE TRANSFER,settled
BNK-201015,REF-346028,04/27/2026,-20685.49,GBP,Wright Group,WIRE TRANSFER,settled
BNK-201016,REF-631917,2026-01-13,-3251.84,EUR,Gardner-Hayes,WIRE TRANSFER,settled
BNK-201017,REF-203463,2026-01-05,-20748.38,USD,"Rodriguez, Evans and Patterson",WIRE TRANSFER,settled
BNK-201018,REF-310034,2026-03-04,-13364.96,EUR,"Graham, Garrett and Caldwell",WIRE TRANSFER,settled
BNK-201019,REF-802916,2026-03-15,-6362.56,USD,Pierce Inc,Payout Execution,settled
BNK-201020,ref937537,04/21/2026,-22507.95,USD,Webster and Sons,Vendor Settlement,settled
BNK-201021,REF-255710,2026-02-17,-19309.95,GBP,Roberts Group,Payout Execution,settled
BNK-201022,REF-433888,2026-02-17,-18269.18,EUR,"Santana, Hoffman and Cobb",Vendor Settlement,settled
BNK-201023,REF-855914,03/16/2026,-447.25,GBP,Anderson LLC,Payout Execution,settled
BNK-201024,REF-242559,2026-01-15,-16674.92,USD,Arroyo-Pope,Payout Execution,settled
BNK-201025,ref607377,2026-03-04,-5410.1,USD,Gardner-Hayes,ACH DEBIT,settled
BNK-201026,REF-761614,2026-05-03,-8826.61,gbp,INGRAM PLC,Payout Execution,settled
BNK-201027,REF-172617,03/18/2026,-3639.67,USD,Barrera Group,Payout Execution,settled
BNK-201028,REF-899555,03/28/2026,-9906.19,EUR,"Rice, Wallace and Castillo",ACH DEBIT,settled
BNK-201029,REF-526462,2026-01-03,-6441.87,EUR,King LLC,Vendor Settlement,settled
BNK-201030,ref436693,2026-01-29,-3455.4,GBP,Wagner Ltd,WIRE TRANSFER,settled
BNK-201031,REF-649999,04/30/2026,-24686.52,EUR,Zimmerman and Sons,Payout Execution,settled
BNK-201032,REF-176539,2026-04-12,-18639.59,EUR,"Rollins, Charles and Black",Vendor Settlement,settled
BNK-201033,ref253201,01/22/2026,-453.98,GBP,Roberts Group,Vendor Settlement,settled
BNK-201034,REF-601992,01/15/2026,-3248.99,GBP,Anderson-Parks,Payout Execution,settled
BNK-201035,REF-391648,2026-02-10,-956.38,USD,Allen Group,ACH DEBIT,settled
BNK-201036,REF-512596,04/21/2026,-5120.9,EUR,"Rogers, Anderson and Campos",ACH DEBIT,settled
BNK-201037,REF-371974,2026-01-27,-17652.76,GBP,Davis-Mitchell,ACH DEBIT,settled
BNK-201038,REF-579743,2026-02-10,-861.3,USD,Maxwell-Shepherd,Payout Execution,settled
BNK-201039,REF-842230,2026-04-01,-840.92,GBP,Davis PLC,ACH DEBIT,settled
BNK-201040,REF-339474,2026-01-22,-7569.9,EUR,Welch-Peck,Vendor Settlement,settled
BNK-201041,ref753900,2026-01-25,-4994.28,USD,Lawrence-Lee,WIRE TRANSFER,settled
BNK-201042,REF-955412,02/16/2026,-16766.43,EUR,Reed PLC,ACH DEBIT,settled
BNK-201043,REF-906965,2026-03-14,-22758.13,gbp,"Mooney, Black and Roach",Payout Execution,settled
BNK-201044,ref154650,02/08/2026,-23941.36,GBP,Reeves Ltd,ACH DEBIT,settled
BNK-201045,REF-376519,04/29/2026,-2669.12,GBP,Jones-Taylor,WIRE TRANSFER,settled
BNK-201046,REF-513351,2026-02-21,-20071.54,GBP,"Curtis, Turner and Soto",WIRE TRANSFER,settled
BNK-201047,ref580132,03/11/2026,-2171.67,USD,Barrera Group,ACH DEBIT,settled
BNK-201048,REF-208599,2026-02-17,-19953.5,USD,Contreras LLC,ACH DEBIT,settled
BNK-201049,REF-271494,01/24/2026,-6263.09,GBP,Allen-Taylor,Vendor Settlement,settled
BNK-201050,REF-408729,02/08/2026,-17316.59,USD,Juarez-Jones,Vendor Settlement,settled
BNK-201051,REF-466331,03/29/2026,-15355.9,EUR,"Owens, Peters and White",WIRE TRANSFER,settled
BNK-201052,REF-622199,2026-02-28,-10367.52,eur,"SHORT, MOORE AND DOUGLAS",Payout Execution,settled
BNK-201053,ref399722,03/17/2026,-14328.3,USD,Contreras LLC,Vendor Settlement,settled
BNK-201054,REF-528453,2026-03-24,-11595.23,gbp,Smith Ltd,Vendor Settlement,settled
BNK-201055,ref992687,2026-04-08,-18103.19,USD,Murray Group,ACH DEBIT,settled
BNK-201056,REF-490583,04/04/2026,-18735.85,GBP,Reynolds-Harris,ACH DEBIT,settled
BNK-201057,ref977469,04/20/2026,-9751.85,EUR,Thompson-Campbell,WIRE TRANSFER,settled
BNK-201058,REF-881562,2026-04-10,-23644.65,eur,Todd-Oconnor,Payout Execution,settled
BNK-201059,REF-327497,2026-03-10,-1160.67,usd,Kim Group,Payout Execution,settled
BNK-201060,ref871076,01/17/2026,-16300.9,gbp,Mullins-Cabrera,WIRE TRANSFER,settled
BNK-201061,REF-201042,2026-04-26,-4854.96,EUR,WADE PLC,Vendor Settlement,settled
BNK-201062,REF-553189,2026-03-31,-1514.54,EUR,Shaw-Decker,WIRE TRANSFER,settled
BNK-201063,ref452554,03/08/2026,-10202.54,GBP,"Hobbs, Blanchard and Porter",WIRE TRANSFER,settled
BNK-201064,REF-264470,2026-04-12,-4767.05,GBP,Banks-Savage,ACH DEBIT,settled
BNK-201065,REF-892217,2026-02-26,-12337.88,USD,Mckinney-Cooper,WIRE TRANSFER,settled
BNK-201066,REF-722246,02/16/2026,-11529.59,GBP,Anderson Inc,ACH DEBIT,settled
BNK-201067,REF-198776,2026-04-17,-15300.6,EUR,"Edwards, Anderson and Taylor",Vendor Settlement,settled
BNK-201068,REF-381141,02/28/2026,-14493.81,gbp,Hughes Inc,Payout Execution,settled
BNK-201069,ref525331,02/07/2026,-6391.38,eur,"Roberts, Frazier and Smith",Vendor Settlement,settled
BNK-201070,REF-129312,03/18/2026,-24931.11,EUR,Austin-Bonilla,WIRE TRANSFER,settled
BNK-201071,ref731063,03/12/2026,-1001.14,EUR,Zimmerman and Sons,WIRE TRANSFER,settled
BNK-201072,REF-348471,2026-03-14,-8263.75,EUR,Stone and Sons,WIRE TRANSFER,settled
BNK-201073,REF-509340,04/05/2026,-40.78,USD,HAMMOND LTD,Vendor Settlement,settled
BNK-201074,REF-898144,03/07/2026,-10814.03,GBP,Flynn-Matthews,ACH DEBIT,settled
BNK-201075,REF-364309,02/08/2026,-1213.95,EUR,"Thompson, Cooper and Young",Payout Execution,settled
BNK-201076,REF-600890,2026-04-22,-2942.81,eur,"MOSS, ATKINS AND DANIELS",WIRE TRANSFER,settled
BNK-201077,REF-507683,2026-04-27,-6484.03,EUR,Webster and Sons,ACH DEBIT,settled
BNK-201078,REF-206564,2026-01-28,-7204.56,GBP,Mitchell-Byrd,WIRE TRANSFER,settled
BNK-201079,REF-546272,01/22/2026,-15841.85,EUR,Garcia and Sons,Vendor Settlement,settled
BNK-201080,REF-221274,2026-02-23,-3520.08,eur,Cobb Group,ACH DEBIT,settled
BNK-201081,REF-909896,02/15/2026,-11803.61,eur,Wright Group,Payout Execution,settled
BNK-201082,REF-449563,2026-01-05,-21188.95,GBP,Walter Inc,ACH DEBIT,settled
BNK-201083,ref283587,04/26/2026,-12836.67,GBP,Shaw-Decker,Payout Execution,settled
BNK-201084,REF-443343,2026-05-01,-10229.63,gbp,Brown LLC,ACH DEBIT,settled
BNK-201085,REF-878365,2026-02-27,-12426.69,GBP,Webster and Sons,Payout Execution,settled
BNK-201086,REF-716082,03/25/2026,-6568.28,EUR,Flynn-Matthews,WIRE TRANSFER,settled
BNK-201087,REF-390387,02/21/2026,-22617.44,USD,Bowman LLC,Vendor Settlement,settled
BNK-201088,REF-721109,2026-04-26,-23637.56,GBP,Anderson Inc,WIRE TRANSFER,settled
BNK-201089,REF-203684,2026-04-15,-22899.7,EUR,Harvey Inc,ACH DEBIT,settled
BNK-201090,REF-185895,2026-04-12,-18805.84,GBP,Davenport PLC,ACH DEBIT,settled
BNK-201091,REF-254986,2026-02-12,-11713.56,USD,Goodwin-Martinez,Vendor Settlement,settled
BNK-201092,REF-232683,2026-01-27,-19225.83,GBP,MCCOY LTD,WIRE TRANSFER,settled
BNK-201093,REF-701848,2026-01-06,-8755.3,USD,Gardner-Hayes,ACH DEBIT,settled
BNK-201094,REF-831025,05/02/2026,-5184.44,usd,"Curtis, Turner and Soto",Payout Execution,settled
BNK-201095,REF-763611,02/17/2026,-13625.2,EUR,Anderson LLC,Payout Execution,settled
BNK-201096,REF-240534,2026-03-28,-6171.33,GBP,Allen Group,Payout Execution,settled
BNK-201097,REF-956686,01/14/2026,-9458.33,EUR,"Rollins, Charles and Black",WIRE TRANSFER,settled
BNK-201098,REF-298085,2026-01-13,-1095.27,EUR,"Pineda, Travis and Jones",WIRE TRANSFER,settled
BNK-201099,REF-891651,2026-03-11,-16918.89,EUR,"Miller, Anderson and Padilla",ACH DEBIT,settled
BNK-201100,REF-902434,2026-03-01,-12653.77,EUR,Jones-Fuentes,Payout Execution,settled
BNK-201101,REF-225638,2026-03-13,-16054.04,EUR,Griffin Inc,ACH DEBIT,settled
BNK-201102,REF-524361,2026-01-29,-24045.97,USD,GRAY PLC,ACH DEBIT,settled
BNK-201103,REF-377356,2026-02-14,-13635.15,EUR,Thompson-Campbell,ACH DEBIT,settled
BNK-201104,REF-841632,2026-01-10,-18955.1,USD,Holmes and Sons,Vendor Settlement,settled
BNK-201105,REF-887116,01/20/2026,-2492.3,GBP,"Dorsey, Patterson and Harrison",Vendor Settlement,settled
BNK-201106,REF-377888,2026-01-04,-19841.44,USD,Zimmerman and Sons,ACH DEBIT,settled
BNK-201107,REF-518755,2026-03-12,-1280.26,USD,SCHNEIDER LTD,Vendor Settlement,settled
BNK-201108,REF-110461,2026-01-05,-4934.95,gbp,"Clarke, Johnson and Watson",ACH DEBIT,settled
BNK-201109,REF-214459,2026-01-12,-16367.35,USD,White-Wilson,WIRE TRANSFER,settled
BNK-201110,REF-697142,2026-01-15,-18593.45,USD,Garcia and Sons,Payout Execution,settled
BNK-201111,REF-251230,02/21/2026,-21424.29,USD,"Short, Moore and Douglas",ACH DEBIT,settled
BNK-201112,REF-772716,02/25/2026,-15435.18,USD,Jones-Taylor,Vendor Settlement,settled
BNK-201113,ref138855,2026-02-18,-14619.04,EUR,Reynolds-Harris,Payout Execution,settled
BNK-201114,REF-324284,01/21/2026,-19784.31,GBP,Dickson-Gutierrez,WIRE TRANSFER,settled
BNK-201115,REF-987484,2026-03-23,-14307.89,EUR,"Garcia, Mercado and West",WIRE TRANSFER,settled
BNK-201116,REF-222964,01/21/2026,-6778.72,USD,Banks-Savage,ACH DEBIT,settled
BNK-201117,ref318247,2026-01-08,-21658.84,EUR,Harvey Inc,Payout Execution,settled
BNK-201118,REF-102778,2026-04-13,-3054.92,USD,Mccoy-Mccarthy,Payout Execution,settled
BNK-201119,REF-669719,02/08/2026,-9720.41,GBP,"Johnson, Phillips and Brown",ACH DEBIT,settled
BNK-201120,REF-186488,02/27/2026,-10878.19,USD,Brown and Sons,WIRE TRANSFER,settled
BNK-201121,REF-350791,04/14/2026,-1733.63,USD,"Fox, Hernandez and Ryan",Vendor Settlement,settled
BNK-201122,REF-246044,2026-04-16,-6693.24,GBP,"Johnson, Harrison and Thomas",Payout Execution,settled
BNK-201123,REF-822287,02/04/2026,-12532.41,USD,Arroyo-Pope,Vendor Settlement,settled
BNK-201124,REF-687216,04/09/2026,-2202.57,GBP,Smith-Abbott,Vendor Settlement,settled
BNK-201125,REF-158071,2026-02-02,-1544.29,GBP,Anderson-Parks,ACH DEBIT,settled
BNK-201126,REF-467890,01/09/2026,-14205.76,gbp,Gardner-Hayes,Payout Execution,settled
BNK-201127,REF-251337,04/26/2026,-24266.86,EUR,"CURRY, WOLFE AND RAMIREZ",ACH DEBIT,settled
BNK-201128,REF-466710,2026-02-02,-12308.16,USD,"Matthews, Howard and Brown",ACH DEBIT,settled
BNK-201129,REF-468136,05/02/2026,-12746.96,EUR,Bauer Inc,Payout Execution,settled
BNK-201130,REF-163008,2026-03-24,-11845.79,USD,Mcdowell-Watts,Payout Execution,settled
BNK-201131,REF-874814,04/24/2026,-7707.3,EUR,Gonzalez Inc,Vendor Settlement,settled
BNK-201132,REF-958113,03/24/2026,-16506.62,EUR,"Molina, Wells and Bright",ACH DEBIT,settled
BNK-201133,REF-627108,03/06/2026,-8450.65,GBP,"Jackson, Romero and Mendez",Payout Execution,settled
BNK-201134,REF-305597,2026-02-11,-4564.08,USD,Goodwin-Martinez,Payout Execution,settled
BNK-201135,REF-155439,02/27/2026,-12429.36,USD,Banks-Savage,ACH DEBIT,settled
BNK-201136,REF-823369,04/08/2026,-20336.95,usd,Kelly-Murphy,Payout Execution,settled
BNK-201137,REF-767033,2026-04-20,-2485.59,GBP,"RODRIGUEZ, SUTTON AND SANTIAGO",Payout Execution,settled
BNK-201138,REF-880850,2026-03-08,-13963.84,GBP,Crawford Ltd,Payout Execution,settled
BNK-201139,REF-312653,04/27/2026,-24399.3,USD,Allen and Sons,ACH DEBIT,settled
BNK-201140,REF-937045,01/25/2026,-14002.46,USD,Buckley and Sons,ACH DEBIT,settled
BNK-201141,REF-964278,01/27/2026,-5351.85,EUR,"Russell, Scott and Ramsey",Vendor Settlement,settled
BNK-201142,REF-706144,2026-02-02,-1680.67,GBP,Peterson LLC,Payout Execution,settled
BNK-201143,REF-952880,05/03/2026,-5459.2,EUR,"Santana, Hoffman and Cobb",ACH DEBIT,settled
BNK-201144,REF-545735,2026-04-10,-614.04,eur,Kelly-Murphy,ACH DEBIT,settled
BNK-201145,REF-744312,03/28/2026,-17830.06,usd,Ford Ltd,Vendor Settlement,settled
BNK-201146,REF-358769,2026-03-04,-21391.68,usd,Mccoy Ltd,Payout Execution,settled
BNK-201147,REF-262282,02/04/2026,-12679.57,EUR,Howard-Mcdonald,ACH DEBIT,settled
BNK-201148,REF-475498,01/09/2026,-19334.77,eur,Roberts LLC,Vendor Settlement,settled
BNK-201149,ref339359,2026-02-11,-5432.41,EUR,Washington-West,Vendor Settlement,settled
BNK-201150,REF-254665,2026-02-22,-6507.52,EUR,"Waller, Bass and Mitchell",WIRE TRANSFER,settled
BNK-201151,REF-454688,05/01/2026,-21495.18,GBP,"Peterson, Hood and Arroyo",WIRE TRANSFER,settled
BNK-201152,REF-376033,2026-04-15,-22400.62,GBP,"Savage, Garcia and Robinson",Vendor Settlement,settled
BNK-201153,REF-187879,2026-04-07,-11869.78,GBP,Gonzalez Inc,Vendor Settlement,settled
BNK-201154,REF-180713,2026-04-28,-8622.94,USD,"Moss, Atkins and Daniels",WIRE TRANSFER,settled
BNK-201155,REF-587366,04/18/2026,-12066.58,usd,"Howard, Lynch and Morris",Vendor Settlement,settled
BNK-201156,REF-284257,2026-02-17,-14438.67,USD,King LLC,Payout Execution,settled
BNK-201157,REF-672907,2026-02-24,-6734.22,USD,Roach and Sons,ACH DEBIT,settled
BNK-201158,REF-318815,01/26/2026,-23535.52,EUR,"Clarke, Johnson and Watson",ACH DEBIT,settled
BNK-201159,REF-690161,2026-01-29,-22899.1,USD,Stone and Sons,Vendor Settlement,settled
BNK-201160,REF-191233,03/11/2026,-24782.88,EUR,"Smith, Guerra and Holmes",Payout Execution,settled
BNK-201161,REF-775829,03/13/2026,-20605.97,eur,Schneider Ltd,Payout Execution,settled
BNK-201162,REF-672145,2026-01-06,-21166.03,USD,Silva-Green,ACH DEBIT,settled
BNK-201163,REF-336108,2026-03-16,-6494.73,GBP,Thomas PLC,WIRE TRANSFER,settled
BNK-201164,REF-864816,2026-03-21,-8617.71,USD,Davenport PLC,Vendor Settlement,settled
BNK-201165,REF-271139,2026-05-07,-7381.22,usd,"Garner, Lawson and Richard",Vendor Settlement,settled
BNK-201166,REF-741443,2026-04-29,-18790.14,EUR,Davis PLC,ACH DEBIT,settled
BNK-201167,REF-197419,2026-03-26,-9613.67,GBP,Allen Inc,Payout Execution,settled
BNK-201168,REF-433973,03/02/2026,-3224.52,EUR,Vincent-Mcclure,WIRE TRANSFER,settled
BNK-201169,REF-877861,2026-03-28,-685.58,GBP,Mcdowell-Watts,ACH DEBIT,settled
BNK-201170,ref710152,01/15/2026,-6790.87,GBP,"Cox, Fernandez and Baker",WIRE TRANSFER,settled
BNK-201171,REF-671742,03/06/2026,-21502.74,USD,Leach-Walker,ACH DEBIT,settled
BNK-201172,REF-500769,2026-03-25,-12328.64,EUR,Skinner Ltd,Payout Execution,settled
BNK-201173,REF-388292,02/25/2026,-17917.38,GBP,Zimmerman and Sons,WIRE TRANSFER,settled
BNK-201174,REF-605681,2026-02-20,-474.29,GBP,Matthews PLC,Vendor Settlement,settled
BNK-201175,REF-211452,04/09/2026,-4609.58,EUR,"Garza, Barker and Maddox",Vendor Settlement,settled
BNK-201176,REF-386813,2026-02-01,-2288.73,USD,Li-Montoya,Payout Execution,settled
BNK-201177,REF-478857,2026-03-22,-6575.35,EUR,Flynn-Matthews,ACH DEBIT,settled
BNK-201178,REF-191062,01/14/2026,-3383.36,EUR,Moore LLC,WIRE TRANSFER,settled
BNK-201179,REF-981373,04/17/2026,-23088.64,GBP,Gonzalez Inc,Vendor Settlement,settled
BNK-201180,REF-253735,2026-03-26,-10605.89,EUR,"Nguyen, Williams and Smith",Vendor Settlement,settled
BNK-201181,ref956820,02/06/2026,-17892.52,EUR,Mitchell-Byrd,Vendor Settlement,settled
BNK-201182,REF-753971,01/24/2026,-19756.23,GBP,"Garcia, Mercado and West",Payout Execution,settled
BNK-201183,REF-276894,01/07/2026,-4331.58,gbp,Jones-Taylor,WIRE TRANSFER,settled
BNK-201184,REF-111303,2026-04-08,-14325.67,EUR,Richards-Johnson,Payout Execution,settled
BNK-201185,REF-455366,03/18/2026,-1603.9,USD,"Malone, Bell and Bryant",ACH DEBIT,settled
BNK-201186,REF-181424,03/17/2026,-14549.24,USD,Gonzalez-Mcdaniel,Payout Execution,settled
BNK-201187,REF-888992,03/12/2026,-9919.58,EUR,"Hobbs, Blanchard and Porter",Payout Execution,settled
BNK-201188,REF-490874,2026-03-10,-9209.38,EUR,Richard LLC,WIRE TRANSFER,settled
BNK-201189,REF-404145,01/03/2026,-16254.06,GBP,Pennington PLC,WIRE TRANSFER,settled
BNK-201190,REF-957130,2026-01-04,-12089.1,EUR,Brown LLC,Payout Execution,settled
BNK-201191,REF-328621,2026-02-14,-12714.43,GBP,"Fleming, King and Herring",Payout Execution,settled
BNK-201192,REF-122971,2026-04-21,-18553.73,EUR,"FOX, HERNANDEZ AND RYAN",Payout Execution,settled
BNK-201193,REF-900069,2026-02-21,-5168.17,USD,"Adams, Rodriguez and Walker",WIRE TRANSFER,settled
BNK-201194,REF-943351,2026-04-09,-10481.52,EUR,Walter Inc,Vendor Settlement,settled
BNK-201195,REF-417180,02/13/2026,-24312.6,USD,Lane-Hines,WIRE TRANSFER,settled
BNK-201196,REF-384745,2026-01-21,-6480.13,GBP,Wilson and Sons,ACH DEBIT,settled
BNK-201197,ref332567,2026-03-28,-9674.46,eur,Arellano-Whitaker,Vendor Settlement,settled
BNK-201198,REF-157041,03/04/2026,-23488.57,USD,Davenport PLC,ACH DEBIT,settled
BNK-201199,REF-282298,03/14/2026,-3776.81,USD,KIRK-HENSON,ACH DEBIT,settled
BNK-201200,REF-178917,2026-01-13,-16048.61,EUR,Jones-Graham,Payout Execution,settled
BNK-201201,ref225878,03/22/2026,-13271.33,USD,"Johnson, Meyer and Hanna",Vendor Settlement,settled
BNK-201202,REF-961216,2026-03-30,-16057.07,EUR,Pena Inc,Vendor Settlement,settled
BNK-201203,REF-109389,2026-02-01,-23921.69,EUR,"Snow, Rodgers and Miller",Payout Execution,settled
BNK-201204,REF-469025,2026-01-07,-21115.43,GBP,Ibarra-Clark,Vendor Settlement,settled
BNK-201205,REF-224630,2026-01-20,-21013.99,GBP,Prince-Martinez,Payout Execution,settled
BNK-201206,ref397485,02/24/2026,-9544.46,EUR,"Waller, Bass and Mitchell",WIRE TRANSFER,settled
BNK-201207,REF-235067,03/21/2026,-4633.36,EUR,Randall-Kerr,Payout Execution,settled
BNK-201208,REF-586530,03/09/2026,-21632.4,eur,Edwards-Boyd,Vendor Settlement,settled
BNK-201209,ref298809,2026-04-08,-2413.75,usd,"WALLER, BASS AND MITCHELL",Vendor Settlement,settled
BNK-201210,REF-419773,2026-04-14,-21005.9,GBP,Smith and Sons,WIRE TRANSFER,settled
BNK-201211,REF-775731,2026-02-26,-3331.57,GBP,STONE AND SONS,WIRE TRANSFER,settled
BNK-201212,REF-373698,2026-03-23,-24833.32,EUR,"Nelson, Bowers and Cooper",Payout Execution,settled
BNK-201213,ref528334,03/21/2026,-15707.99,USD,Howe and Sons,Vendor Settlement,settled
BNK-201214,REF-788545,2026-01-10,-17777.76,eur,Hernandez-Diaz,Payout Execution,settled
BNK-201215,REF-253734,2026-01-08,-2176.87,GBP,Dickson Inc,WIRE TRANSFER,settled
BNK-201216,REF-738513,03/12/2026,-6894.66,EUR,Johnson-Newton,Vendor Settlement,settled
BNK-201217,ref594106,04/13/2026,-19440.37,gbp,"Chavez, Davis and Walton",WIRE TRANSFER,settled
BNK-201218,ref471214,2026-04-14,-15135.34,USD,Gardner Inc,Vendor Settlement,settled
BNK-201219,ref595761,2026-04-20,-23047.59,USD,Randolph and Sons,Vendor Settlement,settled
BNK-201220,REF-319158,2026-03-31,-4475.82,GBP,"Murphy, Jordan and Whitney",Payout Execution,settled
BNK-201221,ref831711,03/20/2026,-3810.01,EUR,Mata Inc,WIRE TRANSFER,settled
BNK-201222,REF-991294,02/03/2026,-15132.41,EUR,Mcclain-Jensen,Payout Execution,settled
BNK-201223,ref333159,04/21/2026,-13532.76,GBP,"MOLINA, WELLS AND BRIGHT",Vendor Settlement,settled
BNK-201224,REF-409611,2026-01-06,-2808.17,GBP,"Graham, Garrett and Caldwell",Payout Execution,settled
BNK-201225,REF-657656,2026-04-23,-12019.19,gbp,Welch-Peck,Vendor Settlement,settled
BNK-201226,REF-238695,02/23/2026,-10545.08,EUR,Bauer Inc,ACH DEBIT,settled
BNK-201227,REF-326578,2026-01-05,-12166.89,GBP,Howe and Sons,ACH DEBIT,settled
BNK-201228,REF-226545,2026-03-17,-6667.9,usd,Prince-Martinez,ACH DEBIT,settled
BNK-201229,REF-590199,2026-03-16,-19190.63,EUR,GOODWIN-MARTINEZ,Payout Execution,settled
BNK-201230,REF-950730,02/03/2026,-23362.76,GBP,Jimenez-Bradley,Vendor Settlement,settled
BNK-201231,REF-508199,03/19/2026,-15774.78,USD,Hunter-Nicholson,Payout Execution,settled
BNK-201232,ref527191,04/01/2026,-15422.86,USD,Brady-Ford,Payout Execution,settled
BNK-201233,REF-165942,2026-04-19,-425.48,usd,"Howell, Hart and Swanson",ACH DEBIT,settled
BNK-201234,ref368079,01/24/2026,-14312.74,EUR,ALLEN AND SONS,Payout Execution,settled
BNK-201235,REF-434829,01/09/2026,-17367.56,EUR,"Clarke, Johnson and Watson",Vendor Settlement,settled
BNK-201236,REF-757668,02/05/2026,-4890.34,EUR,GARCIA AND SONS,WIRE TRANSFER,settled
BNK-201237,REF-773593,04/14/2026,-13562.97,USD,Buckley and Sons,WIRE TRANSFER,settled
BNK-201238,REF-687906,04/22/2026,-7245.17,USD,"Russell, Scott and Ramsey",WIRE TRANSFER,settled
BNK-201239,REF-247525,2026-03-25,-5615.28,gbp,"Taylor, Zavala and Bates",WIRE TRANSFER,settled
BNK-201240,REF-737647,2026-01-20,-16504.58,GBP,Simmons-Green,Vendor Settlement,settled
BNK-201241,REF-103963,2026-01-06,-5063.44,USD,"Pineda, Travis and Jones",Payout Execution,settled
BNK-201242,REF-135410,04/01/2026,-23482.36,eur,"Owens, Peters and White",ACH DEBIT,settled
BNK-201243,REF-964122,2026-04-04,-3403.42,eur,White Group,ACH DEBIT,settled
BNK-201244,ref550573,04/26/2026,-3464.56,GBP,"Malone, Bell and Bryant",Payout Execution,settled
BNK-201245,REF-648110,01/14/2026,-7893.66,EUR,Ingram PLC,Vendor Settlement,settled
BNK-201246,REF-836310,03/20/2026,-20351.34,USD,"Molina, Wells and Bright",WIRE TRANSFER,settled
BNK-201247,REF-402321,2026-03-22,-16521.8,USD,Harvey Inc,WIRE TRANSFER,settled
BNK-201248,REF-517009,2026-02-15,-4336.31,GBP,White-Wilson,Payout Execution,settled
BNK-201249,REF-831411,02/19/2026,-1708.13,GBP,"Luna, Morris and Gill",Vendor Settlement,settled
BNK-201250,REF-811218,05/03/2026,-14195.04,EUR,King-George,ACH DEBIT,settled
BNK-201251,REF-438324,02/24/2026,-10034.38,USD,"Evans, Conway and Hall",Payout Execution,settled
BNK-201252,REF-107181,01/01/2026,-6387.77,EUR,Vincent-Mcclure,Vendor Settlement,settled
BNK-201253,REF-172048,2026-02-05,-3868.81,EUR,Church Inc,WIRE TRANSFER,settled
BNK-201254,ref166608,04/05/2026,-20916.52,EUR,Allen Group,WIRE TRANSFER,settled
BNK-201255,REF-131873,01/31/2026,-18289.77,GBP,SHAW-DECKER,Payout Execution,settled
BNK-201256,ref682209,2026-01-21,-3394.86,EUR,"Johnson, Phillips and Brown",Payout Execution,settled
BNK-201257,ref363417,2026-03-17,-14336.6,eur,Orozco Ltd,ACH DEBIT,settled
BNK-201258,REF-656213,2026-04-29,-20040.73,USD,Beard-Cooper,WIRE TRANSFER,settled
BNK-201259,REF-739277,02/17/2026,-7160.43,EUR,Jones-Turner,WIRE TRANSFER,settled
BNK-201260,ref639285,2026-04-01,-19673.03,GBP,Spears-Beck,ACH DEBIT,settled
BNK-201261,REF-203449,2026-02-03,-20970.13,EUR,"Drake, Torres and Murray",ACH DEBIT,settled
BNK-201262,REF-479389,2026-04-17,-7390.15,USD,"Rodriguez, Evans and Patterson",WIRE TRANSFER,settled
BNK-201263,ref812307,03/04/2026,-24517.88,USD,Hunt-Whitney,Payout Execution,settled
BNK-201264,REF-620512,2026-02-24,-17589.09,USD,Crawford Ltd,Payout Execution,settled
BNK-201265,REF-738084,2026-03-09,-13956.71,EUR,Goodwin-Martinez,Payout Execution,settled
BNK-201266,ref518537,2026-03-19,-9979.88,USD,Lane-Hines,ACH DEBIT,settled
BNK-201267,ref967717,2026-03-26,-12780.82,USD,THORNTON AND SONS,WIRE TRANSFER,settled
BNK-201268,REF-990804,2026-03-27,-5616.99,GBP,"Liu, Parsons and Delacruz",Payout Execution,settled
BNK-201269,ref824059,2026-02-16,-24913.68,USD,"Taylor, Zavala and Bates",WIRE TRANSFER,settled
BNK-201270,REF-774976,2026-01-17,-11013.46,USD,Robinson Group,Vendor Settlement,settled
BNK-201271,ref783043,01/09/2026,-7801.3,EUR,Reynolds-Torres,Payout Execution,settled
BNK-201272,REF-156032,03/10/2026,-21961.58,EUR,Hays-Dalton,Vendor Settlement,settled
BNK-201273,ref953963,02/08/2026,-20489.58,EUR,Gardner-Hayes,WIRE TRANSFER,settled
BNK-201274,ref560515,2026-03-26,-15045.46,GBP,Rivera-Stanley,ACH DEBIT,settled
BNK-201275,REF-996046,02/20/2026,-5685.31,EUR,Anderson LLC,Payout Execution,settled
BNK-201276,REF-285268,02/21/2026,-21167.81,GBP,Howard LLC,Payout Execution,settled
BNK-201277,REF-273628,2026-04-25,-98.36,USD,White-Wilson,ACH DEBIT,settled
BNK-201278,REF-689774,2026-04-15,-17483.79,USD,Howard LLC,WIRE TRANSFER,settled
BNK-201279,REF-885489,2026-04-30,-20302.4,eur,Mitchell-Byrd,Payout Execution,settled
BNK-201280,REF-428673,2026-01-20,-10901.8,usd,Joseph Group,WIRE TRANSFER,settled
BNK-201281,REF-680624,2026-02-24,-1832.45,usd,Robinson and Sons,ACH DEBIT,settled
BNK-201282,ref914601,02/02/2026,-696.87,USD,Brown LLC,Payout Execution,settled
BNK-201283,REF-886891,04/12/2026,-5474.18,GBP,Austin-Bonilla,WIRE TRANSFER,settled
BNK-201284,REF-931324,05/01/2026,-15206.2,USD,"Ramirez, Hernandez and Fox",WIRE TRANSFER,settled
BNK-201285,REF-661977,2026-04-27,-12040.75,usd,Shaw-Decker,Vendor Settlement,settled
BNK-201286,REF-197302,02/15/2026,-14516.98,USD,Schneider Ltd,ACH DEBIT,settled
BNK-201287,REF-199361,2026-02-26,-6115.41,eur,Perez-Neal,Payout Execution,settled
BNK-201288,REF-532592,2026-03-10,-6272.99,EUR,"BERRY, RIOS AND MARSHALL",Payout Execution,settled
BNK-201289,REF-548595,2026-01-21,-10178.49,GBP,"Malone, Bell and Bryant",WIRE TRANSFER,settled
BNK-201290,REF-829153,04/27/2026,-21860.11,GBP,CHARLES-BUTLER,WIRE TRANSFER,settled
BNK-201291,REF-120020,2026-01-19,-8010.97,GBP,Coffey-Howell,WIRE TRANSFER,settled
BNK-201292,ref797134,2026-01-24,-21729.8,GBP,Allen and Sons,ACH DEBIT,settled
BNK-201293,REF-290353,2026-02-18,-4831.27,GBP,Bryant LLC,Vendor Settlement,settled
BNK-201294,REF-931574,2026-02-24,-7477.57,EUR,Fletcher-Pruitt,Vendor Settlement,settled
BNK-201295,REF-755450,03/24/2026,-6936.28,GBP,"WALKER, GARCIA AND MCGUIRE",WIRE TRANSFER,settled
BNK-201296,REF-925789,02/17/2026,-6706.09,EUR,Mata Inc,Payout Execution,settled
BNK-201297,REF-854638,02/26/2026,-19441.93,eur,"Garner, Lawson and Richard",Vendor Settlement,settled
BNK-201298,REF-264263,2026-01-13,-7462.81,EUR,Moore LLC,WIRE TRANSFER,settled
BNK-201299,REF-705815,2026-03-27,-12517.78,EUR,Zimmerman Group,WIRE TRANSFER,settled
BNK-201300,ref584342,04/03/2026,-2560.12,gbp,Lopez-Stout,ACH DEBIT,settled
BNK-201301,REF-388461,04/06/2026,-13909.4,USD,Pennington PLC,Vendor Settlement,settled
BNK-201302,REF-887116,02/15/2026,-9730.3,gbp,"Thompson, Cooper and Young",Vendor Settlement,settled
BNK-201303,REF-533703,2026-03-26,-24837.06,USD,"Smith, Guerra and Holmes",ACH DEBIT,settled
BNK-201304,ref466901,01/24/2026,-845.72,EUR,GALLEGOS-STEWART,ACH DEBIT,settled
BNK-201305,REF-386923,03/31/2026,-20834.94,gbp,"PETERSON, HOOD AND ARROYO",ACH DEBIT,settled
BNK-201306,REF-786243,2026-03-18,-2615.64,USD,"Molina, Wells and Bright",WIRE TRANSFER,settled
BNK-201307,REF-175868,2026-04-08,-10119.85,GBP,King LLC,Vendor Settlement,settled
BNK-201308,REF-803908,2026-03-14,-1890.31,USD,Gonzalez-Mcdaniel,ACH DEBIT,settled
BNK-201309,REF-814966,03/17/2026,-5101.87,USD,"Evans, Conway and Hall",ACH DEBIT,settled
BNK-201310,REF-762700,2026-04-20,-3334.69,GBP,Jones-Turner,Payout Execution,settled
BNK-201311,ref926925,2026-03-12,-4708.37,USD,"Johnson, Meyer and Hanna",Vendor Settlement,settled
BNK-201312,REF-451813,2026-04-28,-1926.48,USD,"Hobbs, Blanchard and Porter",Vendor Settlement,settled
BNK-201313,REF-763745,01/19/2026,-18496.35,USD,"Malone, Bell and Bryant",Vendor Settlement,settled
BNK-201314,ref132113,01/09/2026,-12679.42,GBP,Mann Group,Payout Execution,settled
BNK-201315,REF-263643,03/01/2026,-11220.16,gbp,Richard LLC,ACH DEBIT,settled
BNK-201316,REF-496438,04/17/2026,-2803.01,usd,Dickson-Padilla,Payout Execution,settled
BNK-201317,ref662349,2026-01-18,-16816.09,usd,Lee-Taylor,WIRE TRANSFER,settled
BNK-201318,REF-442613,03/02/2026,-7115.61,gbp,"Yu, Nguyen and Wood",ACH DEBIT,settled
BNK-201319,REF-131144,2026-03-28,-17620.66,USD,Pierce Inc,WIRE TRANSFER,settled
BNK-201320,REF-896048,03/26/2026,-23913.68,gbp,Reynolds LLC,Vendor Settlement,settled
BNK-201321,REF-682662,2026-03-03,-23247.63,EUR,"Jackson, Romero and Mendez",WIRE TRANSFER,settled
BNK-201322,REF-713608,03/13/2026,-16850.37,USD,Moore LLC,WIRE TRANSFER,settled
BNK-201323,REF-831772,2026-02-09,-22876.29,EUR,"Roberts, Frazier and Smith",Payout Execution,settled
BNK-201324,REF-447665,02/20/2026,-393.95,USD,GORDON-ROBERTS,Payout Execution,settled
BNK-201325,REF-475090,01/18/2026,-7488.55,GBP,Welch-Peck,Payout Execution,settled
BNK-201326,REF-808116,2026-02-06,-8094.64,USD,"BRYANT, HARRISON AND CARTER",ACH DEBIT,settled
BNK-201327,REF-660544,2026-02-12,-8566.65,EUR,Gallegos-Stewart,Payout Execution,settled
BNK-201328,REF-728918,03/29/2026,-5560.04,USD,"Taylor, Zavala and Bates",WIRE TRANSFER,settled
BNK-201329,REF-823683,04/28/2026,-15137.39,EUR,"Short, Moore and Douglas",WIRE TRANSFER,settled
BNK-201330,REF-525847,2026-04-27,-17120.31,GBP,"Curry, Wolfe and Ramirez",Vendor Settlement,settled
BNK-201331,REF-258569,2026-01-24,-7569.21,EUR,Buckley and Sons,Payout Execution,settled
BNK-201332,REF-204280,02/26/2026,-17725.61,GBP,"WILSON, ROBERTSON AND GONZALEZ",Vendor Settlement,settled
BNK-201333,REF-942846,04/04/2026,-5691.94,EUR,Hammond Ltd,ACH DEBIT,settled
BNK-201334,REF-410072,2026-03-21,-345.89,GBP,Peterson LLC,Payout Execution,settled
BNK-201335,REF-127790,01/19/2026,-16211.36,EUR,SMITH AND SONS,ACH DEBIT,settled
BNK-201336,REF-548348,03/22/2026,-625.41,gbp,Gonzalez-Mcdaniel,WIRE TRANSFER,settled
BNK-201337,REF-399962,2026-01-11,-10366.74,EUR,"Hobbs, Blanchard and Porter",WIRE TRANSFER,settled
BNK-201338,REF-498562,04/20/2026,-10947.91,gbp,"Ward, Garcia and Henry",WIRE TRANSFER,settled
BNK-201339,REF-131807,03/28/2026,-1055.07,USD,Vincent-Mcclure,WIRE TRANSFER,settled
BNK-201340,REF-974955,03/05/2026,-23578.1,USD,"Martinez, Henderson and Osborne",Payout Execution,settled
BNK-201341,REF-526556,02/17/2026,-17711.24,USD,Hughes Inc,Vendor Settlement,settled
BNK-201342,REF-726290,2026-01-23,-21898.51,GBP,Skinner Ltd,WIRE TRANSFER,settled
BNK-201343,REF-305398,2026-04-12,-22528.33,USD,Rivera-Stanley,Payout Execution,settled
BNK-201344,REF-313502,01/04/2026,-17460.41,USD,Farrell-Willis,WIRE TRANSFER,settled
BNK-201345,REF-519641,2026-03-06,-7933.49,GBP,Spears-Beck,Payout Execution,settled
BNK-201346,REF-627831,2026-02-08,-700.99,USD,Garcia Ltd,Payout Execution,settled
BNK-201347,ref316893,04/01/2026,-12481.66,GBP,White Group,WIRE TRANSFER,settled
BNK-201348,REF-751828,2026-02-04,-2865.27,USD,"Brown, Middleton and Williams",ACH DEBIT,settled
BNK-201349,REF-151157,2026-03-11,-19682.4,GBP,"Pena, Jones and Sanchez",ACH DEBIT,settled
BNK-201350,REF-647818,01/27/2026,-1919.3,USD,"Davis, Kim and Ingram",ACH DEBIT,settled
BNK-201351,REF-981637,2026-03-12,-9551.27,EUR,Anderson Inc,WIRE TRANSFER,settled
BNK-201352,REF-189325,01/17/2026,-10621.72,GBP,Best Inc,WIRE TRANSFER,settled
BNK-201353,REF-298800,02/18/2026,-8337.67,GBP,Ingram PLC,Vendor Settlement,settled
BNK-201354,REF-248925,2026-03-26,-7075.16,eur,Smith-Gaines,Vendor Settlement,settled
BNK-201355,REF-265245,2026-01-28,-186.34,GBP,"WILSON, ROBERTSON AND GONZALEZ",Vendor Settlement,settled
BNK-201356,REF-670811,04/14/2026,-2684.7,usd,Dickson-Padilla,ACH DEBIT,settled
BNK-201357,REF-896871,01/18/2026,-11741.84,GBP,"Miller, Anderson and Padilla",WIRE TRANSFER,settled
BNK-201358,REF-302859,2026-01-20,-1852.75,USD,"Yu, Nguyen and Wood",Payout Execution,settled
BNK-201359,REF-909375,02/15/2026,-2730.7,EUR,Perez-Neal,Vendor Settlement,settled
BNK-201360,REF-847263,2026-03-30,-23625.79,gbp,WAGNER LTD,ACH DEBIT,settled
BNK-201361,REF-152500,2026-02-23,-17339.65,EUR,Jenkins-Henderson,ACH DEBIT,settled
BNK-201362,REF-687753,02/16/2026,-12610.39,USD,"Kennedy, Lopez and Norton",WIRE TRANSFER,settled
BNK-201363,REF-522491,03/16/2026,-15013.07,USD,"Rodriguez, Sutton and Santiago",Vendor Settlement,settled
BNK-201364,REF-482590,02/24/2026,-17324.52,GBP,Lewis-Robinson,WIRE TRANSFER,settled
BNK-201365,REF-418970,2026-01-14,-544.26,EUR,"Luna, Morris and Gill",WIRE TRANSFER,settled
BNK-201366,REF-787294,2026-04-19,-24709.09,EUR,DICKSON-GUTIERREZ,ACH DEBIT,settled
BNK-201367,REF-424767,2026-04-16,-13038.0,GBP,"Malone, Bell and Bryant",ACH DEBIT,settled
BNK-201368,REF-375263,2026-05-01,-15550.4,USD,"Luna, Morris and Gill",ACH DEBIT,settled
BNK-201369,REF-917689,2026-02-09,-13009.82,EUR,"Roberts, Frazier and Smith",WIRE TRANSFER,settled
BNK-201370,REF-742643,01/03/2026,-17029.99,USD,BROWN AND SONS,ACH DEBIT,settled
BNK-201371,REF-863859,2026-04-07,-18342.83,EUR,Peters-Ward,WIRE TRANSFER,settled
BNK-201372,REF-192045,2026-01-06,-13630.05,GBP,Robinson Group,WIRE TRANSFER,settled
BNK-201373,REF-956710,2026-02-21,-11202.47,EUR,White Group,WIRE TRANSFER,settled
BNK-201374,REF-732565,02/16/2026,-12019.8,USD,Perez-Neal,Vendor Settlement,settled
BNK-201375,REF-678222,03/09/2026,-2756.28,EUR,Harvey Inc,ACH DEBIT,settled
BNK-201376,REF-783134,04/30/2026,-13151.41,USD,Nguyen-White,Payout Execution,settled
BNK-201377,REF-229489,2026-01-03,-19354.19,GBP,Lopez-Stout,ACH DEBIT,settled
BNK-201378,REF-992319,2026-01-30,-3752.14,USD,White-Wilson,ACH DEBIT,settled
BNK-201379,REF-372170,01/20/2026,-22619.85,GBP,Best Inc,Vendor Settlement,settled
BNK-201380,REF-152113,02/04/2026,-22534.75,GBP,Garcia and Sons,Vendor Settlement,settled
BNK-201381,REF-639086,02/15/2026,-22410.68,GBP,Gonzalez Inc,Vendor Settlement,settled
BNK-201382,REF-261750,01/31/2026,-20751.01,gbp,Davis PLC,Vendor Settlement,settled
BNK-201383,REF-355700,2026-02-10,-16430.76,GBP,Davis Group,Vendor Settlement,settled
BNK-201384,REF-580127,2026-01-07,-10037.3,USD,"Garza, Barker and Maddox",Payout Execution,settled
BNK-201385,ref689538,01/31/2026,-6759.29,eur,DICKSON-PADILLA,WIRE TRANSFER,settled
BNK-201386,REF-167874,2026-04-24,-7808.51,EUR,Hunt-Whitney,Vendor Settlement,settled
BNK-201387,REF-274975,2026-02-06,-16429.09,GBP,Peters-Ward,Payout Execution,settled
BNK-201388,REF-809778,04/03/2026,-5605.53,USD,Griffin Inc,ACH DEBIT,settled
BNK-201389,ref575797,2026-04-01,-7833.8,GBP,Jones Group,Payout Execution,settled
BNK-201390,REF-598731,2026-04-18,-21150.26,GBP,Washington-West,ACH DEBIT,settled
BNK-201391,ref698757,2026-02-24,-9821.57,USD,"Pena, Jones and Sanchez",ACH DEBIT,settled
BNK-201392,REF-960764,2026-01-19,-18034.56,GBP,STONE AND SONS,WIRE TRANSFER,settled
BNK-201393,REF-259649,03/25/2026,-21258.97,USD,"Garcia, Mercado and West",WIRE TRANSFER,settled
BNK-201394,REF-589221,2026-02-26,-9061.25,EUR,Fletcher-Pruitt,WIRE TRANSFER,settled
BNK-201395,REF-784902,2026-03-29,-5644.97,USD,"Bates, Diaz and Lowe",ACH DEBIT,settled
BNK-201396,REF-982746,01/16/2026,-5360.4,USD,Jones-Fuentes,WIRE TRANSFER,settled
BNK-201397,REF-607559,04/10/2026,-5465.33,EUR,Perez-Neal,Vendor Settlement,settled
BNK-201398,ref110855,2026-01-07,-1435.58,EUR,Washington-West,ACH DEBIT,settled
BNK-201399,ref898210,2026-02-28,-14871.3,GBP,Smith-Gaines,Payout Execution,settled
BNK-201400,REF-355419,01/12/2026,-13554.05,usd,Mckinney-Cooper,Payout Execution,settled
BNK-201401,REF-934765,2026-02-16,-13397.04,GBP,Silva-Green,ACH DEBIT,settled
BNK-201402,REF-874142,02/02/2026,-16221.61,GBP,Webster and Sons,WIRE TRANSFER,settled
BNK-201403,REF-219684,2026-03-01,-19519.07,EUR,"Garza, Barker and Maddox",Vendor Settlement,settled
BNK-201404,REF-377695,03/23/2026,-22056.76,gbp,Cochran Inc,Vendor Settlement,settled
BNK-201405,REF-891935,04/01/2026,-5927.28,EUR,"Miller, Anderson and Padilla",ACH DEBIT,settled
BNK-201406,REF-618435,02/16/2026,-13608.97,USD,Brown-Huynh,ACH DEBIT,settled
BNK-201407,REF-618247,2026-01-24,-7565.6,eur,"Rodriguez, Evans and Patterson",ACH DEBIT,settled
BNK-201408,REF-541972,04/05/2026,-2839.55,EUR,"Bryant, Harrison and Carter",Payout Execution,settled
BNK-201409,REF-610049,2026-01-31,-99.67,EUR,MORRIS INC,Vendor Settlement,settled
BNK-201410,REF-727373,2026-02-17,-12076.78,USD,ARNOLD-BECK,Payout Execution,settled
BNK-201411,REF-830357,03/01/2026,-535.05,GBP,Davenport PLC,Vendor Settlement,settled
BNK-201412,REF-230273,03/04/2026,-7910.2,USD,Kelly-Murphy,ACH DEBIT,settled
BNK-201413,REF-198690,04/17/2026,-2390.45,EUR,Walters PLC,Payout Execution,settled
BNK-201414,REF-823246,04/22/2026,-2239.78,USD,"Graham, Ferguson and Hill",ACH DEBIT,settled
BNK-201415,REF-816458,2026-04-14,-24777.93,EUR,Wade PLC,WIRE TRANSFER,settled
BNK-201416,REF-731296,03/30/2026,-18863.97,USD,Newman-Thomas,WIRE TRANSFER,settled
BNK-201417,REF-762823,03/19/2026,-3849.89,eur,Hunt PLC,ACH DEBIT,settled
BNK-201418,REF-211457,2026-04-28,-20805.98,eur,Dickson Inc,WIRE TRANSFER,settled
BNK-201419,REF-328199,02/25/2026,-7975.52,USD,Davis PLC,Payout Execution,settled
BNK-201420,REF-740972,2026-04-08,-22868.79,USD,Roberts Group,ACH DEBIT,settled
BNK-201421,REF-601449,01/06/2026,-4822.93,EUR,"Hernandez, Hill and Hull",WIRE TRANSFER,settled
BNK-201422,REF-930380,2026-04-25,-2374.09,GBP,Simmons-Green,Vendor Settlement,settled
BNK-201423,REF-679597,2026-04-09,-7272.47,USD,"Thompson, Cooper and Young",ACH DEBIT,settled
BNK-201424,REF-108456,02/07/2026,-16442.82,EUR,"Payne, Wall and Hernandez",ACH DEBIT,settled
BNK-201425,REF-964710,03/10/2026,-24753.22,GBP,Nguyen-White,WIRE TRANSFER,settled
BNK-201426,REF-281685,2026-03-18,-10833.74,GBP,BEST INC,ACH DEBIT,settled
BNK-201427,REF-102307,02/08/2026,-3192.24,GBP,Schneider Ltd,Vendor Settlement,settled
BNK-201428,REF-557367,02/26/2026,-9288.9,GBP,"Graham, Ferguson and Hill",WIRE TRANSFER,settled
BNK-201429,REF-961082,02/13/2026,-545.07,EUR,Walter Inc,Payout Execution,settled
BNK-201430,REF-444076,2026-02-21,-8084.83,usd,Allen Ltd,Vendor Settlement,settled
BNK-201431,REF-495618,03/29/2026,-24649.23,GBP,"Kennedy, Lopez and Norton",ACH DEBIT,settled
BNK-201432,ref561703,03/21/2026,-14616.45,USD,"Hansen, Herrera and Taylor",Payout Execution,settled
BNK-201433,REF-863333,03/16/2026,-26.29,EUR,"Hernandez, Greer and Jackson",WIRE TRANSFER,settled
BNK-201434,REF-391754,04/30/2026,-14397.7,EUR,Li-Jones,WIRE TRANSFER,settled
BNK-201435,REF-275970,2026-03-18,-1825.72,GBP,Wilson Group,WIRE TRANSFER,settled
BNK-201436,REF-174810,04/14/2026,-21866.75,EUR,Hickman-Walter,Payout Execution,settled
BNK-201437,REF-675952,2026-02-28,-567.85,usd,Roberts LLC,Vendor Settlement,settled
BNK-201438,REF-443458,2026-02-20,-18980.69,USD,"Ramirez, Hernandez and Fox",WIRE TRANSFER,settled
BNK-201439,REF-257851,03/28/2026,-5834.91,GBP,"Chavez, Davis and Walton",ACH DEBIT,settled
BNK-201440,REF-533561,03/28/2026,-11538.08,EUR,Anderson-Parks,Payout Execution,settled
BNK-201441,REF-450520,04/02/2026,-16260.33,EUR,"Ward, Garcia and Henry",ACH DEBIT,settled
BNK-201442,ref589942,02/24/2026,-21806.18,usd,Webster and Sons,Payout Execution,settled
BNK-201443,REF-528910,04/13/2026,-14285.11,EUR,Thomas PLC,Vendor Settlement,settled
BNK-201444,REF-816741,2026-03-24,-23538.63,eur,King LLC,Vendor Settlement,settled
BNK-201445,REF-325482,03/08/2026,-2191.92,usd,Washington-West,Payout Execution,settled
BNK-201446,REF-519320,2026-02-24,-7034.59,EUR,"CLARKE, JOHNSON AND WATSON",Vendor Settlement,settled
BNK-201447,REF-342805,03/30/2026,-6923.75,USD,Gray PLC,Vendor Settlement,settled
BNK-201448,REF-326787,01/09/2026,-1700.46,USD,Beard-Cooper,ACH DEBIT,settled
BNK-201449,REF-297108,2026-01-02,-7498.31,EUR,"Hernandez, Wade and Rodriguez",Payout Execution,settled
BNK-201450,ref313443,01/13/2026,-11989.68,USD,Walter Inc,Payout Execution,settled
BNK-201451,REF-677112,2026-03-06,-15951.44,GBP,Peterson LLC,ACH DEBIT,settled
BNK-201452,REF-664172,2026-01-28,-9435.33,EUR,Dickson Inc,ACH DEBIT,settled
BNK-201453,REF-264611,2026-02-09,-4747.24,USD,Anderson-Parks,ACH DEBIT,settled
BNK-201454,REF-521084,04/03/2026,-2289.68,USD,"Thompson, Cooper and Young",ACH DEBIT,settled
BNK-201455,REF-149757,04/27/2026,-11037.75,USD,Cobb Group,Payout Execution,settled
BNK-201456,REF-685484,04/13/2026,-8155.27,EUR,Barrera Group,Vendor Settlement,settled
BNK-201457,REF-499020,2026-04-03,-597.12,USD,"Rodriguez, Evans and Patterson",ACH DEBIT,settled
BNK-201458,REF-769029,04/30/2026,-15829.67,EUR,MORGAN-MCKINNEY,WIRE TRANSFER,settled
BNK-201459,REF-938496,03/28/2026,-8647.94,usd,"Cox, Fernandez and Baker",Payout Execution,settled
BNK-201460,REF-745592,02/14/2026,-22823.9,EUR,Walters LLC,Vendor Settlement,settled
BNK-201461,ref116709,2026-02-22,-17669.76,USD,"Drake, Torres and Murray",Vendor Settlement,settled
BNK-201462,REF-187484,02/04/2026,-1065.41,GBP,Hughes Inc,WIRE TRANSFER,settled
BNK-201463,REF-633367,2026-03-11,-5533.43,gbp,Randolph and Sons,ACH DEBIT,settled
BNK-201464,REF-500755,03/13/2026,-22120.9,USD,MAXWELL-SHEPHERD,ACH DEBIT,settled
BNK-201465,REF-357836,2026-04-06,-21424.53,GBP,"Fox, Hernandez and Ryan",Vendor Settlement,settled
BNK-201466,REF-197492,04/25/2026,-3225.44,USD,Robinson Group,Payout Execution,settled
BNK-201467,REF-792929,2026-03-30,-20871.96,EUR,Wagner Ltd,WIRE TRANSFER,settled
BNK-201468,REF-459502,03/08/2026,-5261.47,EUR,"Liu, Parsons and Delacruz",Payout Execution,settled
BNK-201469,REF-441263,2026-03-17,-12003.76,eur,Robbins LLC,Vendor Settlement,settled
BNK-201470,REF-767013,2026-04-02,-24135.06,USD,Cooper Ltd,ACH DEBIT,settled
BNK-201471,REF-433754,2026-04-11,-6723.82,EUR,Morgan-Mckinney,Payout Execution,settled
BNK-201472,REF-975634,01/08/2026,-8790.27,GBP,"Short, Moore and Douglas",WIRE TRANSFER,settled
BNK-201473,REF-500105,03/04/2026,-7650.11,GBP,Schneider Ltd,ACH DEBIT,settled
BNK-201474,REF-329820,04/23/2026,-13849.88,USD,"Rogers, Anderson and Campos",ACH DEBIT,settled
BNK-201475,REF-997363,2026-03-05,-22315.09,USD,"MOSS, ATKINS AND DANIELS",Vendor Settlement,settled
BNK-201476,REF-656495,2026-04-02,-2699.46,GBP,Smith Ltd,ACH DEBIT,settled
BNK-201477,REF-456708,2026-03-01,-13938.14,USD,Arroyo-Pope,Vendor Settlement,settled
BNK-201478,ref603838,2026-04-18,-11159.13,GBP,HUGHES INC,Payout Execution,settled
BNK-201479,REF-804836,2026-01-27,-15110.28,USD,"Taylor, Zavala and Bates",Payout Execution,settled
BNK-201480,REF-860515,02/10/2026,-12048.18,EUR,"Martinez, Joseph and Simmons",Payout Execution,settled
BNK-201481,REF-524584,03/06/2026,-20755.96,EUR,Johnson Inc,ACH DEBIT,settled
BNK-201482,REF-795428,01/31/2026,-19168.33,gbp,"Hayes, Luna and Miller",Vendor Settlement,settled
BNK-201483,REF-199856,2026-02-10,-6777.33,GBP,"Salinas, Barnes and Cooper",WIRE TRANSFER,settled
BNK-201484,REF-611494,2026-04-18,-12162.46,GBP,Church Inc,Vendor Settlement,settled
BNK-201485,REF-206705,2026-03-02,-11114.89,EUR,Li-Jones,Payout Execution,settled
BNK-201486,REF-397167,2026-03-06,-24867.48,GBP,"Ramirez, Hernandez and Fox",ACH DEBIT,settled
BNK-201487,REF-501832,05/02/2026,-18955.51,EUR,Hamilton-Bautista,WIRE TRANSFER,settled
BNK-201488,REF-918511,04/14/2026,-2768.3,EUR,Gomez-Cardenas,Vendor Settlement,settled
BNK-201489,REF-612805,01/06/2026,-17588.19,GBP,Lewis-Robinson,WIRE TRANSFER,settled
BNK-201490,REF-616422,2026-01-24,-1202.03,EUR,Newman-Thomas,Payout Execution,settled
BNK-201491,REF-154053,03/28/2026,-4920.53,GBP,Price PLC,WIRE TRANSFER,settled
BNK-201492,REF-720020,04/15/2026,-5951.18,GBP,Bowers Ltd,ACH DEBIT,settled
BNK-201493,REF-213461,2026-01-13,-8073.73,USD,"Lewis, Joyce and Robertson",Vendor Settlement,settled
BNK-201494,REF-492990,2026-01-26,-9454.12,EUR,Wright Group,Vendor Settlement,settled
BNK-201495,REF-679460,01/29/2026,-17186.56,USD,Welch-Peck,Vendor Settlement,settled
BNK-201496,REF-178119,01/05/2026,-9565.5,USD,Erickson and Sons,ACH DEBIT,settled
BNK-201497,REF-606362,03/07/2026,-12716.25,EUR,"Garcia, Mercado and West",WIRE TRANSFER,settled
BNK-201498,REF-536245,03/23/2026,-16363.79,GBP,"Owen, Gibson and Johnson",ACH DEBIT,settled
BNK-201499,REF-520065,2026-04-13,-9693.39,EUR,Harvey Inc,WIRE TRANSFER,settled
BNK-201500,REF-452628,2026-01-19,-16138.19,usd,DAVIS-MITCHELL,Vendor Settlement,settled
BNK-201501,REF-223591,01/28/2026,-23863.25,EUR,Jones-Graham,Vendor Settlement,settled
BNK-201502,REF-931171,2026-02-17,-13771.31,GBP,Reed PLC,WIRE TRANSFER,settled
BNK-201503,REF-426629,03/04/2026,-11229.65,eur,White Group,ACH DEBIT,settled
BNK-201504,REF-638157,2026-02-19,-4755.22,GBP,"Davis, Kim and Ingram",Payout Execution,settled
BNK-201505,REF-159751,03/01/2026,-840.64,eur,COLON GROUP,Payout Execution,settled
BNK-201506,REF-684426,04/08/2026,-9644.99,EUR,"MILLER, ANDERSON AND PADILLA",Vendor Settlement,settled
BNK-201507,REF-347814,04/08/2026,-21072.89,GBP,Bowers Ltd,Payout Execution,settled
BNK-201508,REF-394551,03/13/2026,-2929.85,USD,Church Inc,ACH DEBIT,settled
BNK-201509,REF-477360,2026-04-27,-12104.13,eur,"CLARKE, JOHNSON AND WATSON",Payout Execution,settled
BNK-201510,REF-692733,03/08/2026,-10472.73,EUR,Schneider Ltd,ACH DEBIT,settled
BNK-201511,REF-983793,01/03/2026,-13222.41,eur,"Payne, Wall and Hernandez",Payout Execution,settled
BNK-201512,REF-893634,2026-01-08,-10989.85,EUR,"Williams, Oneill and Torres",WIRE TRANSFER,settled
BNK-201513,REF-726077,2026-03-13,-24709.19,USD,Allen and Sons,WIRE TRANSFER,settled
BNK-201514,REF-989364,2026-04-18,-588.38,EUR,Peters-Ward,WIRE TRANSFER,settled
BNK-201515,REF-460326,03/06/2026,-14979.68,USD,Ramsey-Caldwell,Vendor Settlement,settled
BNK-201516,REF-110282,2026-04-12,-24047.12,GBP,LAWRENCE-LEE,WIRE TRANSFER,settled
BNK-201517,REF-768510,2026-03-14,-12004.78,EUR,"Walker, Garcia and Mcguire",ACH DEBIT,settled
BNK-201518,REF-238116,2026-03-28,-23064.53,GBP,Young-Hudson,WIRE TRANSFER,settled
BNK-201519,REF-798910,2026-04-30,-4362.69,USD,Davis PLC,ACH DEBIT,settled
BNK-201520,REF-122232,2026-01-20,-7822.68,gbp,Rose-Gonzales,Vendor Settlement,settled
BNK-201521,REF-382130,2026-01-09,-15497.36,GBP,Smith and Sons,Payout Execution,settled
BNK-201522,REF-870645,02/09/2026,-1408.67,GBP,"Wilson, Robertson and Gonzalez",WIRE TRANSFER,settled
BNK-201523,REF-260986,03/18/2026,-21614.1,EUR,HAYS-DALTON,Payout Execution,settled
BNK-201524,REF-747417,2026-01-04,-15242.36,EUR,Reeves Ltd,WIRE TRANSFER,settled
BNK-201525,REF-457004,03/18/2026,-14394.34,USD,Gonzalez-Mcdaniel,ACH DEBIT,settled
BNK-201526,REF-581810,04/18/2026,-24340.55,EUR,Charles-Butler,Payout Execution,settled
BNK-201527,REF-173494,03/30/2026,-12940.36,GBP,Lane-Hines,Payout Execution,settled
BNK-201528,REF-584903,03/23/2026,-4958.89,EUR,Wilson Ltd,Payout Execution,settled
BNK-201529,ref659877,05/01/2026,-19078.41,USD,Arellano-Whitaker,ACH DEBIT,settled
BNK-201530,REF-500496,02/23/2026,-10394.61,EUR,Schneider Ltd,ACH DEBIT,settled
BNK-201531,REF-205125,2026-04-29,-17952.86,EUR,"Pena, Jones and Sanchez",WIRE TRANSFER,settled
BNK-201532,REF-168970,2026-03-25,-10542.08,USD,Price PLC,Vendor Settlement,settled
BNK-201533,REF-827228,04/28/2026,-15421.01,GBP,Kirk-Henson,WIRE TRANSFER,settled
BNK-201534,REF-312643,2026-04-06,-10082.03,USD,Allen Group,Payout Execution,settled
BNK-201535,REF-372428,2026-02-12,-6254.25,gbp,"Martinez, Joseph and Simmons",WIRE TRANSFER,settled
BNK-201536,REF-342428,2026-02-11,-23653.58,USD,Lopez-Stout,WIRE TRANSFER,settled
BNK-201537,ref332065,2026-04-25,-6221.8,GBP,"Evans, Conway and Hall",WIRE TRANSFER,settled
BNK-201538,REF-764315,2026-01-05,-3834.36,eur,Kim Group,ACH DEBIT,settled
BNK-201539,REF-194135,2026-04-02,-8183.17,USD,"Salinas, Barnes and Cooper",Vendor Settlement,settled
BNK-201540,REF-952505,2026-02-18,-7656.07,USD,Mata Inc,ACH DEBIT,settled
BNK-201541,REF-366263,03/20/2026,-17894.53,USD,Newman-Thomas,Payout Execution,settled
BNK-201542,REF-980694,2026-01-04,-24517.02,EUR,Brown and Sons,Vendor Settlement,settled
BNK-201543,REF-429664,01/10/2026,-7833.7,EUR,Smith Ltd,ACH DEBIT,settled
BNK-201544,REF-146275,2026-01-14,-18635.44,GBP,"Bates, Diaz and Lowe",WIRE TRANSFER,settled
BNK-201545,REF-354880,02/21/2026,-980.67,eur,Davenport PLC,Vendor Settlement,settled
BNK-201546,REF-895516,2026-03-10,-8368.43,EUR,Gardner Inc,ACH DEBIT,settled
BNK-201547,REF-118604,2026-02-07,-11466.08,EUR,Dickson-Gutierrez,Payout Execution,settled
BNK-201548,REF-531652,2026-01-28,-8683.32,EUR,Hunter-Nicholson,Payout Execution,settled
BNK-201549,REF-147640,2026-02-26,-2122.93,EUR,Beard-Cooper,ACH DEBIT,settled
BNK-201550,REF-654965,02/15/2026,-431.03,USD,Thompson-Campbell,WIRE TRANSFER,settled
BNK-201551,REF-489206,01/15/2026,-2728.95,USD,Kirk-Henson,Vendor Settlement,settled
BNK-201552,REF-854892,2026-04-06,-14756.6,USD,"Owens, Peters and White",Payout Execution,settled
BNK-201553,REF-651710,02/04/2026,-5383.51,USD,"Molina, Wells and Bright",Vendor Settlement,settled
BNK-201554,REF-506308,2026-04-07,-7869.45,EUR,"Howard, Russo and Smith",WIRE TRANSFER,settled
BNK-201555,REF-235936,01/05/2026,-129.33,USD,"Martinez, Henderson and Osborne",ACH DEBIT,settled
BNK-201556,REF-631461,2026-04-09,-23077.62,GBP,Erickson and Sons,WIRE TRANSFER,settled
BNK-201557,REF-186924,02/24/2026,-14602.99,EUR,Maxwell-Shepherd,WIRE TRANSFER,settled
BNK-201558,REF-583906,2026-04-22,-4805.01,USD,BROWN AND SONS,WIRE TRANSFER,settled
BNK-201559,ref106712,2026-02-23,-15116.96,USD,Brown Ltd,ACH DEBIT,settled
BNK-201560,REF-418529,2026-04-26,-23911.42,GBP,"Dorsey, Patterson and Harrison",WIRE TRANSFER,settled
BNK-201561,REF-110179,02/10/2026,-23598.11,GBP,Hawkins-Saunders,ACH DEBIT,settled
BNK-201562,REF-410286,2026-01-15,-19814.81,EUR,Allen-Taylor,Vendor Settlement,settled
BNK-201563,REF-380734,04/03/2026,-15001.1,USD,Allen-Taylor,Payout Execution,settled
BNK-201564,REF-294848,2026-01-14,-18701.16,GBP,"Jackson, Romero and Mendez",Payout Execution,settled
BNK-201565,REF-128062,2026-01-13,-6054.86,GBP,Hamilton-Bautista,ACH DEBIT,settled
BNK-201566,REF-912538,02/20/2026,-11610.38,EUR,Roberts Group,WIRE TRANSFER,settled
BNK-201567,REF-609908,2026-02-26,-19953.36,USD,"Chavez, Davis and Walton",ACH DEBIT,settled
BNK-201568,REF-124773,03/20/2026,-20807.88,USD,"Yu, Nguyen and Wood",Payout Execution,settled
BNK-201569,REF-269616,2026-05-01,-24623.55,EUR,Dudley Ltd,Vendor Settlement,settled
BNK-201570,REF-854283,01/29/2026,-9633.55,EUR,Mitchell-Byrd,WIRE TRANSFER,settled
BNK-201571,REF-882498,04/14/2026,-17948.48,USD,Lopez-Stout,WIRE TRANSFER,settled
BNK-201572,REF-310510,03/15/2026,-17539.85,USD,Vincent-Mcclure,Vendor Settlement,settled
BNK-201573,ref242865,2026-02-20,-15197.94,USD,Phillips-Wyatt,Vendor Settlement,settled
BNK-201574,REF-609605,02/16/2026,-16573.98,GBP,Thompson-Washington,ACH DEBIT,settled
BNK-201575,REF-125012,2026-02-14,-15118.31,GBP,Nguyen-White,ACH DEBIT,settled
BNK-201576,REF-883270,2026-04-11,-4833.35,eur,Kim Group,WIRE TRANSFER,settled
BNK-201577,REF-524546,2026-04-21,-19109.95,GBP,Roberts Group,ACH DEBIT,settled
BNK-201578,ref859839,2026-02-11,-15712.54,EUR,HOWARD-MCDONALD,WIRE TRANSFER,settled
BNK-201579,REF-130467,04/17/2026,-1601.68,GBP,Orozco Ltd,WIRE TRANSFER,settled
BNK-201580,REF-336273,2026-01-21,-10877.77,USD,Jenkins-Henderson,WIRE TRANSFER,settled
BNK-201581,REF-986738,02/11/2026,-11540.86,EUR,"George, Lewis and Mitchell",Vendor Settlement,settled
BNK-201582,REF-921196,2026-02-09,-12694.7,USD,"Howard, Lynch and Morris",ACH DEBIT,settled
BNK-201583,ref602172,2026-03-11,-17472.55,usd,"Berry, Rios and Marshall",Payout Execution,settled
BNK-201584,REF-299503,01/23/2026,-9896.86,USD,"Ramirez, Hernandez and Fox",Payout Execution,settled
BNK-201585,REF-463076,04/08/2026,-24419.23,GBP,BRADY-FORD,ACH DEBIT,settled
BNK-201586,ref585507,03/26/2026,-3731.73,EUR,"Garner, Lawson and Richard",WIRE TRANSFER,settled
BNK-201587,REF-274198,03/17/2026,-826.03,GBP,"Brown, Middleton and Williams",WIRE TRANSFER,settled
BNK-201588,REF-404724,2026-04-10,-5757.46,eur,"Howell, Hart and Swanson",ACH DEBIT,settled
BNK-201589,REF-319509,04/17/2026,-12264.17,GBP,"FLEMING, KING AND HERRING",ACH DEBIT,settled
BNK-201590,REF-550126,01/21/2026,-17223.67,eur,"Hernandez, Wade and Rodriguez",ACH DEBIT,settled
BNK-201591,REF-959071,2026-04-25,-16749.9,GBP,Roberts LLC,WIRE TRANSFER,settled
BNK-201592,REF-685264,2026-04-19,-3121.1,EUR,Pennington PLC,Vendor Settlement,settled
BNK-201593,REF-404244,2026-02-13,-132.0,GBP,Prince-Martinez,Payout Execution,settled
BNK-201594,REF-700986,2026-03-22,-176.63,USD,Lewis-Robinson,Vendor Settlement,settled
BNK-201595,REF-779395,2026-03-01,-8126.32,GBP,King-George,Vendor Settlement,settled
BNK-201596,REF-221437,01/13/2026,-14905.46,USD,Kelly-Murphy,WIRE TRANSFER,settled
BNK-201597,REF-476170,04/29/2026,-24235.01,usd,Howard LLC,ACH DEBIT,settled
BNK-201598,REF-289841,03/18/2026,-23991.62,EUR,"Snow, Rodgers and Miller",ACH DEBIT,settled
BNK-201599,REF-563629,01/20/2026,-18970.94,eur,Park-Daniels,Vendor Settlement,settled
BNK-201600,REF-221934,01/24/2026,-21957.91,gbp,Schneider Ltd,WIRE TRANSFER,settled
BNK-201601,ref210968,02/21/2026,-200.64,EUR,Robbins LLC,WIRE TRANSFER,settled
BNK-201602,REF-809633,2026-03-09,-22811.32,USD,Brown LLC,Payout Execution,settled
BNK-201603,REF-696087,04/02/2026,-9913.24,USD,Flynn-Matthews,Vendor Settlement,settled
BNK-201604,REF-709778,02/21/2026,-6945.67,USD,"Hernandez, Hill and Hull",Payout Execution,settled
BNK-201605,REF-740914,2026-01-29,-6255.9,GBP,Hickman-Walter,Payout Execution,settled
BNK-201606,REF-496798,01/11/2026,-8263.4,GBP,Mccoy Ltd,WIRE TRANSFER,settled
BNK-201607,REF-819409,04/25/2026,-11655.64,EUR,Smith-Abbott,WIRE TRANSFER,settled
BNK-201608,REF-733355,2026-03-18,-22607.14,EUR,"Mooney, Black and Roach",WIRE TRANSFER,settled
BNK-201609,REF-375232,2026-01-22,-20226.33,EUR,"Shaw, Baker and Scott",Vendor Settlement,settled
BNK-201610,ref256024,2026-01-06,-7866.23,EUR,"Hernandez, Hill and Hull",Vendor Settlement,settled
BNK-201611,REF-254638,2026-03-24,-13786.53,USD,Leach-Walker,WIRE TRANSFER,settled
BNK-201612,REF-684536,02/25/2026,-9132.83,EUR,"Rodriguez, Sutton and Santiago",Vendor Settlement,settled
BNK-201613,REF-665112,2026-04-11,-190.26,EUR,"Salinas, Barnes and Cooper",WIRE TRANSFER,settled
BNK-201614,REF-495344,03/16/2026,-17364.67,USD,Smith-Gaines,WIRE TRANSFER,settled
BNK-201615,ref774564,2026-02-26,-10025.27,EUR,"BATES, DIAZ AND LOWE",WIRE TRANSFER,settled
BNK-201616,REF-177474,2026-04-06,-22811.3,EUR,Jones-Taylor,ACH DEBIT,settled
BNK-201617,ref281756,2026-01-29,-5627.67,EUR,White Group,Payout Execution,settled
BNK-201618,REF-566516,2026-04-24,-12287.61,GBP,Wilson Group,ACH DEBIT,settled
BNK-201619,REF-707744,2026-03-07,-10413.53,EUR,Johnson-Ruiz,ACH DEBIT,settled
BNK-201620,REF-583427,02/16/2026,-22922.48,EUR,"Curry, Wolfe and Ramirez",ACH DEBIT,settled
BNK-201621,REF-249190,2026-01-14,-11715.87,USD,Perez-Neal,ACH DEBIT,settled
BNK-201622,ref558801,01/16/2026,-17693.41,eur,"Rollins, Charles and Black",Payout Execution,settled
BNK-201623,REF-167217,2026-03-23,-24236.12,GBP,Shaw-Stuart,WIRE TRANSFER,settled
BNK-201624,REF-189758,2026-03-21,-19800.29,USD,Young-Hudson,Payout Execution,settled
BNK-201625,ref967183,03/03/2026,-16230.38,GBP,Nguyen-White,Payout Execution,settled
BNK-201626,REF-968931,2026-05-07,-24361.78,USD,Thomas PLC,ACH DEBIT,settled
BNK-201627,REF-815839,2026-04-03,-4107.72,GBP,Nguyen-Roberts,Vendor Settlement,settled
BNK-201628,REF-424253,04/07/2026,-8049.25,GBP,"Hernandez, Hill and Hull",Vendor Settlement,settled
BNK-201629,REF-296769,2026-01-12,-23530.42,GBP,Johnson-Ruiz,Payout Execution,settled
BNK-201630,REF-904070,2026-03-05,-20941.13,EUR,"Curtis, Turner and Soto",Payout Execution,settled
BNK-201631,REF-279217,02/22/2026,-23901.16,EUR,"Ward, Garcia and Henry",Payout Execution,settled
BNK-201632,REF-222222,2026-05-04,-18422.52,USD,Li-Martinez,Payout Execution,settled
BNK-201633,REF-223505,2026-03-04,-1932.44,EUR,Young-Hudson,ACH DEBIT,settled
BNK-201634,REF-451216,01/03/2026,-15414.59,EUR,Thompson-Campbell,ACH DEBIT,settled
BNK-201635,ref419865,02/28/2026,-15231.03,GBP,Robbins LLC,Vendor Settlement,settled
BNK-201636,REF-149722,2026-03-11,-11463.83,EUR,"Johnson, Phillips and Brown",Payout Execution,settled
BNK-201637,REF-573871,2026-02-04,-7347.49,EUR,Fitzgerald PLC,WIRE TRANSFER,settled
BNK-201638,REF-167111,2026-03-28,-4570.33,eur,"Rogers, Anderson and Campos",Vendor Settlement,settled
BNK-201639,REF-521593,2026-04-13,-24530.18,EUR,Griffin Inc,ACH DEBIT,settled
BNK-201640,REF-236877,2026-04-02,-2575.9,USD,Reeves Ltd,WIRE TRANSFER,settled
BNK-201641,REF-165669,02/01/2026,-21808.32,EUR,Gonzalez Inc,Payout Execution,settled
BNK-201642,REF-520835,03/08/2026,-8684.25,gbp,"Davis, Kim and Ingram",WIRE TRANSFER,settled
BNK-201643,REF-743251,04/18/2026,-10833.96,USD,Brady-Ford,WIRE TRANSFER,settled
BNK-201644,REF-807276,04/18/2026,-6082.41,gbp,Jones Group,WIRE TRANSFER,settled
BNK-201645,REF-564009,04/13/2026,-13085.78,EUR,Kennedy-Marks,Payout Execution,settled
BNK-201646,ref183879,2026-02-28,-11234.67,USD,Allen Inc,Vendor Settlement,settled
BNK-201647,ref848512,03/24/2026,-21472.99,EUR,Cooper PLC,ACH DEBIT,settled
BNK-201648,REF-843635,02/17/2026,-20399.97,EUR,Hughes Inc,Payout Execution,settled
BNK-201649,REF-209325,2026-02-07,-22312.02,EUR,"Bates, Diaz and Lowe",Vendor Settlement,settled
BNK-201650,REF-639911,02/07/2026,-9518.34,USD,Davis-Mitchell,WIRE TRANSFER,settled
BNK-201651,REF-791258,01/03/2026,-22952.54,EUR,Peters-Ward,Vendor Settlement,settled
BNK-201652,REF-853308,2026-05-01,-5178.07,USD,"Hernandez, Wade and Rodriguez",Payout Execution,settled
BNK-201653,ref674739,04/25/2026,-13754.35,USD,Jimenez-Bradley,Vendor Settlement,settled
BNK-201654,REF-434254,01/11/2026,-12287.78,GBP,Jones-Turner,Vendor Settlement,settled
BNK-201655,REF-780041,2026-02-11,-24407.16,USD,"Curtis, Turner and Soto",Vendor Settlement,settled
BNK-201656,REF-948303,2026-01-19,-3296.26,GBP,JOHNSON-RUIZ,Vendor Settlement,settled
BNK-201657,REF-256172,02/18/2026,-12298.37,GBP,"Thompson, Cooper and Young",Payout Execution,settled
BNK-201658,REF-999933,03/29/2026,-4734.11,GBP,Howard-Mcdonald,WIRE TRANSFER,settled
BNK-201659,REF-851356,2026-04-13,-14407.47,USD,"Curry, Wolfe and Ramirez",ACH DEBIT,settled
BNK-201660,REF-108557,2026-02-22,-22608.33,EUR,Church Inc,WIRE TRANSFER,settled
BNK-201661,REF-284445,2026-03-31,-15030.64,GBP,"Gray, Williams and Weaver",ACH DEBIT,settled
BNK-201662,REF-404086,2026-01-14,-12574.96,USD,Reynolds LLC,ACH DEBIT,settled
BNK-201663,REF-718753,04/26/2026,-20616.93,USD,"Edwards, Anderson and Taylor",WIRE TRANSFER,settled
BNK-201664,ref607776,2026-04-27,-12239.18,EUR,"Adams, Rodriguez and Walker",Payout Execution,settled
BNK-201665,REF-937825,2026-02-05,-19548.5,USD,"Martinez, Henderson and Osborne",Payout Execution,settled
BNK-201666,REF-337076,01/20/2026,-8968.7,gbp,Jones-Turner,Payout Execution,settled
BNK-201667,REF-998524,04/10/2026,-24414.43,USD,Wade PLC,ACH DEBIT,settled
BNK-201668,ref823540,01/29/2026,-21535.89,USD,ZIMMERMAN GROUP,ACH DEBIT,settled
BNK-201669,REF-985396,01/28/2026,-6259.94,USD,Davis-Mitchell,WIRE TRANSFER,settled
BNK-201670,REF-668054,04/29/2026,-4682.94,GBP,"Martinez, Joseph and Simmons",ACH DEBIT,settled
BNK-201671,REF-887471,04/10/2026,-22985.46,GBP,Erickson and Sons,WIRE TRANSFER,settled
BNK-201672,REF-426317,03/09/2026,-10294.58,EUR,"Snow, Rodgers and Miller",Payout Execution,settled
BNK-201673,REF-563748,03/16/2026,-11447.78,eur,Silva-Green,Vendor Settlement,settled
BNK-201674,REF-171766,04/25/2026,-17790.7,GBP,Wagner Ltd,Payout Execution,settled
BNK-201675,REF-761224,04/02/2026,-19572.79,EUR,"Taylor, Zavala and Bates",Vendor Settlement,settled
BNK-201676,REF-819308,03/23/2026,-7269.44,GBP,JACKSON LLC,WIRE TRANSFER,settled
BNK-201677,REF-494691,2026-03-10,-3825.89,USD,Jones Group,Payout Execution,settled
BNK-201678,REF-928368,2026-01-13,-23558.97,EUR,"Shaw, Baker and Scott",Vendor Settlement,settled
BNK-201679,REF-955896,02/07/2026,-21406.91,USD,ESPARZA-CARROLL,Payout Execution,settled
BNK-201680,REF-290046,04/16/2026,-21909.92,USD,Wong PLC,WIRE TRANSFER,settled
BNK-201681,ref276743,2026-02-21,-21122.4,USD,Moore LLC,Vendor Settlement,settled
BNK-201682,REF-223252,03/29/2026,-14637.26,USD,Davis PLC,Payout Execution,settled
BNK-201683,REF-816269,01/19/2026,-343.66,GBP,"Nelson, Bowers and Cooper",WIRE TRANSFER,settled
BNK-201684,REF-839889,03/24/2026,-17478.8,EUR,Anderson-Parks,WIRE TRANSFER,settled
BNK-201685,ref791582,01/16/2026,-16469.41,GBP,Edwards-Boyd,Payout Execution,settled
BNK-201686,REF-647084,03/30/2026,-20898.9,EUR,"Bates, Diaz and Lowe",Payout Execution,settled
BNK-201687,REF-163282,02/02/2026,-24196.72,GBP,Banks-Savage,Vendor Settlement,settled
BNK-201688,REF-687736,2026-03-13,-11475.82,USD,Allen Ltd,ACH DEBIT,settled
BNK-201689,REF-551283,2026-03-12,-10313.07,USD,Rivera-Stanley,Vendor Settlement,settled
BNK-201690,REF-972380,2026-01-04,-20731.99,USD,Bowers Ltd,Payout Execution,settled
BNK-201691,REF-639858,03/15/2026,-20018.7,GBP,Thomas PLC,Payout Execution,settled
BNK-201692,REF-456844,04/15/2026,-19966.12,GBP,ALLEN INC,WIRE TRANSFER,settled
BNK-201693,REF-450061,02/15/2026,-112.22,USD,Maxwell-Shepherd,ACH DEBIT,settled
BNK-201694,REF-741505,01/04/2026,-23812.36,USD,ESPARZA-CARROLL,Payout Execution,settled
BNK-201695,REF-228106,2026-02-17,-6812.28,eur,Webster and Sons,WIRE TRANSFER,settled
BNK-201696,REF-256708,2026-01-19,-10876.03,USD,"Matthews, Howard and Brown",WIRE TRANSFER,settled
BNK-201697,REF-904071,04/18/2026,-20252.57,gbp,Bowers Ltd,ACH DEBIT,settled
BNK-201698,REF-950078,2026-04-26,-17077.93,gbp,Murray Group,ACH DEBIT,settled
BNK-201699,ref504375,03/28/2026,-11951.02,EUR,"Roberts, Frazier and Smith",Vendor Settlement,settled
BNK-201700,REF-403421,02/25/2026,-11602.6,GBP,Mata Inc,Payout Execution,settled
BNK-201701,ref941785,03/25/2026,-13166.17,GBP,Wright Group,WIRE TRANSFER,settled
BNK-201702,REF-936625,2026-02-15,-18945.08,GBP,Dickson-Gutierrez,Payout Execution,settled
BNK-201703,REF-593912,02/23/2026,-5598.27,EUR,Garcia and Sons,Vendor Settlement,settled
BNK-201704,REF-208174,01/21/2026,-21416.49,EUR,Silva-Green,Payout Execution,settled
BNK-201705,REF-435948,02/16/2026,-205.39,GBP,Randall-Kerr,Payout Execution,settled
BNK-201706,REF-804098,02/19/2026,-18414.13,EUR,Walter Inc,WIRE TRANSFER,settled
BNK-201707,REF-510451,03/27/2026,-14969.81,USD,Gardner-Hayes,ACH DEBIT,settled
BNK-201708,REF-698757,04/26/2026,-23101.27,EUR,Gardner Inc,Payout Execution,settled
BNK-201709,REF-908623,2026-04-30,-2440.77,eur,"Garcia, Mercado and West",Payout Execution,settled
BNK-201710,REF-561876,03/13/2026,-19824.56,gbp,Gray PLC,ACH DEBIT,settled
BNK-201711,REF-194970,02/28/2026,-13569.45,EUR,"Shaw, Baker and Scott",Vendor Settlement,settled
BNK-201712,ref257073,01/08/2026,-9891.91,GBP,"Fox, Hernandez and Ryan",WIRE TRANSFER,settled
BNK-201713,REF-960092,01/24/2026,-14881.74,usd,Reynolds-Harris,ACH DEBIT,settled
BNK-201714,REF-600107,2026-01-29,-22620.14,GBP,"Pena, Jones and Sanchez",Payout Execution,settled
BNK-201715,REF-428214,2026-04-01,-18182.44,GBP,Mccoy-Mccarthy,ACH DEBIT,settled
BNK-201716,REF-670224,04/20/2026,-5391.04,EUR,REEVES LTD,ACH DEBIT,settled
BNK-201717,REF-997127,2026-01-25,-2670.55,USD,"Adams, Rodriguez and Walker",Payout Execution,settled
BNK-201718,REF-473546,2026-01-06,-15646.17,GBP,Dudley Ltd,Payout Execution,settled
BNK-201719,REF-254773,03/22/2026,-13418.29,gbp,Todd-Oconnor,ACH DEBIT,settled
BNK-201720,REF-470162,2026-03-20,-1878.82,USD,Robbins LLC,Payout Execution,settled
BNK-201721,REF-211376,02/21/2026,-6390.79,USD,Bauer Inc,ACH DEBIT,settled
BNK-201722,REF-215518,2026-01-30,-7967.07,GBP,Leach-Walker,WIRE TRANSFER,settled
BNK-201723,REF-619382,2026-04-11,-8130.54,GBP,Jones-Fuentes,Vendor Settlement,settled
BNK-201724,REF-674171,2026-04-21,-15840.81,gbp,Mccoy-Mccarthy,WIRE TRANSFER,settled
BNK-201725,REF-144565,2026-04-20,-6347.99,GBP,Lewis-Robinson,WIRE TRANSFER,settled
BNK-201726,REF-813141,03/19/2026,-770.18,EUR,Price PLC,Payout Execution,settled
BNK-201727,REF-248540,2026-02-09,-14298.18,USD,"Salinas, Barnes and Cooper",Payout Execution,settled
BNK-201728,REF-147077,2026-01-25,-15130.37,GBP,Hammond Ltd,ACH DEBIT,settled
BNK-201729,REF-819723,2026-04-12,-14571.7,usd,Thompson-Campbell,WIRE TRANSFER,settled
BNK-201730,REF-761993,03/20/2026,-6769.96,EUR,Hunter-Nicholson,Payout Execution,settled
BNK-201731,REF-254683,2026-04-03,-23797.34,USD,Richard LLC,ACH DEBIT,settled
BNK-201732,REF-159313,2026-04-25,-11329.09,USD,Howard-Mcdonald,WIRE TRANSFER,settled
BNK-201733,REF-233038,2026-01-22,-7221.67,USD,Jenkins-Henderson,Vendor Settlement,settled
BNK-201734,REF-928394,2026-04-30,-7043.91,USD,Murray Group,Payout Execution,settled
BNK-201735,REF-197233,2026-01-30,-10691.43,GBP,Rivera-Stanley,ACH DEBIT,settled
BNK-201736,REF-327587,04/16/2026,-12994.97,GBP,Perez-Neal,WIRE TRANSFER,settled
BNK-201737,REF-409778,2026-02-11,-20603.53,usd,Brady-Ford,WIRE TRANSFER,settled
BNK-201738,ref594641,03/07/2026,-13861.62,GBP,"Russell, Scott and Ramsey",ACH DEBIT,settled
BNK-201739,REF-756166,01/13/2026,-1998.78,GBP,Allen and Sons,ACH DEBIT,settled
BNK-201740,REF-928744,02/03/2026,-12032.1,eur,"Hobbs, Blanchard and Porter",Vendor Settlement,settled
BNK-201741,ref314687,2026-04-30,-17702.99,EUR,Arellano-Whitaker,Vendor Settlement,settled
BNK-201742,REF-196715,01/04/2026,-4136.58,EUR,"Williams, Oneill and Torres",Payout Execution,settled
BNK-201743,REF-631196,2026-03-09,-15681.8,gbp,Wilson and Sons,WIRE TRANSFER,settled
BNK-201744,REF-147223,03/16/2026,-12886.35,EUR,"JACKSON, ROMERO AND MENDEZ",Payout Execution,settled
BNK-201745,REF-582168,02/10/2026,-19943.99,GBP,Moore LLC,Vendor Settlement,settled
BNK-201746,REF-289776,2026-01-18,-4072.3,GBP,"Frey, Mcgee and Bailey",WIRE TRANSFER,settled
BNK-201747,REF-991800,01/26/2026,-17715.17,USD,"Peterson, Hood and Arroyo",ACH DEBIT,settled
BNK-201748,REF-364633,01/28/2026,-24713.71,USD,Jones-Taylor,ACH DEBIT,settled
BNK-201749,REF-507684,2026-01-06,-24172.62,USD,Peterson LLC,WIRE TRANSFER,settled
BNK-201750,REF-478986,05/01/2026,-18172.12,GBP,Flynn Group,ACH DEBIT,settled
BNK-201751,REF-704190,02/14/2026,-4855.7,GBP,"Garner, Lawson and Richard",WIRE TRANSFER,settled
BNK-201752,REF-462855,03/16/2026,-2255.24,EUR,Gonzalez-Pennington,WIRE TRANSFER,settled
BNK-201753,REF-178638,2026-01-13,-9098.9,USD,King LLC,WIRE TRANSFER,settled
BNK-201754,REF-102658,01/14/2026,-24820.75,GBP,Green Ltd,Vendor Settlement,settled
BNK-201755,REF-576252,02/20/2026,-5623.69,GBP,Thornton and Sons,Payout Execution,settled
BNK-201756,REF-481506,2026-01-10,-7656.18,GBP,Anderson-Parks,Payout Execution,settled
BNK-201757,ref107458,2026-03-01,-15461.11,USD,Rogers Inc,Payout Execution,settled
BNK-201758,REF-821273,2026-03-14,-12711.71,eur,Jones-Fuentes,Vendor Settlement,settled
BNK-201759,REF-322862,04/19/2026,-21553.26,GBP,BOWMAN LLC,Payout Execution,settled
BNK-201760,REF-566039,03/10/2026,-14873.34,EUR,Charles-Butler,Vendor Settlement,settled
BNK-201761,REF-769543,04/02/2026,-22680.43,EUR,Hamilton-Bautista,Vendor Settlement,settled
BNK-201762,REF-943820,2026-02-27,-8335.8,USD,Lane-Hines,WIRE TRANSFER,settled
BNK-201763,ref876295,2026-02-10,-6210.67,GBP,Wagner Ltd,ACH DEBIT,settled
BNK-201764,REF-941131,01/08/2026,-20964.81,EUR,"Nelson, Bowers and Cooper",WIRE TRANSFER,settled
BNK-201765,REF-329020,02/01/2026,-21597.63,GBP,"Bates, Diaz and Lowe",WIRE TRANSFER,settled
BNK-201766,REF-758804,01/24/2026,-1357.97,usd,Holmes and Sons,Vendor Settlement,settled
BNK-201767,REF-376389,01/13/2026,-21579.48,USD,Gardner-Hayes,WIRE TRANSFER,settled
BNK-201768,REF-861475,01/05/2026,-10262.11,usd,"WILLIAMS, ONEILL AND TORRES",ACH DEBIT,settled
BNK-201769,REF-584149,03/05/2026,-14260.38,USD,Wade PLC,WIRE TRANSFER,settled
BNK-201770,REF-941633,03/23/2026,-12244.74,USD,Mckinney-Cooper,Payout Execution,settled
BNK-201771,REF-366658,02/01/2026,-12819.45,USD,Price PLC,ACH DEBIT,settled
BNK-201772,REF-573627,04/23/2026,-15368.12,USD,Peterson LLC,ACH DEBIT,settled
BNK-201773,REF-700347,2026-03-27,-22221.69,GBP,Roberts Group,Payout Execution,settled
BNK-201774,ref973888,01/29/2026,-3126.84,EUR,Mcdowell-Watts,WIRE TRANSFER,settled
BNK-201775,ref773885,2026-03-20,-24462.33,USD,Rhodes Ltd,WIRE TRANSFER,settled
BNK-201776,REF-182193,01/28/2026,-134.34,EUR,"Hernandez, Wade and Rodriguez",ACH DEBIT,settled
BNK-201777,REF-401869,03/11/2026,-22740.85,EUR,Davis-Mitchell,WIRE TRANSFER,settled
BNK-201778,REF-609628,2026-01-21,-9384.32,USD,Wilson Group,WIRE TRANSFER,settled
BNK-201779,REF-653508,2026-04-17,-9144.11,eur,Gonzalez Inc,Payout Execution,settled
BNK-201780,REF-681337,03/08/2026,-396.95,GBP,Bowman LLC,WIRE TRANSFER,settled
BNK-201781,REF-921930,02/15/2026,-693.39,EUR,Smith-Ortiz,ACH DEBIT,settled
BNK-201782,REF-617115,2026-05-01,-7518.13,eur,Arroyo-Pope,WIRE TRANSFER,settled
BNK-201783,REF-845217,01/09/2026,-15401.98,USD,Skinner Ltd,Payout Execution,settled
BNK-201784,REF-542261,2026-04-13,-4957.01,GBP,"WILSON, ROBERTSON AND GONZALEZ",WIRE TRANSFER,settled
BNK-201785,REF-812549,01/20/2026,-19561.41,USD,Randolph and Sons,WIRE TRANSFER,settled
BNK-201786,REF-928695,02/01/2026,-24010.55,EUR,Edwards-Boyd,ACH DEBIT,settled
BNK-201787,REF-156590,03/09/2026,-17491.4,EUR,Kirk-Henson,ACH DEBIT,settled
BNK-201788,REF-594455,03/31/2026,-11854.39,EUR,Harvey Inc,Payout Execution,settled
BNK-201789,REF-672859,2026-03-10,-925.28,GBP,GARCIA LTD,Vendor Settlement,settled
BNK-201790,REF-327680,2026-04-03,-17157.14,GBP,Lane-Hines,WIRE TRANSFER,settled
BNK-201791,REF-523814,2026-02-25,-13005.33,EUR,"Hernandez, Hill and Hull",Vendor Settlement,settled
BNK-201792,REF-863290,2026-01-21,-10888.25,EUR,"Yu, Nguyen and Wood",Payout Execution,settled
BNK-201793,REF-693995,03/20/2026,-11104.58,EUR,Jackson LLC,WIRE TRANSFER,settled
BNK-201794,REF-392708,2026-03-20,-7791.04,USD,Lopez-Stout,Payout Execution,settled
BNK-201795,REF-980575,2026-01-24,-23969.45,USD,Murray Group,WIRE TRANSFER,settled
BNK-201796,REF-639682,01/28/2026,-1354.51,EUR,Cooper Ltd,Vendor Settlement,settled
BNK-201797,REF-940058,04/17/2026,-16573.22,gbp,Brown-Huynh,Payout Execution,settled
BNK-201798,REF-589571,01/22/2026,-5390.52,EUR,Orozco Ltd,Vendor Settlement,settled
BNK-201799,ref486566,2026-04-21,-11090.84,EUR,Cobb Group,ACH DEBIT,settled
BNK-201800,REF-294646,01/25/2026,-1265.31,USD,"Hayes, Luna and Miller",WIRE TRANSFER,settled
BNK-201801,REF-521749,2026-01-01,-5200.0,GBP,Li-Martinez,ACH DEBIT,settled
BNK-201802,REF-727675,03/21/2026,-14519.98,eur,Howard-Mcdonald,Vendor Settlement,settled
BNK-201803,REF-331552,2026-01-20,-15697.09,eur,Johnson-Ruiz,Payout Execution,settled
BNK-201804,REF-357770,2026-02-06,-5999.19,USD,Mckinney-Cooper,Vendor Settlement,settled
BNK-201805,REF-538849,01/03/2026,-24201.34,EUR,"Liu, Parsons and Delacruz",ACH DEBIT,settled
BNK-201806,REF-884677,04/28/2026,-2840.55,USD,MORGAN-MCKINNEY,ACH DEBIT,settled
BNK-201807,REF-934394,2026-04-13,-20259.57,usd,"Snow, Rodgers and Miller",Vendor Settlement,settled
BNK-201808,REF-411217,2026-03-16,-8287.91,usd,Fletcher-Pruitt,Vendor Settlement,settled
BNK-201809,REF-997784,2026-01-11,-3588.55,USD,WILSON LTD,WIRE TRANSFER,settled
BNK-201810,REF-605407,2026-02-12,-5096.99,usd,Buckley and Sons,Vendor Settlement,settled
BNK-201811,ref924484,2026-01-14,-849.3,gbp,Rivera-Stanley,WIRE TRANSFER,settled
BNK-201812,REF-734524,2026-02-19,-9532.54,USD,Allen-Taylor,WIRE TRANSFER,settled
BNK-201813,REF-496806,2026-04-12,-22314.69,GBP,"Hobbs, Blanchard and Porter",Payout Execution,settled
BNK-201814,REF-472184,04/29/2026,-9658.03,GBP,"Thompson, Cooper and Young",Payout Execution,settled
BNK-201815,REF-254355,2026-02-26,-13461.17,GBP,Jimenez-Bradley,Payout Execution,settled
BNK-201816,REF-103384,2026-04-20,-24746.74,USD,"MOSS, ATKINS AND DANIELS",Payout Execution,settled
BNK-201817,REF-985007,02/16/2026,-16677.63,GBP,"Murphy, Jordan and Whitney",ACH DEBIT,settled
BNK-201818,REF-787905,03/26/2026,-2651.9,EUR,Gardner-Hayes,Vendor Settlement,settled
BNK-201819,REF-486290,01/28/2026,-3753.68,EUR,Barrera Group,WIRE TRANSFER,settled
BNK-201820,REF-770000,2026-02-24,-21985.04,GBP,Simmons-Green,Payout Execution,settled
BNK-201821,REF-346621,2026-03-11,-16373.77,EUR,"Ramirez, Hernandez and Fox",ACH DEBIT,settled
BNK-201822,ref949195,2026-02-19,-16019.29,USD,Schneider Ltd,ACH DEBIT,settled
BNK-201823,REF-640645,01/19/2026,-8040.39,EUR,Wilson and Sons,WIRE TRANSFER,settled
BNK-201824,REF-719593,02/23/2026,-2865.57,GBP,Mata Inc,WIRE TRANSFER,settled
BNK-201825,REF-782646,2026-03-15,-22643.99,USD,Brown and Sons,Payout Execution,settled
BNK-201826,REF-416470,2026-01-30,-22867.84,gbp,Church Inc,Vendor Settlement,settled
BNK-201827,REF-720258,02/20/2026,-12901.34,GBP,Wade PLC,WIRE TRANSFER,settled
BNK-201828,REF-440276,02/10/2026,-24412.6,GBP,Wilson Group,ACH DEBIT,settled
BNK-201829,REF-101464,01/15/2026,-8736.47,GBP,Schneider Ltd,ACH DEBIT,settled
BNK-201830,ref764965,2026-04-24,-5273.18,EUR,"Ward, Garcia and Henry",ACH DEBIT,settled
BNK-201831,REF-439040,2026-04-28,-9624.1,EUR,Charles-Butler,Vendor Settlement,settled
BNK-201832,REF-798779,02/02/2026,-124.05,USD,Crawford Ltd,ACH DEBIT,settled
BNK-201833,REF-510185,2026-01-22,-1310.5,GBP,ROBINSON GROUP,WIRE TRANSFER,settled
BNK-201834,REF-365387,02/27/2026,-12877.02,GBP,"Johnson, Phillips and Brown",WIRE TRANSFER,settled
BNK-201835,REF-552035,2026-02-14,-24513.58,GBP,Smith and Sons,WIRE TRANSFER,settled
BNK-201836,REF-818876,03/24/2026,-2163.97,GBP,"Miller, Anderson and Padilla",Vendor Settlement,settled
BNK-201837,REF-226874,2026-03-17,-22534.48,GBP,Mitchell-Jones,ACH DEBIT,settled
BNK-201838,REF-645859,2026-03-08,-17553.48,EUR,"Ward, Garcia and Henry",ACH DEBIT,settled
BNK-201839,REF-770317,2026-04-01,-22830.69,EUR,Jackson LLC,ACH DEBIT,settled
BNK-201840,REF-279123,2026-04-09,-2580.97,EUR,Shaw-Decker,Vendor Settlement,settled
BNK-201841,REF-975595,2026-02-02,-275.44,USD,Davis PLC,ACH DEBIT,settled
BNK-201842,ref592585,04/28/2026,-16003.8,EUR,Spears-Beck,ACH DEBIT,settled
BNK-201843,REF-929819,05/02/2026,-536.09,USD,Hamilton-Bautista,Payout Execution,settled
BNK-201844,REF-803502,2026-03-17,-10935.78,GBP,"Bryant, Harrison and Carter",WIRE TRANSFER,settled
BNK-201845,REF-756994,2026-03-27,-22698.2,GBP,King-George,ACH DEBIT,settled
BNK-201846,REF-744031,03/10/2026,-19337.49,USD,Rose-Gonzales,ACH DEBIT,settled
BNK-201847,ref602777,03/06/2026,-195.74,EUR,"Malone, Bell and Bryant",Payout Execution,settled
BNK-201848,REF-112042,03/12/2026,-3153.01,USD,Lane-Hines,Vendor Settlement,settled
BNK-201849,ref443310,2026-04-08,-20432.86,USD,Thomas PLC,ACH DEBIT,settled
BNK-201850,REF-893048,02/27/2026,-24433.74,eur,Nguyen-Roberts,WIRE TRANSFER,settled
BNK-201851,REF-966185,2026-04-26,-21712.67,USD,Mullins-Cabrera,WIRE TRANSFER,settled
BNK-201852,REF-269063,04/27/2026,-21936.22,USD,"Chavez, Davis and Walton",ACH DEBIT,settled
BNK-201853,ref269841,02/21/2026,-22444.2,GBP,"WARD, GARCIA AND HENRY",WIRE TRANSFER,settled
BNK-201854,REF-139252,03/28/2026,-13689.86,eur,LEACH-WALKER,ACH DEBIT,settled
BNK-201855,REF-896381,2026-01-24,-13335.65,GBP,King-George,ACH DEBIT,settled
BNK-201856,ref531340,01/10/2026,-7687.0,usd,HAWKINS-SAUNDERS,Vendor Settlement,settled
BNK-201857,REF-595303,04/03/2026,-14291.34,USD,Gordon-Roberts,Payout Execution,settled
BNK-201858,REF-599249,02/26/2026,-17889.98,EUR,RANDOLPH AND SONS,WIRE TRANSFER,settled
BNK-201859,REF-140721,01/30/2026,-1066.95,GBP,Moore LLC,ACH DEBIT,settled
BNK-201860,REF-426839,2026-04-12,-12478.31,GBP,"Graham, Garrett and Caldwell",Vendor Settlement,settled
BNK-201861,REF-479266,2026-01-06,-5979.69,EUR,"Cox, Fernandez and Baker",Vendor Settlement,settled
BNK-201862,REF-178332,2026-03-24,-235.62,USD,"Williams, Oneill and Torres",Vendor Settlement,settled
BNK-201863,REF-590716,2026-03-02,-11268.14,GBP,"Howard, Russo and Smith",WIRE TRANSFER,settled
BNK-201864,REF-906384,2026-01-05,-16986.43,USD,Jones-Graham,ACH DEBIT,settled
BNK-201865,REF-548290,03/13/2026,-2392.09,usd,Todd-Oconnor,Vendor Settlement,settled
BNK-201866,REF-626469,01/21/2026,-11763.72,USD,"Johnson, Harrison and Thomas",Vendor Settlement,settled
BNK-201867,REF-606341,2026-03-22,-16493.69,GBP,Coffey-Howell,ACH DEBIT,settled
BNK-201868,REF-718543,05/02/2026,-15617.58,GBP,Colon Group,ACH DEBIT,settled
BNK-201869,REF-359481,01/18/2026,-19200.9,eur,Brown and Sons,WIRE TRANSFER,settled
BNK-201870,REF-864241,01/26/2026,-6798.9,eur,Arellano-Whitaker,Vendor Settlement,settled
BNK-201871,REF-169689,03/23/2026,-20544.96,eur,Gallegos-Stewart,Payout Execution,settled
BNK-201872,REF-559002,2026-04-13,-6637.84,GBP,"Nguyen, Williams and Smith",Vendor Settlement,settled
BNK-201873,REF-740794,2026-04-03,-16710.18,GBP,"Roberts, Frazier and Smith",Vendor Settlement,settled
BNK-201874,REF-659790,01/08/2026,-10051.87,USD,Shaw-Stuart,WIRE TRANSFER,settled
BNK-201875,REF-776163,04/26/2026,-17349.27,GBP,"Rogers, Anderson and Campos",ACH DEBIT,settled
BNK-201876,REF-612393,03/06/2026,-4541.33,GBP,Davis PLC,ACH DEBIT,settled
BNK-201877,REF-412110,02/21/2026,-14218.29,GBP,Ramsey-Caldwell,Payout Execution,settled
BNK-201878,REF-205566,03/16/2026,-16339.29,EUR,Holmes and Sons,Vendor Settlement,settled
BNK-201879,REF-132591,2026-03-02,-3554.85,GBP,Kim Group,ACH DEBIT,settled
BNK-201880,REF-358500,02/10/2026,-18744.25,GBP,Austin-Bonilla,Vendor Settlement,settled
BNK-201881,REF-861170,02/24/2026,-14798.47,EUR,Richards-Johnson,Payout Execution,settled
BNK-201882,REF-864776,02/26/2026,-17748.02,EUR,"Dorsey, Patterson and Harrison",WIRE TRANSFER,settled
BNK-201883,REF-798681,04/10/2026,-10231.16,EUR,"SAVAGE, GARCIA AND ROBINSON",WIRE TRANSFER,settled
BNK-201884,REF-853358,03/12/2026,-188.58,USD,Reeves Ltd,WIRE TRANSFER,settled
BNK-201885,REF-833176,02/11/2026,-4584.45,GBP,Kirk-Morales,Payout Execution,settled
BNK-201886,REF-101483,02/19/2026,-3014.35,USD,Elliott-Wallace,Payout Execution,settled
BNK-201887,REF-216810,2026-02-08,-1730.37,EUR,Moore LLC,Vendor Settlement,settled
BNK-201888,REF-388523,2026-01-25,-2658.62,USD,Moore LLC,Vendor Settlement,settled
BNK-201889,REF-787036,2026-03-15,-11814.92,USD,Peters-Ward,Vendor Settlement,settled
BNK-201890,REF-443778,04/17/2026,-3306.84,USD,"Howard, Lynch and Morris",Vendor Settlement,settled
BNK-201891,REF-170294,05/02/2026,-19864.28,usd,"Molina, Wells and Bright",ACH DEBIT,settled
BNK-201892,REF-815938,2026-02-15,-12903.97,EUR,"MARTINEZ, JOSEPH AND SIMMONS",Payout Execution,settled
BNK-201893,REF-209454,2026-02-15,-11146.69,GBP,Fitzgerald-Watson,WIRE TRANSFER,settled
BNK-201894,REF-504819,2026-03-05,-22668.96,USD,Kelly-Murphy,ACH DEBIT,settled
BNK-201895,REF-828735,03/29/2026,-11054.45,GBP,Walters LLC,ACH DEBIT,settled
BNK-201896,REF-569341,03/08/2026,-24458.97,EUR,Anderson LLC,ACH DEBIT,settled
BNK-201897,REF-371245,01/19/2026,-8925.44,gbp,Pena Inc,WIRE TRANSFER,settled
BNK-201898,REF-152611,2026-04-07,-24644.11,GBP,"Cox, Fernandez and Baker",ACH DEBIT,settled
BNK-201899,REF-918338,2026-03-13,-21319.56,USD,Thornton and Sons,Vendor Settlement,settled
BNK-201900,REF-663811,2026-04-14,-21889.66,eur,Randolph and Sons,Vendor Settlement,settled
BNK-201901,REF-867847,02/27/2026,-3147.12,GBP,"Fox, Hernandez and Ryan",ACH DEBIT,settled
BNK-201902,REF-566762,2026-02-01,-2505.35,EUR,"Johnson, Meyer and Hanna",Vendor Settlement,settled
BNK-201903,REF-295515,02/25/2026,-5978.08,GBP,Farrell-Willis,Vendor Settlement,settled
BNK-201904,REF-170326,2026-02-10,-19013.82,GBP,Cooper PLC,Payout Execution,settled
BNK-201905,REF-713659,03/17/2026,-3430.42,GBP,JONES GROUP,Payout Execution,settled
BNK-201906,ref575402,2026-02-24,-23703.18,EUR,Flynn Group,Payout Execution,settled
BNK-201907,REF-561552,02/19/2026,-10061.69,GBP,Newman-Thomas,Vendor Settlement,settled
BNK-201908,REF-624428,01/04/2026,-1195.55,EUR,Kennedy-Marks,WIRE TRANSFER,settled
BNK-201909,REF-876366,02/12/2026,-24901.8,EUR,Smith-Ortiz,WIRE TRANSFER,settled
BNK-201910,REF-420119,2026-01-19,-891.66,EUR,Webster and Sons,Vendor Settlement,settled
BNK-201911,REF-217480,01/21/2026,-6064.32,USD,Rose-Gonzales,Vendor Settlement,settled
BNK-201912,REF-365238,2026-05-01,-6930.09,EUR,Farrell-Willis,WIRE TRANSFER,settled
BNK-201913,REF-359462,04/25/2026,-23882.13,GBP,"Gray, Williams and Weaver",Payout Execution,settled
BNK-201914,REF-744588,03/20/2026,-22601.35,gbp,Phillips-Wyatt,Vendor Settlement,settled
BNK-201915,REF-222602,2026-04-19,-3456.27,gbp,Howard-Mcdonald,WIRE TRANSFER,settled
BNK-201916,REF-109466,2026-04-18,-21405.14,gbp,"Hernandez, Wade and Rodriguez",Vendor Settlement,settled
BNK-201917,REF-822078,02/23/2026,-4308.76,EUR,Arellano-Whitaker,WIRE TRANSFER,settled
BNK-201918,REF-389947,01/12/2026,-3227.46,usd,Murray Group,WIRE TRANSFER,settled
BNK-201919,REF-896883,2026-01-04,-1255.52,EUR,Shaw-Stuart,Payout Execution,settled
BNK-201920,REF-607737,2026-03-01,-2173.82,GBP,Green Ltd,Payout Execution,settled
BNK-201921,REF-565371,2026-01-18,-11034.88,USD,Robinson and Sons,WIRE TRANSFER,settled
BNK-201922,REF-153481,2026-04-01,-15190.23,USD,Jacobs PLC,WIRE TRANSFER,settled
BNK-201923,REF-298121,2026-03-02,-12618.56,EUR,Hays-Dalton,ACH DEBIT,settled
BNK-201924,REF-925766,04/01/2026,-8682.27,USD,"GEORGE, LEWIS AND MITCHELL",ACH DEBIT,settled
BNK-201925,ref193158,03/18/2026,-21412.96,GBP,"Martinez, Joseph and Simmons",Vendor Settlement,settled
BNK-201926,REF-159112,03/23/2026,-3705.17,GBP,Buckley and Sons,Vendor Settlement,settled
BNK-201927,REF-328903,2026-03-19,-16724.67,USD,Nguyen-White,WIRE TRANSFER,settled
BNK-201928,REF-487633,02/23/2026,-23297.39,EUR,"Rodriguez, Sutton and Santiago",WIRE TRANSFER,settled
BNK-201929,REF-654027,04/21/2026,-20505.63,EUR,"Howard, Russo and Smith",Payout Execution,settled
BNK-201930,REF-696515,02/22/2026,-2727.93,GBP,Cooper PLC,ACH DEBIT,settled
BNK-201931,ref246456,2026-03-23,-18425.67,GBP,"Rollins, Charles and Black",Vendor Settlement,settled
BNK-201932,ref515759,03/09/2026,-11342.65,USD,Nguyen-Roberts,Payout Execution,settled
BNK-201933,REF-769383,2026-02-16,-3068.45,GBP,Walters PLC,ACH DEBIT,settled
BNK-201934,REF-553527,2026-04-16,-13935.87,USD,Jones-Turner,WIRE TRANSFER,settled
BNK-201935,REF-551875,02/22/2026,-12656.85,EUR,Wilson Ltd,Vendor Settlement,settled
BNK-201936,REF-450431,01/26/2026,-13246.2,EUR,Gomez-Cardenas,WIRE TRANSFER,settled
BNK-201937,REF-968125,2026-04-03,-12208.84,GBP,WILSON LTD,Vendor Settlement,settled
BNK-201938,REF-210472,02/20/2026,-21884.08,eur,"PAYNE, WALL AND HERNANDEZ",Payout Execution,settled
BNK-201939,REF-362752,02/06/2026,-23567.62,gbp,Silva-Green,Vendor Settlement,settled
BNK-201940,ref359600,03/13/2026,-17392.7,USD,Cobb Group,WIRE TRANSFER,settled
BNK-201941,ref938649,01/21/2026,-2299.2,GBP,MATA INC,WIRE TRANSFER,settled
BNK-201942,REF-169801,2026-03-29,-6078.09,EUR,Hunt PLC,ACH DEBIT,settled
BNK-201943,REF-910846,2026-03-27,-15119.77,usd,"EVANS, CONWAY AND HALL",ACH DEBIT,settled
BNK-201944,REF-423912,04/21/2026,-20525.2,usd,Bowman LLC,Vendor Settlement,settled
BNK-201945,REF-111319,2026-02-27,-22450.28,GBP,MCCOY LTD,WIRE TRANSFER,settled
BNK-201946,REF-498919,2026-01-24,-4488.56,USD,Schneider Ltd,WIRE TRANSFER,settled
BNK-201947,REF-271993,04/24/2026,-4025.43,USD,Allen Group,WIRE TRANSFER,settled
BNK-201948,REF-942221,01/16/2026,-10037.26,GBP,Anderson Inc,ACH DEBIT,settled
BNK-201949,REF-279428,01/22/2026,-10821.95,USD,"Johnson, Harrison and Thomas",Vendor Settlement,settled
BNK-201950,ref934001,02/12/2026,-16626.97,USD,Howe and Sons,ACH DEBIT,settled
BNK-201951,REF-861346,03/25/2026,-1261.54,USD,Walters LLC,WIRE TRANSFER,settled
BNK-201952,REF-860305,2026-02-01,-11060.6,eur,Fletcher-Pruitt,ACH DEBIT,settled
BNK-201953,ref747968,2026-01-17,-21249.56,GBP,"Savage, Garcia and Robinson",Vendor Settlement,settled
BNK-201954,REF-556791,2026-03-16,-6806.13,EUR,Rhodes Ltd,Vendor Settlement,settled
BNK-201955,REF-789589,03/16/2026,-13587.04,USD,Zimmerman Group,Payout Execution,settled
BNK-201956,REF-691915,2026-02-05,-14622.19,EUR,Allen and Sons,ACH DEBIT,settled
BNK-201957,REF-838164,2026-02-03,-16645.38,GBP,Dickson-Padilla,Vendor Settlement,settled
BNK-201958,REF-597341,03/13/2026,-13314.58,GBP,Randall-Kerr,WIRE TRANSFER,settled
BNK-201959,REF-955194,2026-04-27,-4106.14,EUR,"Savage, Garcia and Robinson",Vendor Settlement,settled
BNK-201960,REF-895655,2026-04-04,-14648.77,USD,Mccoy Ltd,Payout Execution,settled
BNK-201961,REF-509394,2026-05-03,-20765.14,EUR,"Malone, Bell and Bryant",ACH DEBIT,settled
BNK-201962,REF-535790,01/23/2026,-6404.26,GBP,"Curtis, Turner and Soto",Vendor Settlement,settled
BNK-201963,REF-384054,01/28/2026,-18511.41,GBP,Wong PLC,Vendor Settlement,settled
BNK-201964,ref349180,2026-02-20,-4511.3,gbp,Mcclain-Jensen,Vendor Settlement,settled
BNK-201965,REF-281958,02/27/2026,-4471.38,GBP,Colon Group,ACH DEBIT,settled
BNK-201966,REF-654730,2026-04-13,-6545.74,gbp,"Howard, Lynch and Morris",WIRE TRANSFER,settled
BNK-201967,REF-350202,04/28/2026,-3529.34,EUR,Mcclain-Jensen,ACH DEBIT,settled
BNK-201968,REF-723832,2026-04-16,-2877.94,USD,"Lewis, Joyce and Robertson",ACH DEBIT,settled
BNK-201969,ref466997,2026-01-13,-10632.9,eur,Robinson and Sons,ACH DEBIT,settled
BNK-201970,REF-927538,2026-02-25,-4147.31,gbp,Morris Inc,ACH DEBIT,settled
BNK-201971,REF-499220,04/10/2026,-21265.41,GBP,Spears-Beck,ACH DEBIT,settled
BNK-201972,REF-358674,01/24/2026,-16049.92,USD,Rogers Inc,Vendor Settlement,settled
BNK-201973,ref721840,01/22/2026,-22387.39,EUR,"Ward, Garcia and Henry",WIRE TRANSFER,settled
BNK-201974,REF-385835,2026-03-21,-1033.03,GBP,Hunt PLC,Vendor Settlement,settled
BNK-201975,REF-115810,04/04/2026,-15483.83,eur,"Nguyen, Williams and Smith",ACH DEBIT,settled
BNK-201976,REF-787236,2026-04-19,-16590.56,EUR,Todd-Oconnor,Vendor Settlement,settled
BNK-201977,REF-356032,03/25/2026,-6029.06,usd,Jones-Graham,Payout Execution,settled
BNK-201978,REF-886339,04/04/2026,-14014.27,GBP,"Howell, Hart and Swanson",ACH DEBIT,settled
BNK-201979,REF-387048,2026-03-23,-14734.99,GBP,Bryant LLC,Payout Execution,settled
BNK-201980,ref558916,2026-01-05,-16627.72,EUR,Allen Inc,Payout Execution,settled
BNK-201981,REF-839699,02/18/2026,-16900.98,gbp,"Berry, Rios and Marshall",WIRE TRANSFER,settled
BNK-201982,REF-652819,2026-01-11,-5132.22,EUR,"Hernandez, Greer and Jackson",WIRE TRANSFER,settled
BNK-201983,REF-312160,02/03/2026,-12037.05,EUR,GORDON-ROBERTS,Vendor Settlement,settled
BNK-201984,REF-333327,2026-01-13,-16932.66,gbp,Mullins-Cabrera,Payout Execution,settled
BNK-201985,REF-536247,04/21/2026,-19583.48,EUR,"Johnson, Meyer and Hanna",ACH DEBIT,settled
BNK-201986,REF-152976,2026-01-14,-5071.01,GBP,ANDERSON INC,WIRE TRANSFER,settled
BNK-201987,REF-452700,02/12/2026,-7800.37,gbp,Lawrence-Lee,Payout Execution,settled
BNK-201988,REF-631675,04/16/2026,-18665.09,EUR,Wong PLC,WIRE TRANSFER,settled
BNK-201989,REF-443085,2026-03-15,-14588.73,USD,"Moss, Atkins and Daniels",Vendor Settlement,settled
BNK-201990,REF-188743,03/21/2026,-13436.9,GBP,Walters LLC,ACH DEBIT,settled
BNK-201991,REF-553570,2026-02-09,-7856.34,eur,BOWMAN LLC,Vendor Settlement,settled
BNK-201992,REF-172484,04/13/2026,-8272.59,EUR,"Garza, Barker and Maddox",Vendor Settlement,settled
BNK-201993,REF-234401,2026-04-16,-18975.29,EUR,Mckinney-Cooper,ACH DEBIT,settled
BNK-201994,REF-412551,2026-03-26,-2668.5,USD,Mann Group,Payout Execution,settled
BNK-201995,REF-820650,2026-03-06,-21733.37,GBP,Smith-Gaines,ACH DEBIT,settled
BNK-201996,REF-686864,02/25/2026,-16941.64,USD,Dickson-Gutierrez,Vendor Settlement,settled
BNK-201997,REF-715527,01/28/2026,-2936.26,USD,Jones Group,Vendor Settlement,settled
BNK-201998,REF-986743,03/01/2026,-16039.95,EUR,"George, Lewis and Mitchell",Payout Execution,settled
BNK-201999,ref618689,2026-01-23,-23244.61,USD,Pierce Inc,ACH DEBIT,settled
BNK-202000,REF-611555,01/16/2026,-10149.03,GBP,Price PLC,ACH DEBIT,settled
BNK-202001,REF-465216,01/26/2026,-4365.07,USD,"Howard, Russo and Smith",Vendor Settlement,settled
BNK-202002,REF-996684,2026-01-30,-21999.82,GBP,Hamilton-Bautista,Payout Execution,settled
BNK-202003,ref458131,2026-04-12,-3204.94,gbp,Nguyen-Roberts,ACH DEBIT,settled
BNK-202004,REF-451106,2026-03-13,-24165.42,gbp,Smith and Sons,ACH DEBIT,settled
BNK-202005,REF-855018,2026-03-27,-9638.82,USD,"Ball, Henderson and Caldwell",Vendor Settlement,settled
BNK-202006,REF-796276,03/29/2026,-15287.49,GBP,Anderson-Parks,WIRE TRANSFER,settled
BNK-202007,REF-573566,2026-02-23,-21139.47,eur,Harvey Inc,Payout Execution,settled
BNK-202008,ref668129,2026-04-14,-21234.15,GBP,"Garcia, Mercado and West",ACH DEBIT,settled
BNK-202009,REF-861142,02/21/2026,-6724.46,usd,Brown and Sons,WIRE TRANSFER,settled
BNK-202010,REF-954175,03/27/2026,-16422.31,GBP,Randall-Kerr,Vendor Settlement,settled
BNK-202011,REF-985250,2026-03-11,-18052.7,USD,Morris Inc,ACH DEBIT,settled
BNK-202012,REF-893554,05/02/2026,-23653.61,gbp,"Snow, Rodgers and Miller",ACH DEBIT,settled
BNK-202013,REF-143608,2026-03-11,-882.56,GBP,Skinner Ltd,ACH DEBIT,settled
BNK-202014,REF-118299,2026-01-21,-10729.54,USD,Fletcher-Pruitt,Payout Execution,settled
BNK-202015,REF-527859,03/18/2026,-12272.33,EUR,Maxwell-Shepherd,Payout Execution,settled
BNK-202016,REF-882514,03/10/2026,-22359.28,GBP,"BRYANT, HARRISON AND CARTER",WIRE TRANSFER,settled
BNK-202017,REF-633086,04/10/2026,-3216.3,eur,GARCIA AND SONS,Vendor Settlement,settled
BNK-202018,REF-158296,03/27/2026,-1046.11,USD,Gomez-Cardenas,WIRE TRANSFER,settled
BNK-202019,ref733741,03/13/2026,-20511.52,GBP,King LLC,WIRE TRANSFER,settled
BNK-202020,ref760874,2026-02-15,-16377.28,GBP,Bryant LLC,Vendor Settlement,settled
BNK-202021,REF-816430,04/04/2026,-7855.0,EUR,Hamilton-Bautista,Payout Execution,settled
BNK-202022,ref971836,04/11/2026,-22409.41,USD,Juarez-Jones,Vendor Settlement,settled
BNK-202023,REF-314463,2026-03-29,-10201.49,USD,Richards-Johnson,WIRE TRANSFER,settled
BNK-202024,REF-333268,01/16/2026,-13992.03,gbp,"Martinez, Joseph and Simmons",Payout Execution,settled
BNK-202025,REF-263667,04/30/2026,-19086.9,USD,"Pena, Jones and Sanchez",WIRE TRANSFER,settled
BNK-202026,REF-774662,2026-03-18,-12232.86,EUR,Anderson Inc,Payout Execution,settled
BNK-202027,REF-339997,02/11/2026,-17457.89,USD,Newman-Thomas,WIRE TRANSFER,settled
BNK-202028,REF-871556,02/11/2026,-23708.27,usd,Reynolds-Harris,Vendor Settlement,settled
BNK-202029,REF-671050,2026-03-19,-18778.89,GBP,"Garza, Barker and Maddox",ACH DEBIT,settled
BNK-202030,REF-821578,2026-01-26,-18670.19,EUR,"Bell, Pollard and Berry",Vendor Settlement,settled
BNK-202031,REF-656233,2026-04-22,-21592.8,EUR,Allen Ltd,WIRE TRANSFER,settled
BNK-202032,REF-538269,03/05/2026,-14510.64,eur,Davis Group,Vendor Settlement,settled
BNK-202033,REF-740375,2026-04-12,-14280.67,USD,Phillips-Wyatt,WIRE TRANSFER,settled
BNK-202034,REF-626175,2026-04-28,-17137.95,EUR,Smith-Abbott,WIRE TRANSFER,settled
BNK-202035,REF-552033,2026-01-21,-724.05,USD,Banks-Savage,Payout Execution,settled
BNK-202036,REF-649987,01/09/2026,-4887.61,GBP,Johnson-Ruiz,WIRE TRANSFER,settled
BNK-202037,REF-645957,2026-01-25,-21279.68,GBP,ROBINSON AND SONS,WIRE TRANSFER,settled
BNK-202038,REF-906866,03/07/2026,-3963.49,EUR,Contreras LLC,Vendor Settlement,settled
BNK-202039,REF-812834,2026-04-20,-6371.82,GBP,Mann Group,Payout Execution,settled
BNK-202040,REF-886568,02/07/2026,-20931.22,EUR,Gonzalez-Pennington,Vendor Settlement,settled
BNK-202041,REF-145885,04/14/2026,-2017.98,EUR,KIRK-HENSON,ACH DEBIT,settled
BNK-202042,REF-960511,04/25/2026,-22727.63,GBP,Wagner Ltd,Vendor Settlement,settled
BNK-202043,REF-286331,2026-01-10,-22731.71,EUR,Mitchell-Byrd,ACH DEBIT,settled
BNK-202044,REF-355729,2026-01-24,-15423.21,EUR,"Murphy, Jordan and Whitney",ACH DEBIT,settled
BNK-202045,REF-702837,2026-03-01,-12502.91,USD,Howard LLC,WIRE TRANSFER,settled
BNK-202046,REF-216038,2026-01-19,-1212.78,GBP,Beard-Cooper,Vendor Settlement,settled
BNK-202047,REF-729968,2026-01-31,-6981.97,GBP,Cooper Ltd,WIRE TRANSFER,settled
BNK-202048,REF-149569,02/09/2026,-14039.82,GBP,"Molina, Wells and Bright",Vendor Settlement,settled
BNK-202049,REF-771681,2026-02-23,-4797.16,USD,Pena Inc,ACH DEBIT,settled
BNK-202050,REF-210947,2026-03-27,-23435.41,GBP,Garcia and Sons,WIRE TRANSFER,settled
BNK-202051,REF-825420,2026-01-14,-14320.39,usd,"George, Lewis and Mitchell",Vendor Settlement,settled
BNK-202052,REF-408041,03/04/2026,-8255.61,eur,Ingram PLC,ACH DEBIT,settled
BNK-202053,REF-557552,2026-01-27,-13969.26,GBP,Joseph Group,Vendor Settlement,settled
BNK-202054,REF-562586,03/04/2026,-3439.89,GBP,Harvey Inc,WIRE TRANSFER,settled
BNK-202055,REF-360564,2026-01-10,-6559.08,GBP,Griffin Inc,WIRE TRANSFER,settled
BNK-202056,REF-590721,04/18/2026,-4725.45,GBP,Walters LLC,Vendor Settlement,settled
BNK-202057,ref717048,2026-04-10,-21408.94,USD,Jones-Graham,Payout Execution,settled
BNK-202058,ref820547,04/10/2026,-19500.39,USD,Walters PLC,ACH DEBIT,settled
BNK-202059,REF-770173,2026-03-30,-24160.24,EUR,Fitzgerald-Watson,Payout Execution,settled
BNK-202060,REF-342849,01/25/2026,-9695.46,GBP,Jacobs PLC,Payout Execution,settled
BNK-202061,REF-250544,03/14/2026,-17363.62,GBP,Smith and Sons,ACH DEBIT,settled
BNK-202062,REF-485781,04/23/2026,-16942.75,GBP,Charles-Butler,WIRE TRANSFER,settled
BNK-202063,REF-752480,04/08/2026,-12338.92,USD,PEREZ-NEAL,ACH DEBIT,settled
BNK-202064,REF-543347,04/12/2026,-19361.28,USD,Flynn-Matthews,Vendor Settlement,settled
BNK-202065,REF-493041,2026-04-25,-14403.69,GBP,Schneider Ltd,Vendor Settlement,settled
BNK-202066,REF-162744,2026-04-29,-23869.87,EUR,Smith and Sons,ACH DEBIT,settled
BNK-202067,REF-403537,2026-03-02,-17875.02,USD,Kelly-Murphy,ACH DEBIT,settled
BNK-202068,REF-603627,01/19/2026,-21171.89,eur,"Howell, Hart and Swanson",Vendor Settlement,settled
BNK-202069,REF-408396,03/30/2026,-3953.17,GBP,"Murphy, Jordan and Whitney",WIRE TRANSFER,settled
BNK-202070,REF-434042,2026-01-11,-9921.76,USD,"EDWARDS, ANDERSON AND TAYLOR",Vendor Settlement,settled
BNK-202071,REF-827402,2026-02-20,-17059.28,EUR,HOLMES AND SONS,Vendor Settlement,settled
BNK-202072,REF-953478,04/17/2026,-3889.35,GBP,NGUYEN-WHITE,WIRE TRANSFER,settled
BNK-202073,REF-334528,2026-02-14,-24446.47,EUR,Mann Group,Vendor Settlement,settled
BNK-202074,REF-913450,02/19/2026,-5628.17,USD,Orozco Ltd,Vendor Settlement,settled
BNK-202075,REF-264038,02/24/2026,-16648.21,EUR,"Garza, Barker and Maddox",WIRE TRANSFER,settled
BNK-202076,REF-518557,04/28/2026,-14043.88,GBP,CONTRERAS LLC,ACH DEBIT,settled
BNK-202077,REF-646289,2026-03-03,-1912.02,GBP,Walters PLC,Vendor Settlement,settled
BNK-202078,REF-381903,2026-01-27,-10592.18,USD,Reynolds-Harris,Payout Execution,settled
BNK-202079,ref809369,2026-04-07,-22576.12,EUR,Reynolds LLC,ACH DEBIT,settled
BNK-202080,REF-242354,2026-04-15,-13856.24,gbp,BARRERA GROUP,ACH DEBIT,settled
BNK-202081,REF-327153,2026-01-29,-13673.99,EUR,"Johnson, Harrison and Thomas",Vendor Settlement,settled
BNK-202082,REF-293334,03/23/2026,-20263.71,GBP,"Bates, Diaz and Lowe",WIRE TRANSFER,settled
BNK-202083,REF-220326,2026-03-06,-20740.76,EUR,"Dorsey, Patterson and Harrison",Payout Execution,settled
BNK-202084,ref706837,01/01/2026,-14980.49,USD,"Collins, Gardner and Shaw",Vendor Settlement,settled
BNK-202085,REF-123802,01/29/2026,-21269.25,GBP,Li-Martinez,Payout Execution,settled
BNK-202086,REF-438650,2026-04-23,-3625.6,gbp,Randall-Kerr,Vendor Settlement,settled
BNK-202087,REF-980575,2026-04-16,-16745.79,GBP,"Snow, Rodgers and Miller",WIRE TRANSFER,settled
BNK-202088,REF-656165,2026-03-08,-21013.97,gbp,Davis PLC,Vendor Settlement,settled
BNK-202089,REF-534443,2026-02-02,-10903.89,USD,"Cox, Fernandez and Baker",WIRE TRANSFER,settled
BNK-202090,REF-192201,01/04/2026,-4045.98,USD,Hickman-Walter,WIRE TRANSFER,settled
BNK-202091,REF-979691,2026-04-25,-16681.98,EUR,Smith-Abbott,ACH DEBIT,settled
BNK-202092,REF-369491,2026-04-07,-22213.68,eur,"Salinas, Barnes and Cooper",Vendor Settlement,settled
BNK-202093,REF-591546,2026-03-01,-9872.16,USD,Prince-Martinez,Vendor Settlement,settled
BNK-202094,REF-901296,04/25/2026,-3369.96,USD,Smith-Ortiz,ACH DEBIT,settled
BNK-202095,REF-552959,02/09/2026,-23393.73,EUR,"Graham, Ferguson and Hill",Vendor Settlement,settled
BNK-202096,ref889385,2026-02-28,-9228.44,GBP,Todd-Oconnor,Vendor Settlement,settled
BNK-202097,REF-797475,04/04/2026,-7779.4,USD,Gonzalez Inc,ACH DEBIT,settled
BNK-202098,REF-702083,2026-04-23,-18663.65,USD,HERNANDEZ-DIAZ,Vendor Settlement,settled
BNK-202099,REF-618341,01/29/2026,-2207.43,EUR,Jones-Turner,Payout Execution,settled
BNK-202100,ref927320,01/03/2026,-532.62,GBP,"Pineda, Travis and Jones",Payout Execution,settled
BNK-202101,REF-833253,2026-03-15,-6352.62,GBP,ALLEN GROUP,Vendor Settlement,settled
BNK-202102,REF-855704,2026-04-25,-12107.18,GBP,Bowman LLC,WIRE TRANSFER,settled
BNK-202103,REF-784232,2026-01-24,-3903.33,EUR,Cooper Ltd,Payout Execution,settled
BNK-202104,REF-973439,2026-04-14,-22582.42,USD,Bauer Inc,Payout Execution,settled
BNK-202105,REF-792439,01/13/2026,-21689.6,USD,"Howard, Russo and Smith",Payout Execution,settled
BNK-202106,REF-341448,2026-04-10,-11500.1,USD,Zimmerman and Sons,WIRE TRANSFER,settled
BNK-202107,REF-316929,2026-03-05,-8164.97,EUR,Wagner Ltd,WIRE TRANSFER,settled
BNK-202108,REF-811384,2026-04-06,-6719.04,GBP,Kirk-Henson,WIRE TRANSFER,settled
BNK-202109,REF-433828,03/16/2026,-6410.27,GBP,"BATES, DIAZ AND LOWE",Payout Execution,settled
BNK-202110,REF-159230,2026-02-04,-8983.61,USD,"Collins, Gardner and Shaw",ACH DEBIT,settled
BNK-202111,REF-535804,2026-03-20,-18721.9,GBP,Zimmerman Group,Payout Execution,settled
BNK-202112,REF-902767,2026-03-21,-11868.23,USD,Arnold-Beck,ACH DEBIT,settled
BNK-202113,REF-699710,03/07/2026,-5323.35,USD,"Ball, Henderson and Caldwell",Vendor Settlement,settled
BNK-202114,REF-857526,01/11/2026,-13169.36,USD,Dudley Ltd,Vendor Settlement,settled
BNK-202115,ref558415,2026-04-22,-13920.39,GBP,Thornton and Sons,WIRE TRANSFER,settled
BNK-202116,REF-941828,02/16/2026,-2619.16,GBP,Maxwell-Shepherd,Payout Execution,settled
BNK-202117,REF-110284,2026-04-08,-22424.23,USD,"NELSON, BOWERS AND COOPER",Payout Execution,settled
BNK-202118,ref655514,02/10/2026,-13584.84,GBP,Green Ltd,Vendor Settlement,settled
BNK-202119,REF-899847,02/20/2026,-9438.77,EUR,"Thompson, Cooper and Young",Payout Execution,settled
BNK-202120,REF-746060,2026-01-15,-22998.94,USD,"Ward, Garcia and Henry",WIRE TRANSFER,settled
BNK-202121,REF-596226,02/08/2026,-241.61,GBP,"MALONE, BELL AND BRYANT",Vendor Settlement,settled
BNK-202122,REF-560412,01/13/2026,-14525.49,GBP,Gardner Inc,Vendor Settlement,settled
BNK-202123,REF-762435,04/15/2026,-11330.77,usd,Reynolds-Harris,Vendor Settlement,settled
BNK-202124,REF-333056,2026-01-21,-10978.74,USD,Rose-Gonzales,ACH DEBIT,settled
BNK-202125,REF-162637,2026-04-29,-20354.04,USD,Peters-Ward,Vendor Settlement,settled
BNK-202126,REF-231790,2026-02-24,-7590.35,USD,Zimmerman and Sons,ACH DEBIT,settled
BNK-202127,REF-961047,2026-05-08,-15322.99,EUR,Davis PLC,ACH DEBIT,settled
BNK-202128,REF-916072,01/21/2026,-15831.53,GBP,Mccoy Ltd,Payout Execution,settled
BNK-202129,REF-697041,2026-03-27,-10312.58,GBP,Cooper PLC,Vendor Settlement,settled
BNK-202130,REF-185658,2026-03-29,-3948.02,GBP,Thornton and Sons,WIRE TRANSFER,settled
BNK-202131,REF-170975,01/17/2026,-18452.46,EUR,Cooper PLC,Vendor Settlement,settled
BNK-202132,REF-310220,04/14/2026,-203.47,EUR,Brady-Ford,Payout Execution,settled
BNK-202133,REF-936243,2026-01-11,-18525.48,usd,Mitchell-Byrd,ACH DEBIT,settled
BNK-202134,REF-571644,01/31/2026,-12100.54,GBP,"Rogers, Anderson and Campos",WIRE TRANSFER,settled
BNK-202135,REF-654887,2026-04-25,-17220.03,GBP,Hamilton-Bautista,ACH DEBIT,settled
BNK-202136,REF-489434,03/04/2026,-1172.05,EUR,Moore LLC,Vendor Settlement,settled
BNK-202137,REF-744717,04/04/2026,-1001.5,EUR,"Bryant, Harrison and Carter",WIRE TRANSFER,settled
BNK-202138,REF-219685,02/06/2026,-1185.46,USD,Smith Ltd,Vendor Settlement,settled
BNK-202139,ref500982,03/23/2026,-2172.62,gbp,JOHNSON-RUIZ,Vendor Settlement,settled
BNK-202140,REF-782431,04/30/2026,-602.02,GBP,"Bates, Diaz and Lowe",ACH DEBIT,settled
BNK-202141,REF-441004,2026-02-18,-3524.1,USD,Wilson Ltd,Vendor Settlement,settled
BNK-202142,REF-136559,2026-04-05,-16788.06,USD,Reynolds LLC,Payout Execution,settled
BNK-202143,REF-707701,2026-03-16,-2759.5,EUR,Flynn-Matthews,ACH DEBIT,settled
BNK-202144,ref498173,2026-02-09,-5764.82,gbp,Prince-Martinez,Vendor Settlement,settled
BNK-202145,REF-233411,2026-01-15,-21655.38,USD,Dickson-Gutierrez,Vendor Settlement,settled
BNK-202146,REF-630172,2026-03-26,-952.19,usd,Randall-Kerr,Payout Execution,settled
BNK-202147,ref537667,01/13/2026,-6644.77,EUR,Howe and Sons,Vendor Settlement,settled
BNK-202148,REF-791913,2026-01-14,-18216.8,EUR,"Rollins, Charles and Black",ACH DEBIT,settled
BNK-202149,REF-723094,2026-02-02,-20269.35,USD,Crawford Ltd,ACH DEBIT,settled
BNK-202150,REF-229996,03/30/2026,-109.96,USD,Perez-Neal,WIRE TRANSFER,settled
BNK-202151,REF-983389,01/10/2026,-21580.64,EUR,Hammond Ltd,Vendor Settlement,settled
BNK-202152,REF-113887,04/07/2026,-16189.59,gbp,Anderson-Parks,WIRE TRANSFER,settled
BNK-202153,REF-529314,01/20/2026,-3979.97,USD,Jenkins-Henderson,ACH DEBIT,settled
BNK-202154,REF-403592,03/16/2026,-18820.26,GBP,Contreras LLC,Payout Execution,settled
BNK-202155,REF-820104,2026-04-28,-17740.19,GBP,DICKSON-PADILLA,ACH DEBIT,settled
BNK-202156,REF-417096,2026-02-01,-11268.36,USD,"Wilson, Robertson and Gonzalez",ACH DEBIT,settled
BNK-202157,REF-161154,03/10/2026,-3959.05,EUR,RAMSEY-CALDWELL,Vendor Settlement,settled
BNK-202158,REF-190792,04/15/2026,-9003.0,usd,"Hansen, Herrera and Taylor",WIRE TRANSFER,settled
BNK-202159,REF-250524,2026-04-15,-10274.69,gbp,Bryant LLC,Vendor Settlement,settled
BNK-202160,REF-145206,02/19/2026,-24042.64,USD,Brown and Sons,Payout Execution,settled
BNK-202161,REF-514879,2026-03-17,-16073.12,USD,Best Inc,WIRE TRANSFER,settled
BNK-202162,REF-394202,2026-01-11,-1371.55,gbp,ALLEN-TAYLOR,Payout Execution,settled
BNK-202163,REF-785010,2026-04-26,-12323.63,gbp,Thompson-Washington,WIRE TRANSFER,settled
BNK-202164,REF-811984,2026-03-27,-4343.71,GBP,Allen-Taylor,Vendor Settlement,settled
BNK-202165,ref672604,2026-02-28,-19690.61,EUR,Allen Inc,Payout Execution,settled
BNK-202166,REF-117897,03/25/2026,-9002.91,GBP,JOHNSON-RUIZ,Payout Execution,settled
BNK-202167,REF-181582,2026-03-22,-11108.92,USD,Smith-Abbott,ACH DEBIT,settled
BNK-202168,REF-748110,2026-01-14,-2107.82,eur,"Savage, Garcia and Robinson",WIRE TRANSFER,settled
BNK-202169,REF-978580,2026-02-21,-18587.45,USD,PENNINGTON PLC,Payout Execution,settled
BNK-202170,ref130242,02/18/2026,-1178.85,USD,Brown Ltd,WIRE TRANSFER,settled
BNK-202171,ref290965,02/17/2026,-2198.52,EUR,"JOHNSON, MEYER AND HANNA",Payout Execution,settled
BNK-202172,ref565352,02/27/2026,-24172.37,EUR,Hays-Dalton,Payout Execution,settled
BNK-202173,REF-837296,2026-03-23,-7914.81,eur,Pena Inc,Vendor Settlement,settled
BNK-202174,REF-420186,02/25/2026,-17550.43,gbp,Todd-Oconnor,Vendor Settlement,settled
BNK-202175,REF-468976,2026-03-17,-7773.9,EUR,Johnson Inc,ACH DEBIT,settled
BNK-202176,REF-194869,04/22/2026,-11312.07,GBP,Mann Group,Vendor Settlement,settled
BNK-202177,REF-997358,02/07/2026,-1614.69,USD,Washington-West,Vendor Settlement,settled
BNK-202178,REF-228035,04/19/2026,-7591.35,GBP,"Adams, Rodriguez and Walker",WIRE TRANSFER,settled
BNK-202179,REF-636046,02/25/2026,-3179.24,usd,Rose-Gonzales,WIRE TRANSFER,settled
BNK-202180,REF-369610,02/25/2026,-21141.39,EUR,Johnson-Newton,Vendor Settlement,settled
BNK-202181,REF-334635,2026-05-02,-11908.23,GBP,Hawkins-Saunders,ACH DEBIT,settled
BNK-202182,ref884011,2026-02-28,-14425.65,GBP,Jimenez-Bradley,Vendor Settlement,settled
BNK-202183,REF-553004,02/03/2026,-17560.81,EUR,Allen Ltd,WIRE TRANSFER,settled
BNK-202184,ref596782,01/28/2026,-1243.32,USD,Randall-Kerr,Vendor Settlement,settled
BNK-202185,REF-698230,2026-04-28,-836.92,EUR,Reynolds-Torres,Payout Execution,settled
BNK-202186,ref463152,03/19/2026,-23499.2,USD,Anderson LLC,ACH DEBIT,settled
BNK-202187,REF-961593,2026-03-27,-2248.52,USD,Schneider Ltd,WIRE TRANSFER,settled
BNK-202188,REF-992665,2026-03-09,-8671.75,GBP,Wright Group,Vendor Settlement,settled
BNK-202189,REF-615792,2026-03-25,-4736.01,USD,Brady-Ford,WIRE TRANSFER,settled
BNK-202190,REF-168687,03/02/2026,-6541.08,EUR,Jones-Fuentes,Vendor Settlement,settled
BNK-202191,REF-618384,03/06/2026,-8988.38,GBP,Hunter-Nicholson,WIRE TRANSFER,settled
BNK-202192,ref711314,2026-01-17,-10571.33,GBP,"Chavez, Davis and Walton",ACH DEBIT,settled
BNK-202193,REF-972714,2026-03-10,-10140.02,GBP,"Yu, Nguyen and Wood",WIRE TRANSFER,settled
BNK-202194,REF-905448,2026-05-03,-22164.95,EUR,"PENA, JONES AND SANCHEZ",Vendor Settlement,settled
BNK-202195,REF-247386,2026-01-25,-10620.67,GBP,Griffin Inc,WIRE TRANSFER,settled
BNK-202196,REF-391825,2026-03-25,-13519.3,usd,Crawford Ltd,Payout Execution,settled
BNK-202197,ref611996,04/20/2026,-7846.16,USD,Rhodes Ltd,WIRE TRANSFER,settled
BNK-202198,REF-882271,2026-03-25,-16702.04,USD,Coffey-Howell,Payout Execution,settled
BNK-202199,REF-489124,2026-01-10,-18414.62,USD,MOORE LLC,ACH DEBIT,settled
BNK-202200,REF-700908,01/13/2026,-5348.78,USD,Anderson LLC,WIRE TRANSFER,settled
BNK-202201,REF-108830,03/01/2026,-5778.39,eur,"Hernandez, Greer and Jackson",WIRE TRANSFER,settled
BNK-202202,REF-968352,01/25/2026,-11933.53,USD,"Ball, Henderson and Caldwell",WIRE TRANSFER,settled
BNK-202203,REF-735336,03/26/2026,-23627.0,USD,"Edwards, Anderson and Taylor",ACH DEBIT,settled
BNK-202204,REF-345528,2026-04-20,-13729.58,GBP,Hughes Inc,Payout Execution,settled
BNK-202205,REF-294458,02/07/2026,-20613.68,EUR,"Hayes, Luna and Miller",Vendor Settlement,settled
BNK-202206,REF-622625,2026-03-25,-1236.37,gbp,"Garner, Lawson and Richard",ACH DEBIT,settled
BNK-202207,REF-923338,2026-04-12,-502.14,USD,HOWARD LLC,Vendor Settlement,settled
BNK-202208,REF-321308,2026-04-13,-15591.17,EUR,"WALLER, BASS AND MITCHELL",WIRE TRANSFER,settled
BNK-202209,REF-593368,2026-04-09,-24155.58,GBP,Reynolds LLC,WIRE TRANSFER,settled
BNK-202210,REF-122580,05/02/2026,-7724.18,USD,"Taylor, Zavala and Bates",Vendor Settlement,settled
BNK-202211,REF-962967,04/10/2026,-15655.44,gbp,Nguyen-Roberts,Payout Execution,settled
BNK-202212,REF-895980,2026-03-19,-7089.34,GBP,Banks-Savage,ACH DEBIT,settled
BNK-202213,REF-617067,04/11/2026,-23544.61,GBP,"Yu, Nguyen and Wood",ACH DEBIT,settled
BNK-202214,REF-992060,2026-02-15,-14371.45,EUR,Arnold-Beck,Payout Execution,settled
BNK-202215,REF-315773,2026-03-03,-10466.1,EUR,"Roberts, Frazier and Smith",Payout Execution,settled
BNK-202216,REF-519721,2026-03-30,-20173.12,EUR,"Nguyen, Williams and Smith",Vendor Settlement,settled
BNK-202217,REF-932097,2026-03-10,-21620.16,eur,"Robinson, Bauer and Brown",Payout Execution,settled
BNK-202218,REF-964952,03/03/2026,-21396.64,EUR,GONZALEZ-MCDANIEL,Vendor Settlement,settled
BNK-202219,REF-580552,02/12/2026,-918.63,GBP,Murray Group,Vendor Settlement,settled
BNK-202220,REF-103380,01/26/2026,-5282.78,EUR,Jackson LLC,Payout Execution,settled
BNK-202221,REF-632162,03/30/2026,-11883.2,GBP,Thompson-Washington,Payout Execution,settled
BNK-202222,REF-814440,02/26/2026,-19704.28,USD,Moore LLC,ACH DEBIT,settled
BNK-202223,REF-246346,2026-02-03,-11968.02,EUR,"Graham, Ferguson and Hill",Payout Execution,settled
BNK-202224,ref507054,2026-01-15,-15194.43,EUR,Hamilton-Bautista,WIRE TRANSFER,settled
BNK-202225,REF-318628,2026-01-20,-20625.06,GBP,Li-Jones,Vendor Settlement,settled
BNK-202226,REF-776186,01/18/2026,-22692.97,gbp,PETERSON LLC,ACH DEBIT,settled
BNK-202227,REF-252132,2026-03-25,-14763.33,USD,"Hobbs, Blanchard and Porter",Payout Execution,settled
BNK-202228,REF-605068,04/04/2026,-20681.62,GBP,Ingram PLC,Vendor Settlement,settled
BNK-202229,REF-866540,2026-04-15,-1366.43,USD,"Garza, Barker and Maddox",ACH DEBIT,settled
BNK-202230,REF-982796,2026-02-07,-10627.35,GBP,"Brown, Middleton and Williams",Payout Execution,settled
BNK-202231,REF-273792,02/28/2026,-20038.38,GBP,"MOSS, ATKINS AND DANIELS",Vendor Settlement,settled
BNK-202232,REF-879779,2026-01-21,-7854.56,GBP,"Molina, Wells and Bright",ACH DEBIT,settled
BNK-202233,REF-158960,02/28/2026,-6252.57,GBP,"Martinez, Henderson and Osborne",Vendor Settlement,settled
BNK-202234,REF-439004,2026-04-05,-16551.51,USD,Davenport PLC,ACH DEBIT,settled
BNK-202235,REF-129117,02/27/2026,-22632.13,EUR,Smith-Ortiz,Payout Execution,settled
BNK-202236,REF-967262,01/12/2026,-14152.88,eur,MATA INC,ACH DEBIT,settled
BNK-202237,REF-189137,04/21/2026,-4297.5,gbp,Davis PLC,ACH DEBIT,settled
BNK-202238,REF-443909,03/17/2026,-23070.03,gbp,Reynolds-Harris,Payout Execution,settled
BNK-202239,REF-152098,02/24/2026,-24917.33,gbp,"Moss, Atkins and Daniels",ACH DEBIT,settled
BNK-202240,REF-893637,02/23/2026,-14776.81,EUR,Colon Group,WIRE TRANSFER,settled
BNK-202241,REF-179312,01/05/2026,-9582.49,eur,Edwards-Boyd,Payout Execution,settled
BNK-202242,REF-244073,04/08/2026,-2307.93,EUR,"Yu, Nguyen and Wood",ACH DEBIT,settled
BNK-202243,REF-364310,03/09/2026,-24486.74,usd,Park-Daniels,ACH DEBIT,settled
BNK-202244,REF-111125,03/30/2026,-16495.15,USD,Robinson and Sons,WIRE TRANSFER,settled
BNK-202245,REF-130719,01/06/2026,-21642.02,USD,"Fox, Hernandez and Ryan",ACH DEBIT,settled
BNK-202246,REF-207632,2026-02-27,-24348.62,EUR,Reed PLC,ACH DEBIT,settled
BNK-202247,REF-479983,01/15/2026,-6492.15,USD,Contreras LLC,Payout Execution,settled
BNK-202248,REF-400495,2026-04-16,-8648.68,gbp,Allen Inc,WIRE TRANSFER,settled
BNK-202249,REF-140162,03/11/2026,-2423.54,USD,Walters LLC,ACH DEBIT,settled
BNK-202250,REF-229236,02/11/2026,-15485.9,GBP,Kelly-Murphy,Vendor Settlement,settled
BNK-202251,REF-493967,2026-04-23,-3340.52,EUR,Jenkins-Henderson,Vendor Settlement,settled
BNK-202252,REF-585581,04/13/2026,-483.07,EUR,Walters LLC,WIRE TRANSFER,settled
BNK-202253,REF-401147,2026-03-07,-9753.01,GBP,"Garcia, Mercado and West",Vendor Settlement,settled
BNK-202254,REF-140004,04/25/2026,-57.76,GBP,Arroyo-Pope,Vendor Settlement,settled
BNK-202255,REF-592715,2026-02-03,-18695.72,USD,Welch-Peck,Vendor Settlement,settled
BNK-202256,REF-443694,2026-04-30,-22430.21,USD,Prince-Martinez,Vendor Settlement,settled
BNK-202257,REF-113786,01/25/2026,-4115.82,EUR,Orozco Ltd,ACH DEBIT,settled
BNK-202258,REF-854506,2026-01-03,-13832.62,EUR,Hammond Ltd,ACH DEBIT,settled
BNK-202259,REF-762647,02/03/2026,-24195.14,USD,Skinner Ltd,WIRE TRANSFER,settled
BNK-202260,REF-712279,2026-03-16,-19620.23,eur,Roberts Group,Vendor Settlement,settled
BNK-202261,REF-184886,02/26/2026,-10334.08,EUR,"Santana, Hoffman and Cobb",ACH DEBIT,settled
BNK-202262,REF-411930,2026-02-25,-9749.55,EUR,Mitchell-Jones,Vendor Settlement,settled
BNK-202263,REF-344014,04/02/2026,-24806.02,EUR,"Rodriguez, Evans and Patterson",WIRE TRANSFER,settled
BNK-202264,ref762023,2026-03-09,-6035.91,USD,Garcia Ltd,WIRE TRANSFER,settled
BNK-202265,REF-590001,2026-02-08,-23223.71,EUR,Hickman-Walter,Payout Execution,settled
BNK-202266,REF-651405,2026-04-10,-4858.46,USD,Edwards-Boyd,WIRE TRANSFER,settled
BNK-202267,REF-792299,2026-03-08,-3486.75,USD,Randall-Kerr,WIRE TRANSFER,settled
BNK-202268,REF-931199,2026-04-22,-306.55,EUR,SMITH-GAINES,WIRE TRANSFER,settled
BNK-202269,REF-240681,03/18/2026,-10571.69,USD,"Shaw, Baker and Scott",WIRE TRANSFER,settled
BNK-202270,REF-656487,2026-02-08,-15454.59,EUR,"Matthews, Howard and Brown",Vendor Settlement,settled
BNK-202271,REF-130987,2026-03-31,-2521.47,USD,Banks-Savage,Payout Execution,settled
BNK-202272,REF-281380,03/11/2026,-21050.56,usd,Crawford Ltd,Payout Execution,settled
BNK-202273,REF-762427,2026-02-02,-12178.12,GBP,"Evans, Conway and Hall",Payout Execution,settled
BNK-202274,REF-975631,2026-01-26,-24137.81,EUR,Zimmerman Group,Payout Execution,settled
BNK-202275,REF-114211,02/02/2026,-13033.32,gbp,"Kennedy, Lopez and Norton",Payout Execution,settled
BNK-202276,REF-375840,2026-01-21,-22576.4,GBP,MCCLAIN-JENSEN,Payout Execution,settled
BNK-202277,ref911090,2026-02-11,-10850.53,USD,"Evans, Conway and Hall",WIRE TRANSFER,settled
BNK-202278,REF-625329,2026-03-27,-16181.3,eur,Best Inc,Vendor Settlement,settled
BNK-202279,REF-252734,2026-02-23,-17658.18,gbp,WHITE-WILSON,Payout Execution,settled
BNK-202280,ref998782,03/14/2026,-1909.84,GBP,Hamilton-Bautista,Vendor Settlement,settled
BNK-202281,REF-519575,2026-04-20,-11877.4,GBP,ALLEN INC,Vendor Settlement,settled
BNK-202282,REF-531663,2026-01-15,-1436.06,usd,Mata Inc,Payout Execution,settled
BNK-202283,REF-123537,01/06/2026,-48.21,USD,Robinson Group,Vendor Settlement,settled
BNK-202284,REF-623331,02/07/2026,-1545.28,eur,King-George,Vendor Settlement,settled
BNK-202285,ref372975,2026-01-10,-23077.89,GBP,"RUSSELL, SCOTT AND RAMSEY",ACH DEBIT,settled
BNK-202286,REF-839149,2026-03-01,-15688.78,USD,Garcia and Sons,Payout Execution,settled
BNK-202287,REF-595397,04/21/2026,-21956.92,USD,"Thompson, Cooper and Young",WIRE TRANSFER,settled
BNK-202288,REF-686192,2026-02-27,-569.04,gbp,Brown Ltd,WIRE TRANSFER,settled
BNK-202289,ref640769,2026-02-08,-24241.03,USD,"Smith, Guerra and Holmes",Vendor Settlement,settled
BNK-202290,ref378122,2026-01-28,-16275.14,USD,Johnson-Newton,ACH DEBIT,settled
BNK-202291,ref441989,2026-04-22,-13508.41,GBP,Allen Inc,ACH DEBIT,settled
BNK-202292,REF-629761,2026-03-14,-8000.42,EUR,Garcia and Sons,ACH DEBIT,settled
BNK-202293,REF-524321,2026-02-26,-9636.13,usd,"Short, Moore and Douglas",WIRE TRANSFER,settled
BNK-202294,REF-733618,2026-02-28,-1026.32,GBP,Esparza-Carroll,WIRE TRANSFER,settled
BNK-202295,REF-335437,2026-03-30,-2713.04,GBP,Prince-Martinez,WIRE TRANSFER,settled
BNK-202296,REF-939864,04/22/2026,-4169.52,EUR,Hays-Dalton,WIRE TRANSFER,settled
BNK-202297,REF-501523,04/25/2026,-16037.63,EUR,Harvey Inc,WIRE TRANSFER,settled
BNK-202298,REF-956067,2026-02-17,-7709.61,GBP,Randall-Kerr,WIRE TRANSFER,settled
BNK-202299,REF-326246,2026-02-13,-4852.19,GBP,"Malone, Bell and Bryant",WIRE TRANSFER,settled
BNK-202300,ref303879,02/10/2026,-9895.67,GBP,Moore LLC,Payout Execution,settled
BNK-202301,REF-785914,02/04/2026,-18329.25,EUR,Mcclain-Jensen,Payout Execution,settled
BNK-202302,REF-471979,04/20/2026,-19178.73,eur,"Howard, Lynch and Morris",Vendor Settlement,settled
BNK-202303,REF-657059,2026-03-26,-19762.93,USD,"Best, Simon and Turner",Vendor Settlement,settled
BNK-202304,REF-449064,2026-04-03,-17165.27,usd,Leach-Walker,Vendor Settlement,settled
BNK-202305,REF-246032,2026-04-05,-9084.77,EUR,King-George,Vendor Settlement,settled
BNK-202306,ref836787,04/08/2026,-15308.64,EUR,Gardner-Hayes,Vendor Settlement,settled
BNK-202307,REF-725382,03/11/2026,-8066.39,eur,Erickson and Sons,Payout Execution,settled
BNK-202308,REF-157233,2026-03-19,-10809.97,USD,Fitzpatrick-Henderson,Payout Execution,settled
BNK-202309,REF-752138,05/01/2026,-10324.9,USD,"George, Lewis and Mitchell",WIRE TRANSFER,settled
BNK-202310,REF-633138,03/13/2026,-17810.94,EUR,Randall-Kerr,Payout Execution,settled
BNK-202311,REF-561661,04/02/2026,-329.95,usd,Richards-Johnson,WIRE TRANSFER,settled
BNK-202312,REF-390480,01/09/2026,-9561.9,GBP,Pena Inc,ACH DEBIT,settled
BNK-202313,REF-210973,2026-03-27,-16760.94,USD,"Ramirez, Hernandez and Fox",ACH DEBIT,settled
BNK-202314,REF-553203,02/10/2026,-682.67,EUR,Gordon-Roberts,Vendor Settlement,settled
BNK-202315,REF-818991,2026-03-21,-14004.12,USD,Gonzalez-Pennington,Payout Execution,settled
BNK-202316,REF-769711,04/26/2026,-7724.81,USD,Fitzgerald-Watson,Vendor Settlement,settled
BNK-202317,REF-261037,03/20/2026,-8573.6,GBP,Hammond Ltd,Vendor Settlement,settled
BNK-202318,REF-533718,2026-04-21,-2110.73,USD,Lawrence-Lee,Vendor Settlement,settled
BNK-202319,REF-178940,02/18/2026,-21599.53,USD,"Smith, Guerra and Holmes",WIRE TRANSFER,settled
BNK-202320,REF-630741,02/24/2026,-14441.95,GBP,Erickson and Sons,Vendor Settlement,settled
BNK-202321,REF-731264,2026-02-22,-16207.65,EUR,Gonzalez-Mcdaniel,Vendor Settlement,settled
BNK-202322,REF-223109,2026-02-02,-12618.4,usd,Garcia and Sons,WIRE TRANSFER,settled
BNK-202323,REF-106802,03/13/2026,-8164.25,EUR,Erickson and Sons,Vendor Settlement,settled
BNK-202324,REF-644621,2026-01-22,-1065.64,GBP,Morris Inc,Payout Execution,settled
BNK-202325,ref120415,2026-02-20,-21726.62,EUR,Hunt PLC,ACH DEBIT,settled
BNK-202326,REF-125643,04/06/2026,-4969.21,USD,"Shaw, Baker and Scott",Vendor Settlement,settled
BNK-202327,ref108285,03/04/2026,-2266.5,EUR,Murray Group,ACH DEBIT,settled
BNK-202328,REF-884076,03/31/2026,-20031.27,EUR,"Hernandez, Hill and Hull",ACH DEBIT,settled
BNK-202329,REF-394259,2026-04-12,-325.32,GBP,"Peterson, Hood and Arroyo",Payout Execution,settled
BNK-202330,REF-721408,2026-03-16,-1133.01,GBP,"Gray, Williams and Weaver",WIRE TRANSFER,settled
BNK-202331,REF-631468,2026-03-05,-392.37,GBP,"Short, Moore and Douglas",ACH DEBIT,settled
BNK-202332,ref743302,2026-02-20,-15673.06,GBP,"Mooney, Black and Roach",Payout Execution,settled
BNK-202333,REF-519696,04/01/2026,-14906.09,USD,Walter Inc,Vendor Settlement,settled
BNK-202334,REF-928671,2026-04-22,-21014.32,USD,"Fleming, King and Herring",WIRE TRANSFER,settled
BNK-202335,REF-908597,01/08/2026,-12824.11,EUR,Esparza-Carroll,WIRE TRANSFER,settled
BNK-202336,ref826143,04/02/2026,-6999.86,USD,ANDERSON LLC,ACH DEBIT,settled
BNK-202337,REF-837411,2026-01-23,-11208.06,USD,Ibarra-Clark,WIRE TRANSFER,settled
BNK-202338,REF-515490,2026-04-23,-3278.96,EUR,SCHNEIDER LTD,ACH DEBIT,settled
BNK-202339,ref669606,2026-01-27,-21689.34,USD,"Frey, Mcgee and Bailey",ACH DEBIT,settled
BNK-202340,REF-522558,2026-04-15,-2082.07,gbp,Rodriguez LLC,Vendor Settlement,settled
BNK-202341,ref316855,02/01/2026,-17255.1,eur,Nguyen-Roberts,ACH DEBIT,settled
BNK-202342,ref864645,04/15/2026,-6125.23,EUR,"HOWARD, LYNCH AND MORRIS",WIRE TRANSFER,settled
BNK-202343,REF-453825,03/01/2026,-8465.74,GBP,Gonzalez Inc,ACH DEBIT,settled
BNK-202344,ref478095,2026-03-04,-2571.74,USD,"Lewis, Joyce and Robertson",ACH DEBIT,settled
BNK-202345,REF-878976,2026-02-27,-12784.01,gbp,Zimmerman and Sons,ACH DEBIT,settled
BNK-202346,REF-466015,2026-04-09,-21080.78,USD,"Salinas, Barnes and Cooper",Payout Execution,settled
BNK-202347,REF-397558,03/22/2026,-16555.37,GBP,Hickman-Walter,WIRE TRANSFER,settled
BNK-202348,REF-398115,2026-01-31,-20714.41,EUR,"Taylor, Zavala and Bates",Payout Execution,settled
BNK-202349,ref486088,2026-03-17,-5466.62,EUR,"Snow, Rodgers and Miller",Payout Execution,settled
BNK-202350,REF-366554,2026-03-17,-3402.4,EUR,"Cox, Fernandez and Baker",Vendor Settlement,settled
BNK-202351,REF-106323,2026-02-24,-11062.78,USD,Mullins-Cabrera,Vendor Settlement,settled
BNK-202352,REF-129533,03/13/2026,-11266.42,USD,"RUSSELL, SCOTT AND RAMSEY",WIRE TRANSFER,settled
BNK-202353,REF-891824,2026-01-30,-11154.14,GBP,Walter Inc,WIRE TRANSFER,settled
BNK-202354,REF-391269,02/21/2026,-20309.36,EUR,"Rodriguez, Sutton and Santiago",Payout Execution,settled
BNK-202355,REF-932878,2026-02-03,-18623.36,USD,Wong PLC,WIRE TRANSFER,settled
BNK-202356,REF-816678,02/12/2026,-6290.84,GBP,Smith Ltd,ACH DEBIT,settled
BNK-202357,REF-554100,2026-01-11,-21258.77,EUR,Maxwell-Shepherd,Vendor Settlement,settled
BNK-202358,REF-778104,2026-03-16,-14821.96,GBP,"OWEN, GIBSON AND JOHNSON",Vendor Settlement,settled
BNK-202359,REF-424435,04/24/2026,-636.86,EUR,"Miller, Anderson and Padilla",Vendor Settlement,settled
BNK-202360,REF-872655,01/25/2026,-15632.67,GBP,"Lewis, Joyce and Robertson",ACH DEBIT,settled
BNK-202361,REF-944896,03/29/2026,-8178.46,EUR,Jimenez-Bradley,Payout Execution,settled
BNK-202362,REF-471429,2026-01-07,-16032.49,GBP,"Fleming, King and Herring",WIRE TRANSFER,settled
BNK-202363,ref302142,2026-02-04,-1707.88,USD,"Graham, Ferguson and Hill",WIRE TRANSFER,settled
BNK-202364,REF-664844,03/02/2026,-653.68,usd,Howard LLC,Vendor Settlement,settled
BNK-202365,REF-659721,2026-03-08,-1628.67,usd,Spears-Beck,Vendor Settlement,settled
BNK-202366,ref491666,02/22/2026,-11861.2,GBP,Hawkins-Saunders,ACH DEBIT,settled
BNK-202367,ref826119,2026-02-04,-10819.95,EUR,"Peterson, Hood and Arroyo",WIRE TRANSFER,settled
BNK-202368,REF-873990,2026-03-17,-11299.29,USD,CONTRERAS LLC,WIRE TRANSFER,settled
BNK-202369,REF-688109,2026-01-28,-6395.42,USD,Gonzalez-Mcdaniel,WIRE TRANSFER,settled
BNK-202370,REF-482776,2026-01-26,-8650.25,USD,Gomez-Cardenas,Payout Execution,settled
BNK-202371,REF-262047,01/04/2026,-18986.69,EUR,"GRAHAM, GARRETT AND CALDWELL",Vendor Settlement,settled
BNK-202372,REF-739193,2026-02-28,-13288.87,GBP,Jenkins-Henderson,WIRE TRANSFER,settled
BNK-202373,REF-911590,2026-04-17,-6266.94,eur,Brown and Sons,Vendor Settlement,settled
BNK-202374,ref679380,2026-03-05,-5799.19,USD,"Collins, Gardner and Shaw",ACH DEBIT,settled
BNK-202375,REF-311336,03/14/2026,-24797.37,USD,"Bates, Diaz and Lowe",Payout Execution,settled
BNK-202376,REF-837670,01/05/2026,-19949.11,EUR,Lewis-Robinson,Payout Execution,settled
BNK-202377,REF-535377,04/25/2026,-14851.75,EUR,JONES GROUP,Vendor Settlement,settled
BNK-202378,REF-629637,2026-02-13,-14082.39,GBP,Jones-Graham,WIRE TRANSFER,settled
BNK-202379,REF-468477,2026-01-28,-6735.11,EUR,Dickson-Padilla,ACH DEBIT,settled
BNK-202380,REF-333615,01/03/2026,-5227.89,usd,"Garcia, Mercado and West",ACH DEBIT,settled
BNK-202381,REF-103230,2026-04-29,-19423.05,USD,Jacobs PLC,Vendor Settlement,settled
BNK-202382,REF-523136,04/25/2026,-8990.17,USD,"Owen, Gibson and Johnson",ACH DEBIT,settled
BNK-202383,REF-320390,2026-03-05,-1506.49,eur,Brady-Ford,ACH DEBIT,settled
BNK-202384,ref496850,02/27/2026,-16508.28,USD,Rose-Gonzales,ACH DEBIT,settled
BNK-202385,REF-512298,2026-02-03,-8220.31,EUR,Howard-Mcdonald,WIRE TRANSFER,settled
BNK-202386,REF-838411,03/13/2026,-14719.93,EUR,"LUNA, MORRIS AND GILL",ACH DEBIT,settled
BNK-202387,REF-879231,04/14/2026,-6521.02,USD,Elliott-Wallace,WIRE TRANSFER,settled
BNK-202388,REF-991145,2026-02-07,-17170.52,USD,Mullins-Cabrera,Vendor Settlement,settled
BNK-202389,REF-539455,2026-05-02,-1458.59,GBP,Kirk-Morales,ACH DEBIT,settled
BNK-202390,REF-708185,2026-04-15,-24919.33,GBP,Smith-Ortiz,Payout Execution,settled
BNK-202391,REF-978167,01/06/2026,-14575.98,USD,Reeves Ltd,WIRE TRANSFER,settled
BNK-202392,REF-903767,02/06/2026,-16885.4,EUR,"SALINAS, BARNES AND COOPER",Payout Execution,settled
BNK-202393,REF-712458,2026-02-11,-3076.99,GBP,"Johnson, Meyer and Hanna",Vendor Settlement,settled
BNK-202394,ref687957,2026-03-04,-6835.54,GBP,Contreras LLC,ACH DEBIT,settled
BNK-202395,REF-672667,2026-02-27,-9561.21,USD,"JOHNSON, MEYER AND HANNA",Vendor Settlement,settled
BNK-202396,REF-941653,04/20/2026,-4804.95,GBP,"Ramirez, Hernandez and Fox",Payout Execution,settled
BNK-202397,REF-290102,02/22/2026,-19448.23,usd,Garcia Ltd,WIRE TRANSFER,settled
BNK-202398,REF-818106,02/10/2026,-3581.78,EUR,Allen and Sons,Vendor Settlement,settled
BNK-202399,REF-781406,03/15/2026,-24095.48,USD,"Rollins, Charles and Black",ACH DEBIT,settled
BNK-202400,REF-119691,04/17/2026,-13327.56,USD,Li-Montoya,ACH DEBIT,settled
BNK-202401,REF-228797,2026-02-05,-3347.5,EUR,"Robinson, Bauer and Brown",ACH DEBIT,settled
BNK-202402,REF-982305,05/03/2026,-5994.6,EUR,"Moss, Atkins and Daniels",Payout Execution,settled
BNK-202403,ref114564,01/09/2026,-1349.91,EUR,"Molina, Wells and Bright",Payout Execution,settled
BNK-202404,REF-957952,01/19/2026,-7054.03,GBP,Cooper Ltd,WIRE TRANSFER,settled
BNK-202405,REF-414652,04/27/2026,-17641.39,GBP,Davenport PLC,Payout Execution,settled
BNK-202406,REF-895461,04/17/2026,-12425.24,GBP,White Group,WIRE TRANSFER,settled
BNK-202407,REF-245286,04/26/2026,-485.94,GBP,Wilson Group,Vendor Settlement,settled
BNK-202408,REF-720620,2026-04-10,-2738.52,GBP,Mitchell-Byrd,Vendor Settlement,settled
BNK-202409,ref805441,2026-02-02,-13687.57,gbp,Jimenez-Bradley,ACH DEBIT,settled
BNK-202410,REF-866651,03/25/2026,-21232.08,usd,Jackson LLC,Vendor Settlement,settled
BNK-202411,REF-461863,2026-04-14,-15184.82,EUR,Arnold-Beck,Vendor Settlement,settled
BNK-202412,REF-295881,2026-03-18,-19052.44,GBP,Rhodes Ltd,WIRE TRANSFER,settled
BNK-202413,REF-523847,02/15/2026,-20345.24,GBP,Pena Inc,Vendor Settlement,settled
BNK-202414,REF-474007,2026-03-01,-2507.67,GBP,"OWENS, PETERS AND WHITE",Vendor Settlement,settled
BNK-202415,REF-372317,2026-04-18,-5223.72,usd,Smith-Gaines,Vendor Settlement,settled
BNK-202416,ref170849,2026-01-16,-22725.42,GBP,Joseph Group,ACH DEBIT,settled
BNK-202417,REF-540712,2026-03-27,-24470.49,EUR,Kirk-Henson,Payout Execution,settled
BNK-202418,REF-105416,2026-03-25,-23843.64,USD,Price PLC,ACH DEBIT,settled
BNK-202419,REF-139514,2026-01-29,-21910.09,gbp,Allen Inc,WIRE TRANSFER,settled
BNK-202420,REF-512567,04/12/2026,-2914.14,EUR,Gordon-Roberts,WIRE TRANSFER,settled
BNK-202421,REF-369708,2026-03-27,-20162.82,USD,"Ward, Garcia and Henry",Payout Execution,settled
BNK-202422,REF-893085,2026-03-05,-18511.47,GBP,Goodwin-Martinez,Vendor Settlement,settled
BNK-202423,REF-756214,04/18/2026,-20463.03,GBP,"Clarke, Johnson and Watson",ACH DEBIT,settled
BNK-202424,REF-127305,01/28/2026,-644.49,GBP,"Rice, Wallace and Castillo",Vendor Settlement,settled
BNK-202425,ref458087,2026-01-18,-23713.24,usd,"Waller, Bass and Mitchell",Vendor Settlement,settled
BNK-202426,REF-155502,2026-04-11,-17136.8,USD,"Rice, Wallace and Castillo",Payout Execution,settled
BNK-202427,ref607204,04/29/2026,-1525.42,EUR,MOORE LLC,ACH DEBIT,settled
BNK-202428,REF-311787,03/11/2026,-2154.06,USD,Gonzalez Inc,Payout Execution,settled
BNK-202429,REF-675936,2026-02-26,-22162.15,EUR,Todd-Oconnor,Payout Execution,settled
BNK-202430,REF-506878,2026-01-22,-17020.86,GBP,Dudley Ltd,ACH DEBIT,settled
BNK-202431,REF-775423,2026-02-14,-16980.16,gbp,"HERNANDEZ, GREER AND JACKSON",Vendor Settlement,settled
BNK-202432,REF-817986,03/31/2026,-9050.92,gbp,Hammond Ltd,ACH DEBIT,settled
BNK-202433,ref703652,2026-01-06,-9955.19,GBP,King-George,WIRE TRANSFER,settled
BNK-202434,REF-610910,02/06/2026,-11087.08,GBP,"Martinez, Henderson and Osborne",Payout Execution,settled
BNK-202435,REF-653928,2026-02-20,-15077.56,USD,"Cox, Fernandez and Baker",Payout Execution,settled
BNK-202436,ref315726,2026-04-26,-9456.24,eur,Gonzalez-Mcdaniel,Payout Execution,settled
BNK-202437,REF-590326,02/04/2026,-15581.34,GBP,Kim Group,Vendor Settlement,settled
BNK-202438,REF-680254,03/23/2026,-2630.19,eur,"DORSEY, PATTERSON AND HARRISON",Payout Execution,settled
BNK-202439,REF-220619,02/08/2026,-7827.27,eur,Garcia Ltd,WIRE TRANSFER,settled
BNK-202440,REF-966238,02/08/2026,-23006.16,EUR,Kennedy-Marks,Payout Execution,settled
BNK-202441,REF-214518,2026-03-25,-2490.19,GBP,Gomez-Cardenas,ACH DEBIT,settled
BNK-202442,REF-844521,2026-04-25,-13006.44,EUR,Walters LLC,ACH DEBIT,settled
BNK-202443,REF-384595,2026-02-07,-20830.79,usd,"Shaw, Baker and Scott",WIRE TRANSFER,settled
BNK-202444,ref885226,03/14/2026,-15135.42,EUR,"Martinez, Joseph and Simmons",Payout Execution,settled
BNK-202445,ref287086,2026-02-27,-13764.66,EUR,Mccoy Ltd,ACH DEBIT,settled
BNK-202446,REF-649340,2026-04-23,-13463.53,gbp,Fitzpatrick-Henderson,WIRE TRANSFER,settled
BNK-202447,REF-841976,2026-01-29,-14288.3,USD,SCHNEIDER LTD,ACH DEBIT,settled
BNK-202448,REF-961411,2026-04-19,-15500.77,USD,Ibarra-Clark,Payout Execution,settled
BNK-202449,REF-738976,01/07/2026,-15403.75,EUR,"Best, Simon and Turner",Vendor Settlement,settled
BNK-202450,REF-555790,04/29/2026,-16199.79,GBP,LI-MARTINEZ,WIRE TRANSFER,settled
BNK-202451,REF-757684,2026-02-19,-1635.49,EUR,Coffey-Howell,ACH DEBIT,settled
BNK-202452,REF-662072,2026-02-10,-12845.27,EUR,"Drake, Torres and Murray",Payout Execution,settled
BNK-202453,ref579022,2026-02-15,-20710.12,GBP,Hughes Inc,Vendor Settlement,settled
BNK-202454,REF-836312,2026-01-06,-21834.25,eur,Colon Group,ACH DEBIT,settled
BNK-202455,ref606982,2026-04-13,-7352.6,GBP,JOHNSON-NEWTON,Payout Execution,settled
BNK-202456,REF-267075,2026-04-26,-20225.25,EUR,Lee-Taylor,WIRE TRANSFER,settled
BNK-202457,REF-850902,01/07/2026,-21469.9,GBP,Welch-Peck,ACH DEBIT,settled
BNK-202458,REF-460966,2026-04-24,-7917.89,GBP,Gonzalez-Mcdaniel,Payout Execution,settled
BNK-202459,REF-502835,05/03/2026,-12735.36,GBP,"Fox, Hernandez and Ryan",Payout Execution,settled
BNK-202460,REF-373881,02/16/2026,-1305.51,USD,"Curtis, Turner and Soto",WIRE TRANSFER,settled
BNK-202461,REF-136937,02/18/2026,-7183.95,usd,Todd-Oconnor,Vendor Settlement,settled
BNK-202462,REF-746804,2026-03-26,-13382.06,EUR,"Snow, Rodgers and Miller",WIRE TRANSFER,settled
BNK-202463,REF-213188,01/03/2026,-17977.05,USD,Lawrence-Lee,ACH DEBIT,settled
BNK-202464,REF-535815,2026-03-31,-2506.56,EUR,Orozco Ltd,Payout Execution,settled
BNK-202465,REF-652016,04/02/2026,-2060.35,GBP,ANDERSON LLC,Vendor Settlement,settled
BNK-202466,REF-138042,2026-04-07,-22632.07,eur,Randall-Kerr,Vendor Settlement,settled
BNK-202467,REF-899557,2026-03-11,-23162.77,GBP,Shaw-Stuart,ACH DEBIT,settled
BNK-202468,ref709769,02/15/2026,-19537.77,GBP,Esparza-Carroll,WIRE TRANSFER,settled
BNK-202469,REF-206560,2026-01-11,-7242.15,EUR,Cooper PLC,Vendor Settlement,settled
BNK-202470,REF-764743,02/02/2026,-3867.63,USD,Moore LLC,Vendor Settlement,settled
BNK-202471,REF-484450,04/04/2026,-24263.16,usd,Brown and Sons,WIRE TRANSFER,settled
BNK-202472,REF-781176,01/17/2026,-23679.04,USD,Moore LLC,Vendor Settlement,settled
BNK-202473,ref276640,01/21/2026,-8361.69,GBP,Allen Ltd,ACH DEBIT,settled
BNK-202474,REF-733670,04/27/2026,-6676.89,gbp,Wilson and Sons,Vendor Settlement,settled
BNK-202475,REF-488638,03/09/2026,-23751.82,EUR,"Johnson, Meyer and Hanna",Payout Execution,settled
BNK-202476,REF-981758,2026-04-23,-17921.36,EUR,Ingram PLC,Vendor Settlement,settled
BNK-202477,REF-812410,2026-02-23,-20187.44,USD,"Rogers, Anderson and Campos",Payout Execution,settled
BNK-202478,REF-119024,2026-01-31,-7254.59,USD,Kim Group,Payout Execution,settled
BNK-202479,REF-254124,2026-04-02,-19050.31,USD,Church Inc,Payout Execution,settled
BNK-202480,REF-723504,2026-04-05,-7466.22,USD,"HANSEN, HERRERA AND TAYLOR",ACH DEBIT,settled
BNK-202481,REF-771816,2026-01-10,-6637.31,USD,"Rogers, Anderson and Campos",Vendor Settlement,settled
BNK-202482,REF-527712,02/07/2026,-22359.42,GBP,Garcia Ltd,WIRE TRANSFER,settled
BNK-202483,ref349017,2026-02-02,-1017.59,USD,"Ball, Henderson and Caldwell",Payout Execution,settled
BNK-202484,REF-593558,2026-03-17,-7304.69,GBP,Prince-Martinez,WIRE TRANSFER,settled
BNK-202485,REF-855730,2026-03-08,-23654.93,USD,Lopez-Stout,ACH DEBIT,settled
BNK-202486,REF-413832,2026-02-05,-21939.24,GBP,Li-Martinez,Payout Execution,settled
BNK-202487,REF-393120,2026-01-06,-22628.76,GBP,Mitchell-Byrd,Vendor Settlement,settled
BNK-202488,REF-775212,2026-03-09,-5200.39,GBP,Hays-Dalton,Vendor Settlement,settled
BNK-202489,REF-290740,01/31/2026,-8650.49,EUR,ALLEN AND SONS,Payout Execution,settled
BNK-202490,REF-674317,02/04/2026,-4225.49,gbp,"Evans, Conway and Hall",Payout Execution,settled
BNK-202491,REF-940710,2026-04-15,-20473.57,GBP,SHAW-STUART,Vendor Settlement,settled
BNK-202492,ref776177,02/25/2026,-10584.95,EUR,Hays-Dalton,Payout Execution,settled
BNK-202493,REF-263454,2026-04-02,-21038.15,eur,Mullins-Cabrera,ACH DEBIT,settled
BNK-202494,REF-982775,04/26/2026,-11974.46,EUR,Schneider Ltd,ACH DEBIT,settled
BNK-202495,REF-908801,04/06/2026,-4109.23,eur,Li-Montoya,Payout Execution,settled
BNK-202496,ref172546,04/06/2026,-11518.57,USD,REYNOLDS LLC,Payout Execution,settled
BNK-202497,REF-966780,2026-01-09,-662.33,EUR,Austin-Bonilla,Vendor Settlement,settled
BNK-202498,REF-176949,2026-01-17,-7246.85,eur,White Group,Vendor Settlement,settled
BNK-202499,REF-949197,2026-02-27,-9691.26,USD,"FLEMING, KING AND HERRING",Payout Execution,settled
DUP-0,REF-818430,04/20/2026,-23163.96,EUR,"Payne, Wall and Hernandez",Vendor Settlement,settled
DUP-1,REF-371213,02/26/2026,-10575.87,USD,Wilson Ltd,Vendor Settlement,settled
DUP-2,ref699378,03/15/2026,-22979.82,GBP,Edwards-Boyd,WIRE TRANSFER,settled
DUP-3,REF-219684,2026-03-01,-19519.07,EUR,"Garza, Barker and Maddox",Vendor Settlement,settled
DUP-4,REF-722977,01/06/2026,-9490.1,USD,"Luna, Morris and Gill",Payout Execution,settled
DUP-5,REF-962967,04/10/2026,-15655.44,gbp,Nguyen-Roberts,Payout Execution,settled
DUP-6,REF-550126,01/21/2026,-17223.67,eur,"Hernandez, Wade and Rodriguez",ACH DEBIT,settled
DUP-7,REF-773292,03/27/2026,-16108.56,eur,"RODRIGUEZ, EVANS AND PATTERSON",ACH DEBIT,settled
DUP-8,REF-311037,03/23/2026,-10565.98,USD,Walters PLC,Vendor Settlement,settled
DUP-9,REF-863859,2026-04-07,-18342.83,EUR,Peters-Ward,WIRE TRANSFER,settled
DUP-10,REF-606274,2026-01-10,-15755.87,USD,"Moss, Atkins and Daniels",WIRE TRANSFER,settled
DUP-11,REF-138518,2026-01-31,-17206.06,GBP,Mckinney-Cooper,Vendor Settlement,settled
DUP-12,REF-250038,2026-01-29,-10420.15,EUR,KENNEDY-MARKS,WIRE TRANSFER,settled
DUP-13,REF-653508,2026-04-17,-9144.11,eur,Gonzalez Inc,Payout Execution,settled
DUP-14,REF-488837,2026-03-09,-18470.04,GBP,Dickson Inc,ACH DEBIT,settled
DUP-15,REF-487633,02/23/2026,-23297.39,EUR,"Rodriguez, Sutton and Santiago",WIRE TRANSFER,settled
DUP-16,REF-460550,03/03/2026,-544.65,EUR,King-George,Payout Execution,settled
DUP-17,REF-208599,2026-02-17,-19953.5,USD,Contreras LLC,ACH DEBIT,settled
DUP-18,REF-324263,2026-02-25,-9222.21,GBP,"Waller, Bass and Mitchell",Payout Execution,settled
DUP-19,REF-989364,2026-04-18,-588.38,EUR,Peters-Ward,WIRE TRANSFER,settled
DUP-20,REF-372482,2026-04-28,-8722.05,EUR,Johnson-Ruiz,Vendor Settlement,settled
DUP-21,REF-206564,2026-01-28,-7204.56,GBP,Mitchell-Byrd,WIRE TRANSFER,settled
DUP-22,REF-625021,01/04/2026,-4913.0,USD,Dickson-Padilla,Payout Execution,settled
DUP-23,REF-359579,04/19/2026,-6260.69,GBP,JIMENEZ-BRADLEY,ACH DEBIT,settled
DUP-24,REF-375232,2026-01-22,-20226.33,EUR,"Shaw, Baker and Scott",Vendor Settlement,settled
DUP-25,REF-303846,2026-02-28,-13878.45,USD,Zimmerman and Sons,Vendor Settlement,settled
DUP-26,REF-248540,2026-02-09,-14298.18,USD,"Salinas, Barnes and Cooper",Payout Execution,settled
DUP-27,REF-942846,04/04/2026,-5691.94,EUR,Hammond Ltd,ACH DEBIT,settled
DUP-28,REF-783157,03/09/2026,-14416.77,USD,Allen Ltd,Payout Execution,settled
DUP-29,REF-906965,2026-03-14,-22758.13,gbp,"Mooney, Black and Roach",Payout Execution,settled
DUP-30,REF-286331,2026-01-10,-22731.71,EUR,Mitchell-Byrd,ACH DEBIT,settled
DUP-31,REF-892514,2026-02-01,-12392.69,usd,WONG PLC,ACH DEBIT,settled
DUP-32,ref584342,04/03/2026,-2560.12,gbp,Lopez-Stout,ACH DEBIT,settled
DUP-33,REF-108456,02/07/2026,-16442.82,EUR,"Payne, Wall and Hernandez",ACH DEBIT,settled
DUP-34,ref791593,2026-03-29,-16855.23,USD,"Garner, Lawson and Richard",WIRE TRANSFER,settled
DUP-35,REF-435377,2026-02-09,-23576.39,GBP,Gonzalez Inc,ACH DEBIT,settled
DUP-36,REF-580718,04/06/2026,-8199.05,USD,Leach-Walker,WIRE TRANSFER,settled
DUP-37,REF-626175,2026-04-28,-17137.95,EUR,Smith-Abbott,WIRE TRANSFER,settled
DUP-38,REF-946489,01/16/2026,-768.98,EUR,"Gray, Williams and Weaver",ACH DEBIT,settled
DUP-39,REF-355729,2026-01-24,-15423.21,EUR,"Murphy, Jordan and Whitney",ACH DEBIT,settled
DUP-40,REF-984293,2026-02-20,-11884.91,usd,EDWARDS-BOYD,ACH DEBIT,settled
DUP-41,REF-892514,2026-02-01,-12392.69,usd,WONG PLC,ACH DEBIT,settled
DUP-42,REF-830782,02/23/2026,-22608.9,EUR,"Hernandez, Wade and Rodriguez",ACH DEBIT,settled
DUP-43,REF-732556,04/13/2026,-13467.06,GBP,Prince-Martinez,Payout Execution,settled
DUP-44,REF-639682,01/28/2026,-1354.51,EUR,Cooper Ltd,Vendor Settlement,settled
DUP-45,REF-696998,2026-01-30,-15140.33,EUR,Gonzalez Inc,Vendor Settlement,settled
DUP-46,REF-442613,03/02/2026,-7115.61,gbp,"Yu, Nguyen and Wood",ACH DEBIT,settled
DUP-47,REF-506637,2026-02-22,-21596.36,USD,"Garcia, Mercado and West",Payout Execution,settled
DUP-48,REF-129117,02/27/2026,-22632.13,EUR,Smith-Ortiz,Payout Execution,settled
DUP-49,ref166608,04/05/2026,-20916.52,EUR,Allen Group,WIRE TRANSFER,settled
DUP-50,ref132113,01/09/2026,-12679.42,GBP,Mann Group,Payout Execution,settled
DUP-51,REF-518259,2026-03-27,-11601.34,EUR,"Martinez, Joseph and Simmons",Vendor Settlement,settled
DUP-52,REF-508199,03/19/2026,-15774.78,USD,Hunter-Nicholson,Payout Execution,settled
DUP-53,REF-216242,2026-01-17,-15982.82,GBP,FARRELL-WILLIS,Vendor Settlement,settled
DUP-54,REF-479983,01/15/2026,-6492.15,USD,Contreras LLC,Payout Execution,settled
DUP-55,REF-899847,02/20/2026,-9438.77,EUR,"Thompson, Cooper and Young",Payout Execution,settled
DUP-56,REF-672859,2026-03-10,-925.28,GBP,GARCIA LTD,Vendor Settlement,settled
DUP-57,REF-294776,2026-02-25,-14920.73,GBP,Arnold-Beck,WIRE TRANSFER,settled
DUP-58,REF-966780,2026-01-09,-662.33,EUR,Austin-Bonilla,Vendor Settlement,settled
DUP-59,REF-576252,02/20/2026,-5623.69,GBP,Thornton and Sons,Payout Execution,settled
DUP-60,REF-311787,03/11/2026,-2154.06,USD,Gonzalez Inc,Payout Execution,settled
DUP-61,REF-588508,2026-02-15,-5595.71,EUR,Leach-Walker,Payout Execution,settled
DUP-62,ref584342,04/03/2026,-2560.12,gbp,Lopez-Stout,ACH DEBIT,settled
DUP-63,REF-722977,01/06/2026,-9490.1,USD,"Luna, Morris and Gill",Payout Execution,settled
DUP-64,ref809132,2026-04-17,-10231.48,GBP,Brady-Ford,WIRE TRANSFER,settled
DUP-65,REF-985396,01/28/2026,-6259.94,USD,Davis-Mitchell,WIRE TRANSFER,settled
DUP-66,REF-172274,2026-02-22,-4504.13,GBP,"SANTANA, HOFFMAN AND COBB",WIRE TRANSFER,settled
DUP-67,REF-537174,2026-04-04,-15920.62,EUR,Rogers Inc,ACH DEBIT,settled
DUP-68,REF-988456,03/04/2026,-11464.61,usd,ROACH AND SONS,WIRE TRANSFER,settled
DUP-69,REF-512298,2026-02-03,-8220.31,EUR,Howard-Mcdonald,WIRE TRANSFER,settled
DUP-70,REF-138518,2026-01-31,-17206.06,GBP,Mckinney-Cooper,Vendor Settlement,settled
DUP-71,REF-932878,2026-02-03,-18623.36,USD,Wong PLC,WIRE TRANSFER,settled
DUP-72,REF-115420,2026-03-29,-20246.31,GBP,Davis PLC,Vendor Settlement,settled
DUP-73,REF-984293,2026-02-20,-11884.91,usd,EDWARDS-BOYD,ACH DEBIT,settled
DUP-74,REF-139514,2026-01-29,-21910.09,gbp,Allen Inc,WIRE TRANSFER,settled
DUP-75,REF-860321,02/21/2026,-2129.92,GBP,Charles-Butler,Vendor Settlement,settled
DUP-76,REF-225638,2026-03-13,-16054.04,EUR,Griffin Inc,ACH DEBIT,settled
DUP-77,REF-182300,2026-04-30,-3920.97,USD,Barrera Group,Vendor Settlement,settled
DUP-78,REF-661147,2026-02-01,-22700.73,USD,Brown Ltd,ACH DEBIT,settled
DUP-79,REF-590326,02/04/2026,-15581.34,GBP,Kim Group,Vendor Settlement,settled
DUP-80,REF-219684,2026-03-01,-19519.07,EUR,"Garza, Barker and Maddox",Vendor Settlement,settled
DUP-81,REF-603627,01/19/2026,-21171.89,eur,"Howell, Hart and Swanson",Vendor Settlement,settled
DUP-82,REF-805756,2026-04-19,-3218.34,USD,Church Inc,WIRE TRANSFER,settled
DUP-83,REF-659333,2026-01-10,-5173.45,USD,Cobb Group,WIRE TRANSFER,settled
DUP-84,REF-294776,2026-02-25,-14920.73,GBP,Arnold-Beck,WIRE TRANSFER,settled
DUP-85,REF-893048,02/27/2026,-24433.74,eur,Nguyen-Roberts,WIRE TRANSFER,settled
DUP-86,REF-259038,02/04/2026,-3460.45,EUR,"Thompson, Cooper and Young",Vendor Settlement,settled
DUP-87,REF-414652,04/27/2026,-17641.39,GBP,Davenport PLC,Payout Execution,settled
DUP-88,REF-964098,04/06/2026,-9812.9,USD,Jones Group,Vendor Settlement,settled
DUP-89,REF-507446,2026-04-05,-21512.44,USD,Cooper PLC,Vendor Settlement,settled
DUP-90,REF-857526,01/11/2026,-13169.36,USD,Dudley Ltd,Vendor Settlement,settled
DUP-91,REF-936243,2026-01-11,-18525.48,usd,Mitchell-Byrd,ACH DEBIT,settled
DUP-92,REF-798779,02/02/2026,-124.05,USD,Crawford Ltd,ACH DEBIT,settled
DUP-93,REF-107181,01/01/2026,-6387.77,EUR,Vincent-Mcclure,Vendor Settlement,settled
DUP-94,REF-135695,2026-02-01,-5504.92,EUR,Davis Group,ACH DEBIT,settled
DUP-95,REF-956710,2026-02-21,-11202.47,EUR,White Group,WIRE TRANSFER,settled
DUP-96,REF-369708,2026-03-27,-20162.82,USD,"Ward, Garcia and Henry",Payout Execution,settled
DUP-97,REF-622199,2026-02-28,-10367.52,eur,"SHORT, MOORE AND DOUGLAS",Payout Execution,settled
DUP-98,ref132113,01/09/2026,-12679.42,GBP,Mann Group,Payout Execution,settled
DUP-99,REF-428221,2026-03-07,-18882.07,EUR,Prince-Martinez,ACH DEBIT,settled
DUP-100,REF-499020,2026-04-03,-597.12,USD,"Rodriguez, Evans and Patterson",ACH DEBIT,settled
DUP-101,REF-443343,2026-05-01,-10229.63,gbp,Brown LLC,ACH DEBIT,settled
DUP-102,REF-743964,04/06/2026,-23862.97,USD,"Roberts, Frazier and Smith",WIRE TRANSFER,settled
DUP-103,REF-319158,2026-03-31,-4475.82,GBP,"Murphy, Jordan and Whitney",Payout Execution,settled
DUP-104,REF-248925,2026-03-26,-7075.16,eur,Smith-Gaines,Vendor Settlement,settled
DUP-105,ref302087,2026-04-22,-4342.65,USD,Brown LLC,ACH DEBIT,settled
DUP-106,REF-661483,2026-02-16,-16381.92,GBP,Kirk-Morales,Vendor Settlement,settled
DUP-107,REF-851356,2026-04-13,-14407.47,USD,"Curry, Wolfe and Ramirez",ACH DEBIT,settled
DUP-108,REF-289776,2026-01-18,-4072.3,GBP,"Frey, Mcgee and Bailey",WIRE TRANSFER,settled
DUP-109,REF-198776,2026-04-17,-15300.6,EUR,"Edwards, Anderson and Taylor",Vendor Settlement,settled
DUP-110,REF-307661,2026-04-09,-7081.97,USD,Howe and Sons,Vendor Settlement,settled
DUP-111,REF-535790,01/23/2026,-6404.26,GBP,"Curtis, Turner and Soto",Vendor Settlement,settled
DUP-112,REF-200636,2026-03-28,-8309.18,eur,Johnson Inc,Vendor Settlement,settled
DUP-113,REF-334635,2026-05-02,-11908.23,GBP,Hawkins-Saunders,ACH DEBIT,settled
DUP-114,ref773885,2026-03-20,-24462.33,USD,Rhodes Ltd,WIRE TRANSFER,settled
DUP-115,REF-588508,2026-02-15,-5595.71,EUR,Leach-Walker,Payout Execution,settled
DUP-116,REF-680254,03/23/2026,-2630.19,eur,"DORSEY, PATTERSON AND HARRISON",Payout Execution,settled
DUP-117,REF-684536,02/25/2026,-9132.83,EUR,"Rodriguez, Sutton and Santiago",Vendor Settlement,settled
DUP-118,REF-523814,2026-02-25,-13005.33,EUR,"Hernandez, Hill and Hull",Vendor Settlement,settled
DUP-119,REF-937045,01/25/2026,-14002.46,USD,Buckley and Sons,ACH DEBIT,settled
ORPHAN-0,UNK-2360,2026-01-05,-5532.18,USD,"Bailey, Morgan and Garcia",Unknown withdrawal,settled
ORPHAN-1,UNK-3802,2026-03-14,-3409.32,USD,Yang-Baker,Unknown withdrawal,settled
ORPHAN-2,UNK-3222,2026-03-31,-6441.37,USD,Perry-Brown,Unknown withdrawal,settled
ORPHAN-3,UNK-3431,2026-04-15,-8791.88,USD,Stewart-Turner,Unknown withdrawal,settled
ORPHAN-4,UNK-1315,2026-04-05,-2783.79,USD,Payne Ltd,Unknown withdrawal,settled
ORPHAN-5,UNK-8712,2026-03-05,-4318.06,USD,Dominguez-Johnson,Unknown withdrawal,settled
ORPHAN-6,UNK-4826,2026-03-26,-6213.55,USD,Lopez Ltd,Unknown withdrawal,settled
ORPHAN-7,UNK-8516,2026-03-06,-3915.6,USD,Atkinson-Gordon,Unknown withdrawal,settled
ORPHAN-8,UNK-9080,2026-01-01,-759.83,USD,Hampton-Watkins,Unknown withdrawal,settled
ORPHAN-9,UNK-3207,2026-02-02,-5155.74,USD,Stevens-Martinez,Unknown withdrawal,settled
ORPHAN-10,UNK-9246,2026-03-20,-9610.32,USD,Harris Ltd,Unknown withdrawal,settled
ORPHAN-11,UNK-6873,2026-01-11,-7944.57,USD,Brown-Thompson,Unknown withdrawal,settled
ORPHAN-12,UNK-4587,2026-01-25,-7187.0,USD,"Tyler, Miller and Sanders",Unknown withdrawal,settled
ORPHAN-13,UNK-2590,2026-02-15,-7449.74,USD,Brown-Campbell,Unknown withdrawal,settled
ORPHAN-14,UNK-3923,2026-01-08,-4598.61,USD,Gilbert-Lawson,Unknown withdrawal,settled
ORPHAN-15,UNK-5078,2026-04-12,-5663.08,USD,"Kennedy, Johnson and Davis",Unknown withdrawal,settled
ORPHAN-16,UNK-2374,2026-04-17,-4379.5,USD,"Maynard, Salas and Petty",Unknown withdrawal,settled
ORPHAN-17,UNK-3686,2026-01-03,-7133.73,USD,Coleman Inc,Unknown withdrawal,settled
ORPHAN-18,UNK-3474,2026-03-17,-915.22,USD,Jimenez Group,Unknown withdrawal,settled
ORPHAN-19,UNK-6331,2026-04-04,-8134.28,USD,"Thompson, Mitchell and Black",Unknown withdrawal,settled
ORPHAN-20,UNK-3300,2026-02-18,-1259.64,USD,Montgomery PLC,Unknown withdrawal,settled
ORPHAN-21,UNK-7572,2026-01-08,-6479.68,USD,"Vaughn, King and Coleman",Unknown withdrawal,settled
ORPHAN-22,UNK-7856,2026-03-17,-8827.98,USD,Mullins LLC,Unknown withdrawal,settled
ORPHAN-23,UNK-2808,2026-01-12,-4290.37,USD,Robinson-Key,Unknown withdrawal,settled
ORPHAN-24,UNK-1326,2026-03-12,-8523.47,USD,Dudley LLC,Unknown withdrawal,settled
ORPHAN-25,UNK-4921,2026-03-21,-2781.6,USD,Miller-Flores,Unknown withdrawal,settled
ORPHAN-26,UNK-3957,2026-03-26,-366.96,USD,"Woods, Reyes and Vang",Unknown withdrawal,settled
ORPHAN-27,UNK-8823,2026-02-20,-6586.49,USD,"Roberts, Thompson and Hensley",Unknown withdrawal,settled
ORPHAN-28,UNK-4544,2026-04-07,-8992.04,USD,Thompson Group,Unknown withdrawal,settled
ORPHAN-29,UNK-9661,2026-02-23,-4178.69,USD,"Mccarthy, Harris and Duffy",Unknown withdrawal,settled
ORPHAN-30,UNK-4387,2026-01-28,-2362.41,USD,Elliott Group,Unknown withdrawal,settled
ORPHAN-31,UNK-6676,2026-01-06,-8180.63,USD,"Hanna, Carr and Hernandez",Unknown withdrawal,settled
ORPHAN-32,UNK-7625,2026-03-24,-3972.17,USD,"Abbott, Adams and Bauer",Unknown withdrawal,settled
ORPHAN-33,UNK-8015,2026-01-02,-9973.99,USD,Acosta Ltd,Unknown withdrawal,settled
ORPHAN-34,UNK-6576,2026-02-15,-7941.24,USD,Richardson LLC,Unknown withdrawal,settled
ORPHAN-35,UNK-1434,2026-03-25,-296.02,USD,Evans Inc,Unknown withdrawal,settled
ORPHAN-36,UNK-1797,2026-03-28,-465.49,USD,Dixon-Hicks,Unknown withdrawal,settled
ORPHAN-37,UNK-9984,2026-01-28,-6123.33,USD,"Wall, Hanson and Torres",Unknown withdrawal,settled
ORPHAN-38,UNK-4060,2026-02-16,-526.21,USD,Floyd-Massey,Unknown withdrawal,settled
ORPHAN-39,UNK-9274,2026-04-17,-574.76,USD,Potts-Klein,Unknown withdrawal,settled
ORPHAN-40,UNK-7074,2026-04-25,-452.96,USD,"Jefferson, Hernandez and Sullivan",Unknown withdrawal,settled
ORPHAN-41,UNK-5833,2026-02-09,-4367.69,USD,Burns-Sanders,Unknown withdrawal,settled
ORPHAN-42,UNK-5717,2026-04-10,-8019.85,USD,Alvarado Group,Unknown withdrawal,settled
ORPHAN-43,UNK-3077,2026-02-03,-768.54,USD,Johnson PLC,Unknown withdrawal,settled
ORPHAN-44,UNK-2078,2026-02-20,-2190.71,USD,Chavez LLC,Unknown withdrawal,settled
ORPHAN-45,UNK-1210,2026-03-31,-576.91,USD,"Davis, Berg and Wheeler",Unknown withdrawal,settled
ORPHAN-46,UNK-1693,2026-02-26,-1882.58,USD,"Dodson, Simpson and Doyle",Unknown withdrawal,settled
ORPHAN-47,UNK-2927,2026-04-08,-4049.39,USD,Dickson Group,Unknown withdrawal,settled
ORPHAN-48,UNK-2795,2026-04-05,-6340.45,USD,"Gutierrez, Burch and Campbell",Unknown withdrawal,settled
ORPHAN-49,UNK-6087,2026-03-20,-8992.73,USD,Douglas-Hood,Unknown withdrawal,settled
ORPHAN-50,UNK-4448,2026-02-22,-8785.93,USD,"Walker, White and Wells",Unknown withdrawal,settled
ORPHAN-51,UNK-5317,2026-03-20,-4983.83,USD,"George, Ward and Lewis",Unknown withdrawal,settled
ORPHAN-52,UNK-3194,2026-04-18,-242.04,USD,Watson-Young,Unknown withdrawal,settled
ORPHAN-53,UNK-8371,2026-02-26,-9460.3,USD,"Christensen, Fowler and Roberts",Unknown withdrawal,settled
ORPHAN-54,UNK-2533,2026-01-16,-2862.92,USD,White LLC,Unknown withdrawal,settled
ORPHAN-55,UNK-8134,2026-02-26,-7691.56,USD,"Krueger, Fritz and Lane",Unknown withdrawal,settled
ORPHAN-56,UNK-1381,2026-03-30,-3395.12,USD,Owens-Lane,Unknown withdrawal,settled
ORPHAN-57,UNK-1665,2026-02-05,-9968.59,USD,Dunn Group,Unknown withdrawal,settled
ORPHAN-58,UNK-9088,2026-02-13,-1963.92,USD,"Pearson, Hill and Perez",Unknown withdrawal,settled
ORPHAN-59,UNK-4261,2026-04-05,-6452.69,USD,"Knight, Mendoza and White",Unknown withdrawal,settled
ORPHAN-60,UNK-6446,2026-04-15,-8757.46,USD,"Richards, Lopez and Gardner",Unknown withdrawal,settled
ORPHAN-61,UNK-3167,2026-04-25,-4513.17,USD,Paul Ltd,Unknown withdrawal,settled
ORPHAN-62,UNK-6279,2026-01-07,-1855.89,USD,Rivas-Nelson,Unknown withdrawal,settled
ORPHAN-63,UNK-5059,2026-04-16,-7190.26,USD,Daniels and Sons,Unknown withdrawal,settled
ORPHAN-64,UNK-1586,2026-04-27,-5633.58,USD,Le LLC,Unknown withdrawal,settled
ORPHAN-65,UNK-1964,2026-01-28,-2058.53,USD,"Hess, Miller and Reynolds",Unknown withdrawal,settled
ORPHAN-66,UNK-5769,2026-03-13,-4302.56,USD,"Crawford, Howell and West",Unknown withdrawal,settled
ORPHAN-67,UNK-6899,2026-04-23,-4350.54,USD,"Foster, Adams and Martinez",Unknown withdrawal,settled
ORPHAN-68,UNK-7016,2026-04-20,-4016.79,USD,"Wiley, Jones and Buchanan",Unknown withdrawal,settled
ORPHAN-69,UNK-6324,2026-05-01,-2113.45,USD,"Becker, Beck and Hays",Unknown withdrawal,settled
ORPHAN-70,UNK-6168,2026-02-01,-842.61,USD,Parker and Sons,Unknown withdrawal,settled
ORPHAN-71,UNK-9090,2026-02-06,-2661.24,USD,"Robinson, James and Nichols",Unknown withdrawal,settled
ORPHAN-72,UNK-3238,2026-03-05,-2099.2,USD,"Jones, Gregory and Maxwell",Unknown withdrawal,settled
ORPHAN-73,UNK-2714,2026-01-22,-110.29,USD,Parks-Dixon,Unknown withdrawal,settled
ORPHAN-74,UNK-9940,2026-01-06,-661.54,USD,"Mclaughlin, Jackson and Tate",Unknown withdrawal,settled
ZERO-0,,2026-01-01,0.0,USD,,Balance check,ignored
ZERO-1,,2026-01-01,0.0,USD,,Balance check,ignored
ZERO-2,,2026-01-01,0.0,USD,,Balance check,ignored
ZERO-3,,2026-01-01,0.0,USD,,Balance check,ignored
ZERO-4,,2026-01-01,0.0,USD,,Balance check,ignored
ZERO-5,,2026-01-01,0.0,USD,,Balance check,ignored
ZERO-6,,2026-01-01,0.0,USD,,Balance check,ignored
ZERO-7,,2026-01-01,0.0,USD,,Balance check,ignored
ZERO-8,,2026-01-01,0.0,USD,,Balance check,ignored
ZERO-9,,2026-01-01,0.0,USD,,Balance check,ignored
ZERO-10,,2026-01-01,0.0,USD,,Balance check,ignored
ZERO-11,,2026-01-01,0.0,USD,,Balance check,ignored
ZERO-12,,2026-01-01,0.0,USD,,Balance check,ignored
ZERO-13,,2026-01-01,0.0,USD,,Balance check,ignored
ZERO-14,,2026-01-01,0.0,USD,,Balance check,ignored
ZERO-15,,2026-01-01,0.0,USD,,Balance check,ignored
ZERO-16,,2026-01-01,0.0,USD,,Balance check,ignored
ZERO-17,,2026-01-01,0.0,USD,,Balance check,ignored
ZERO-18,,2026-01-01,0.0,USD,,Balance check,ignored
ZERO-19,,2026-01-01,0.0,USD,,Balance check,ignored
ZERO-20,,2026-01-01,0.0,USD,,Balance check,ignored
ZERO-21,,2026-01-01,0.0,USD,,Balance check,ignored
ZERO-22,,2026-01-01,0.0,USD,,Balance check,ignored
ZERO-23,,2026-01-01,0.0,USD,,Balance check,ignored
ZERO-24,,2026-01-01,0.0,USD,,Balance check,ignored
ZERO-25,,2026-01-01,0.0,USD,,Balance check,ignored
ZERO-26,,2026-01-01,0.0,USD,,Balance check,ignored
ZERO-27,,2026-01-01,0.0,USD,,Balance check,ignored
ZERO-28,,2026-01-01,0.0,USD,,Balance check,ignored
ZERO-29,,2026-01-01,0.0,USD,,Balance check,ignored
