erp_entry_id,reference,posting_date,amount,currency,vendor_name,gl_account,status
ERP-300000,REF-334053,01-02-2026,15994.68,USD,Vincent-Mcclure,4010,booked
ERP-300001,REF-106814,14-04-2026,5530.5,GBP,"Yu, Nguyen and Wood",4010,booked
ERP-300002,REF-301629,15-03-2026,1993.03,EUR,Howard-Mcdonald,2002,booked
ERP-300003,REF-765822,19-03-2026,16762.62,GBP,"Chavez, Davis and Walton",3050,booked
ERP-300004,REF-694731,27-04-2026,10044.09,USD,Brown LLC,2002,booked
ERP-300005,REF-214975,21-04-2026,12750.42,USD,Gordon-Roberts,2001,booked
ERP-300006,REF-772097,09-04-2026,17050.72,GBP,Matthews PLC,2002,booked
ERP-300007,REF-439902,18-03-2026,13495.99,GBP,Joseph Group,4010,booked
ERP-300008,REF-736059,09-03-2026,23672.55,USD,Hodge PLC,3050,booked
ERP-300009,REF-330914,17-03-2026,550.33,GBP,Nguyen-Roberts,4010,booked
ERP-300010,REF-198907,25-01-2026,6093.86,EUR,Lewis-Robinson,2002,booked
ERP-300011,REF-392075,24-01-2026,13418.74,USD,Best Inc,4010,booked
ERP-300012,REF-497382,22-01-2026,5363.34,EUR,"Pena, Jones and Sanchez",2001,booked
ERP-300013,REF-599948,16-03-2026,18705.69,USD,"Luna, Morris and Gill",2001,booked
ERP-300014,,14-03-2026,15494.05,EUR,"Clarke, Johnson and Watson",2001,booked
ERP-300015,REF-238890,03-02-2026,1854.69,USD,"Owens, Peters and White",2001,booked
ERP-300016,REF-212235,15-01-2026,23474.78,USD,Hodge PLC,4010,booked
ERP-300017,REF-908577,12-02-2026,20737.97,USD,"Malone, Bell and Bryant",2001,booked
ERP-300018,,27-01-2026,7723.75,USD,Robinson Group,3050,booked
ERP-300019,,04-02-2026,19565.1,EUR,"Martinez, Henderson and Osborne",2002,booked
ERP-300020,REF-392683,09-04-2026,9976.69,EUR,"Adams, Rodriguez and Walker",4010,booked
ERP-300021,REF-636265,19-03-2026,8658.54,EUR,"Moss, Atkins and Daniels",2001,booked
ERP-300022,REF-799287,09-02-2026,18000.86,EUR,"Owens, Peters and White",4010,booked
ERP-300023,REF-563246,01-03-2026,19649.33,GBP,Jimenez-Bradley,2002,booked
ERP-300024,,02-03-2026,3705.17,USD,Brown and Sons,2002,booked
ERP-300025,REF-940346,18-01-2026,22938.81,USD,Reed PLC,2002,booked
ERP-300026,,04-03-2026,21000.58,EUR,Lawrence-Lee,4010,booked
ERP-300027,REF-316881,08-01-2026,8288.76,EUR,Kirk-Henson,4010,booked
ERP-300028,REF-732556,13-04-2026,13467.06,GBP,Prince-Martinez,2001,booked
ERP-300029,REF-584125,21-04-2026,2121.59,EUR,Ramsey-Caldwell,2001,booked
ERP-300030,REF-171951,25-03-2026,24997.7,EUR,Orozco Ltd,2002,booked
ERP-300031,REF-959099,10-04-2026,15157.17,GBP,Davenport PLC,2001,booked
ERP-300032,REF-630538,09-01-2026,8696.41,EUR,Goodwin-Martinez,4010,booked
ERP-300033,REF-993085,11-02-2026,11635.22,GBP,Allen Inc,3050,booked
ERP-300034,REF-725113,23-04-2026,19950.86,EUR,Robbins LLC,2001,booked
ERP-300035,REF-355123,30-03-2026,2349.01,USD,Mccoy-Mccarthy,2002,booked
ERP-300036,REF-823688,08-04-2026,7905.81,GBP,Wilson Group,2001,booked
ERP-300037,REF-889359,23-03-2026,13845.14,GBP,Kennedy-Marks,2001,booked
ERP-300038,REF-360247,11-01-2026,3814.38,GBP,Wilson Ltd,2001,booked
ERP-300039,REF-317881,08-04-2026,15250.53,GBP,"Evans, Conway and Hall",3050,booked
ERP-300040,REF-344762,29-03-2026,17582.11,EUR,"Chavez, Davis and Walton",3050,booked
ERP-300041,REF-522060,31-03-2026,10992.86,EUR,Wilson Ltd,3050,booked
ERP-300042,REF-783157,08-03-2026,14416.77,USD,Allen Ltd,4010,booked
ERP-300043,REF-576919,05-01-2026,7223.24,EUR,"Walker, Garcia and Mcguire",4010,booked
ERP-300044,REF-675898,04-02-2026,15644.58,USD,Walter Inc,2001,booked
ERP-300045,REF-851413,05-03-2026,11549.66,USD,Smith Ltd,3050,booked
ERP-300046,REF-925981,30-04-2026,19322.56,EUR,"Wilson, Robertson and Gonzalez",3050,booked
ERP-300047,REF-501574,15-03-2026,21743.3,GBP,"Johnson, Meyer and Hanna",4010,booked
ERP-300048,REF-251157,03-04-2026,2515.3,EUR,"Robinson, Bauer and Brown",4010,booked
ERP-300049,,31-01-2026,21812.77,USD,"Adams, Rodriguez and Walker",2001,booked
ERP-300050,REF-356059,19-01-2026,7351.86,EUR,"Fleming, King and Herring",4010,booked
ERP-300051,REF-401603,26-04-2026,6401.78,USD,Cox-Hickman,2001,booked
ERP-300052,REF-410244,15-03-2026,5949.21,GBP,Robinson Group,3050,booked
ERP-300053,REF-892280,28-03-2026,5494.64,USD,Davis Group,3050,booked
ERP-300054,REF-238579,26-01-2026,8184.81,EUR,Bryant LLC,2001,booked
ERP-300055,REF-943671,19-04-2026,3540.41,USD,Fitzpatrick-Henderson,4010,booked
ERP-300056,REF-739717,28-04-2026,649.99,GBP,Thompson-Washington,2002,booked
ERP-300057,REF-715870,23-02-2026,9731.43,EUR,Stone and Sons,3050,booked
ERP-300058,REF-776149,11-03-2026,2506.38,GBP,Shaw-Stuart,2002,booked
ERP-300059,REF-326441,17-03-2026,1738.54,GBP,Ingram PLC,3050,booked
ERP-300060,REF-282710,03-01-2026,19754.87,USD,"Fox, Hernandez and Ryan",3050,booked
ERP-300061,REF-988456,03-03-2026,11464.61,USD,Roach and Sons,3050,booked
ERP-300062,REF-931621,13-01-2026,11356.54,GBP,"Fleming, King and Herring",3050,booked
ERP-300063,REF-597305,29-03-2026,16636.07,EUR,Smith Ltd,2001,booked
ERP-300064,REF-208633,15-02-2026,24210.76,GBP,Todd-Oconnor,3050,booked
ERP-300065,REF-456331,28-04-2026,748.11,EUR,Newman-Thomas,2002,booked
ERP-300066,REF-695164,10-04-2026,9267.08,GBP,"Martinez, Joseph and Simmons",2001,booked
ERP-300067,,28-03-2026,8645.69,USD,"Rodriguez, Sutton and Santiago",4010,booked
ERP-300068,REF-341288,01-04-2026,4412.98,EUR,"Bryant, Harrison and Carter",4010,booked
ERP-300069,REF-280222,11-02-2026,7255.64,EUR,Holmes and Sons,2002,booked
ERP-300070,REF-634723,09-03-2026,1932.57,GBP,Davenport PLC,4010,booked
ERP-300071,REF-814220,27-02-2026,11612.23,GBP,Gomez-Cardenas,3050,booked
ERP-300072,REF-972097,17-02-2026,11557.02,USD,Welch-Peck,4010,booked
ERP-300073,REF-950360,14-01-2026,12546.65,USD,"Shaw, Baker and Scott",4010,booked
ERP-300074,REF-761532,12-04-2026,10234.02,EUR,Flynn-Matthews,4010,booked
ERP-300075,REF-686072,09-02-2026,3245.57,GBP,White Group,4010,booked
ERP-300076,REF-410160,10-01-2026,4820.33,USD,"Frey, Mcgee and Bailey",2001,booked
ERP-300077,REF-740255,26-02-2026,10286.19,GBP,Lane-Hines,3050,booked
ERP-300078,REF-269930,23-02-2026,19458.65,GBP,"Waller, Bass and Mitchell",2002,booked
ERP-300079,REF-573041,15-04-2026,20780.39,USD,Mann Group,2002,booked
ERP-300080,,08-04-2026,981.62,EUR,"Cox, Fernandez and Baker",4010,booked
ERP-300081,REF-216242,09-01-2026,15982.82,GBP,Farrell-Willis,3050,booked
ERP-300082,REF-924613,06-03-2026,1715.29,GBP,"Rice, Wallace and Castillo",3050,booked
ERP-300083,REF-953025,13-02-2026,3356.9,EUR,Prince-Martinez,3050,booked
ERP-300084,REF-669408,15-04-2026,23335.94,GBP,Fitzpatrick-Henderson,4010,booked
ERP-300085,REF-621691,30-03-2026,8492.44,USD,Arroyo-Pope,4010,booked
ERP-300086,REF-144412,27-02-2026,4186.95,EUR,Flynn Group,2002,booked
ERP-300087,REF-232361,05-01-2026,21220.52,GBP,Robinson and Sons,4010,booked
ERP-300088,REF-127172,15-01-2026,7876.78,EUR,"Martinez, Henderson and Osborne",2002,booked
ERP-300089,REF-848022,26-04-2026,21324.34,EUR,Anderson-Parks,2002,booked
ERP-300090,REF-928766,31-01-2026,3056.03,USD,"Cox, Fernandez and Baker",2001,booked
ERP-300091,REF-588461,27-02-2026,3155.04,EUR,Gonzalez-Pennington,2002,booked
ERP-300092,REF-182690,19-04-2026,8666.93,GBP,"Rodriguez, Sutton and Santiago",2001,booked
ERP-300093,REF-772612,06-01-2026,20635.28,USD,Cochran Inc,2001,booked
ERP-300094,REF-607774,23-02-2026,17223.12,USD,Rhodes Ltd,4010,booked
ERP-300095,REF-201514,19-01-2026,3084.98,EUR,Zimmerman Group,3050,booked
ERP-300096,REF-579441,06-03-2026,12446.82,USD,"Garner, Lawson and Richard",3050,booked
ERP-300097,REF-520040,06-01-2026,18194.51,EUR,Johnson-Ruiz,3050,booked
ERP-300098,REF-731728,26-01-2026,13956.85,EUR,"Dorsey, Patterson and Harrison",3050,booked
ERP-300099,REF-613641,10-03-2026,14853.27,GBP,Jones-Fuentes,4010,booked
ERP-300100,REF-961574,19-01-2026,4283.54,GBP,Wagner Ltd,2001,booked
ERP-300101,REF-440839,13-03-2026,17651.74,GBP,Ingram PLC,3050,booked
ERP-300102,REF-317346,01-04-2026,5641.05,EUR,"Jackson, Romero and Mendez",3050,booked
ERP-300103,,29-04-2026,23883.96,USD,Pierce Inc,2002,booked
ERP-300104,REF-446337,22-02-2026,15957.67,USD,Cobb Group,2001,booked
ERP-300105,REF-661147,30-01-2026,22700.73,USD,Brown Ltd,2001,booked
ERP-300106,REF-451317,29-04-2026,7477.35,GBP,Kelly-Murphy,2001,booked
ERP-300107,,28-03-2026,18422.03,EUR,"George, Lewis and Mitchell",4010,booked
ERP-300108,REF-710754,08-02-2026,5907.14,EUR,Harvey Inc,3050,booked
ERP-300109,REF-601410,18-01-2026,9204.41,USD,Jones Group,3050,booked
ERP-300110,REF-969032,08-01-2026,1975.62,GBP,Reynolds-Harris,4010,booked
ERP-300111,REF-160541,14-03-2026,3320.31,EUR,Reed PLC,2001,booked
ERP-300112,REF-401036,05-01-2026,23366.21,USD,Bowers Ltd,3050,booked
ERP-300113,REF-233533,09-03-2026,2987.86,GBP,"Garner, Lawson and Richard",3050,booked
ERP-300114,REF-948799,05-01-2026,4732.3,GBP,Reynolds-Harris,2001,booked
ERP-300115,REF-891030,28-01-2026,10071.58,USD,Stone and Sons,3050,booked
ERP-300116,REF-811721,22-03-2026,1547.42,GBP,Bryant LLC,2002,booked
ERP-300117,REF-585517,14-04-2026,7535.89,GBP,"Dorsey, Patterson and Harrison",2002,booked
ERP-300118,REF-176319,22-04-2026,1312.13,EUR,Reynolds LLC,2001,booked
ERP-300119,REF-733760,31-03-2026,18678.31,EUR,Jenkins-Henderson,4010,booked
ERP-300120,REF-428122,17-02-2026,19046.68,EUR,Walter Inc,2002,booked
ERP-300121,REF-900441,02-02-2026,12495.05,GBP,"Johnson, Phillips and Brown",2001,booked
ERP-300122,REF-106693,08-04-2026,23631.07,GBP,Gordon-Roberts,2001,booked
ERP-300123,REF-117538,02-01-2026,190.14,GBP,Park-Daniels,3050,booked
ERP-300124,,21-02-2026,19878.53,USD,Dudley Ltd,2001,booked
ERP-300125,REF-554987,19-04-2026,17578.56,USD,Cooper PLC,2001,booked
ERP-300126,REF-790077,14-03-2026,17118.61,EUR,"Rice, Wallace and Castillo",3050,booked
ERP-300127,REF-822794,12-04-2026,9611.56,GBP,"Cox, Fernandez and Baker",4010,booked
ERP-300128,REF-493663,01-05-2026,12277.82,EUR,Griffin Inc,3050,booked
ERP-300129,REF-423241,01-05-2026,9033.49,USD,Dickson-Padilla,3050,booked
ERP-300130,REF-506637,22-02-2026,21596.36,USD,"Garcia, Mercado and West",2002,booked
ERP-300131,REF-920685,03-03-2026,10881.04,EUR,Mcclain-Jensen,4010,booked
ERP-300132,REF-551533,12-02-2026,20106.81,EUR,Rhodes Ltd,2002,booked
ERP-300133,REF-219420,16-02-2026,8164.01,EUR,"Garner, Lawson and Richard",4010,booked
ERP-300134,REF-364955,31-01-2026,16832.62,USD,Wilson Ltd,3050,booked
ERP-300135,REF-906306,14-01-2026,17548.32,GBP,White Group,2002,booked
ERP-300136,REF-821068,16-03-2026,12779.14,GBP,Gardner Inc,2002,booked
ERP-300137,REF-316916,11-04-2026,8724.51,EUR,Reed PLC,2002,booked
ERP-300138,REF-687044,12-02-2026,12911.95,GBP,Mcdowell-Watts,4010,booked
ERP-300139,REF-888870,05-02-2026,136.14,USD,"Peterson, Hood and Arroyo",4010,booked
ERP-300140,REF-580101,19-04-2026,14685.44,EUR,"Howell, Hart and Swanson",4010,booked
ERP-300141,REF-294776,24-02-2026,14920.73,GBP,Arnold-Beck,2001,booked
ERP-300142,REF-629990,13-03-2026,12128.11,USD,Arnold-Beck,4010,booked
ERP-300143,REF-218710,07-03-2026,14152.12,EUR,"Walker, Garcia and Mcguire",2001,booked
ERP-300144,REF-223088,26-02-2026,11257.07,EUR,Richard LLC,2002,booked
ERP-300145,REF-700556,07-02-2026,8108.25,GBP,"Garcia, Mercado and West",2002,booked
ERP-300146,REF-359579,17-04-2026,6260.69,GBP,Jimenez-Bradley,4010,booked
ERP-300147,REF-580718,04-04-2026,8199.05,USD,Leach-Walker,2002,booked
ERP-300148,REF-815707,25-04-2026,14164.4,EUR,"Curtis, Turner and Soto",2002,booked
ERP-300149,REF-387330,22-04-2026,22056.64,EUR,Mcdowell-Watts,2001,booked
ERP-300150,REF-566686,29-03-2026,3339.18,USD,Garcia Ltd,3050,booked
ERP-300151,REF-656278,09-01-2026,3449.8,USD,"Dorsey, Patterson and Harrison",2001,booked
ERP-300152,REF-429780,24-02-2026,14749.61,EUR,Flynn Group,2001,booked
ERP-300153,REF-218220,19-02-2026,19600.44,USD,Garcia and Sons,2002,booked
ERP-300154,REF-170813,17-03-2026,19074.08,USD,"Johnson, Harrison and Thomas",3050,booked
ERP-300155,REF-442622,10-03-2026,1998.56,USD,"Frey, Mcgee and Bailey",2001,booked
ERP-300156,REF-113280,16-01-2026,7749.52,GBP,Bryant LLC,2001,booked
ERP-300157,REF-577309,05-03-2026,6592.17,GBP,"Hernandez, Greer and Jackson",4010,booked
ERP-300158,REF-999138,30-04-2026,9115.31,USD,Dickson Inc,2001,booked
ERP-300159,REF-172274,21-02-2026,4504.13,GBP,"Santana, Hoffman and Cobb",4010,booked
ERP-300160,REF-934638,08-04-2026,24944.73,USD,Prince-Martinez,2001,booked
ERP-300161,REF-146032,12-01-2026,24314.67,USD,Robbins LLC,2001,booked
ERP-300162,REF-373668,07-02-2026,10888.7,USD,Lane-Hines,2002,booked
ERP-300163,REF-661957,16-01-2026,11252.93,EUR,Lewis-Robinson,2002,booked
ERP-300164,,07-01-2026,24210.79,EUR,Fitzgerald PLC,2002,booked
ERP-300165,REF-760914,29-03-2026,3289.61,EUR,Brown-Huynh,4010,booked
ERP-300166,REF-859620,16-04-2026,1289.68,GBP,"Gray, Williams and Weaver",4010,booked
ERP-300167,REF-191982,08-01-2026,10314.51,GBP,Webster and Sons,3050,booked
ERP-300168,REF-726121,10-02-2026,9724.82,USD,Thornton and Sons,2001,booked
ERP-300169,REF-936124,19-04-2026,19107.14,USD,"Edwards, Anderson and Taylor",2002,booked
ERP-300170,,09-02-2026,20921.5,EUR,Morris Inc,2002,booked
ERP-300171,REF-651860,19-04-2026,14675.56,USD,Anderson Inc,4010,booked
ERP-300172,REF-743520,30-03-2026,16238.28,USD,Roberts Group,2001,booked
ERP-300173,REF-693022,23-03-2026,4572.49,EUR,Mann Group,3050,booked
ERP-300174,REF-504684,07-01-2026,6435.03,USD,Joseph Group,2001,booked
ERP-300175,REF-434198,03-01-2026,19984.88,USD,Bowman LLC,4010,booked
ERP-300176,REF-156157,21-01-2026,23562.5,USD,Perez-Neal,3050,booked
ERP-300177,REF-794178,16-04-2026,120.29,USD,Bowman LLC,4010,booked
ERP-300178,REF-567429,24-01-2026,4642.41,EUR,Goodwin-Martinez,2002,booked
ERP-300179,REF-661527,23-02-2026,13851.21,EUR,Pena Inc,4010,booked
ERP-300180,REF-302087,14-04-2026,4342.65,USD,Brown LLC,4010,booked
ERP-300181,REF-539976,11-04-2026,22931.12,USD,Pena Inc,4010,booked
ERP-300182,,23-01-2026,14311.28,EUR,"Bates, Diaz and Lowe",3050,booked
ERP-300183,REF-339030,22-04-2026,7790.96,EUR,"Evans, Conway and Hall",3050,booked
ERP-300184,REF-426236,09-01-2026,20529.91,GBP,Mcdowell-Watts,3050,booked
ERP-300185,REF-766275,20-02-2026,9224.59,EUR,Banks-Savage,4010,booked
ERP-300186,REF-332103,20-04-2026,1265.03,GBP,Wright Group,3050,booked
ERP-300187,REF-494763,24-02-2026,17825.69,GBP,Vincent-Mcclure,3050,booked
ERP-300188,REF-845635,25-03-2026,16023.85,EUR,"Hansen, Herrera and Taylor",3050,booked
ERP-300189,REF-137034,05-04-2026,22675.12,EUR,Bauer Inc,4010,booked
ERP-300190,REF-291961,08-04-2026,3220.4,EUR,Walters LLC,2001,booked
ERP-300191,REF-813763,16-01-2026,11818.69,USD,Colon Group,4010,booked
ERP-300192,REF-160831,23-03-2026,8332.42,USD,Davis PLC,4010,booked
ERP-300193,REF-866151,26-01-2026,9598.33,USD,Shaw-Decker,3050,booked
ERP-300194,,07-02-2026,4196.33,USD,Davis-Mitchell,2002,booked
ERP-300195,,04-04-2026,18186.04,USD,Brown LLC,2001,booked
ERP-300196,REF-365015,12-03-2026,10433.97,EUR,"Pineda, Travis and Jones",2001,booked
ERP-300197,REF-375769,10-04-2026,12456.03,GBP,Walters PLC,4010,booked
ERP-300198,REF-858711,10-01-2026,3749.88,USD,"Liu, Parsons and Delacruz",2001,booked
ERP-300199,REF-245117,20-04-2026,2397.59,USD,"Garza, Barker and Maddox",4010,booked
ERP-300200,REF-935620,25-03-2026,17255.31,EUR,Dickson-Gutierrez,2002,booked
ERP-300201,REF-531262,24-04-2026,12089.91,EUR,Reynolds-Harris,2002,booked
ERP-300202,,20-01-2026,12061.19,GBP,Pennington PLC,2002,booked
ERP-300203,REF-346415,15-04-2026,13773.63,EUR,"Graham, Garrett and Caldwell",3050,booked
ERP-300204,,25-03-2026,22255.52,GBP,"Peterson, Hood and Arroyo",3050,booked
ERP-300205,REF-492052,08-03-2026,20751.35,EUR,Hunter-Nicholson,2002,booked
ERP-300206,REF-764000,06-01-2026,17926.78,USD,Kirk-Henson,2002,booked
ERP-300207,REF-789461,19-02-2026,18269.1,USD,Hawkins-Saunders,2002,booked
ERP-300208,REF-984027,08-02-2026,3476.05,GBP,Fitzgerald PLC,3050,booked
ERP-300209,REF-711116,03-03-2026,17766.06,EUR,Roberts Group,2002,booked
ERP-300210,REF-362732,29-03-2026,6692.78,USD,Johnson-Newton,2001,booked
ERP-300211,REF-818430,11-04-2026,23163.96,EUR,"Payne, Wall and Hernandez",2001,booked
ERP-300212,REF-495521,16-01-2026,4694.74,USD,Hickman-Walter,3050,booked
ERP-300213,REF-176421,15-02-2026,12276.51,GBP,"Walker, Garcia and Mcguire",3050,booked
ERP-300214,REF-688602,02-03-2026,5480.67,GBP,Wilson and Sons,3050,booked
ERP-300215,REF-941814,07-03-2026,642.03,GBP,Dudley Ltd,4010,booked
ERP-300216,REF-836879,17-04-2026,20895.74,USD,Murray Group,2002,booked
ERP-300217,REF-760830,27-02-2026,22776.89,EUR,Bauer Inc,3050,booked
ERP-300218,REF-514306,18-02-2026,15173.98,EUR,Robinson and Sons,2001,booked
ERP-300219,REF-143802,16-01-2026,13849.27,GBP,Roberts LLC,2002,booked
ERP-300220,REF-290167,15-01-2026,15431.7,EUR,Maxwell-Shepherd,3050,booked
ERP-300221,,13-01-2026,3227.17,GBP,Rodriguez LLC,2002,booked
ERP-300222,REF-980919,05-02-2026,19646.86,GBP,"Moss, Atkins and Daniels",2002,booked
ERP-300223,REF-757057,04-04-2026,22285.14,USD,"Hayes, Luna and Miller",2002,booked
ERP-300224,REF-587274,18-01-2026,9161.32,USD,Zimmerman and Sons,4010,booked
ERP-300225,REF-611329,08-04-2026,23480.9,USD,Jones Group,3050,booked
ERP-300226,REF-785428,18-02-2026,14476.32,GBP,Bryant LLC,2001,booked
ERP-300227,REF-341162,22-01-2026,12558.38,USD,Rhodes Ltd,4010,booked
ERP-300228,REF-973846,24-03-2026,11988.55,GBP,White-Wilson,2001,booked
ERP-300229,REF-327114,11-01-2026,21965.76,GBP,"Rodriguez, Sutton and Santiago",2001,booked
ERP-300230,REF-117367,14-01-2026,5764.6,EUR,Reeves Ltd,2001,booked
ERP-300231,REF-541119,08-03-2026,22426.8,GBP,"Fleming, King and Herring",2001,booked
ERP-300232,REF-298202,02-02-2026,7099.59,GBP,Costa and Sons,3050,booked
ERP-300233,REF-483405,14-03-2026,6551.04,GBP,Best Inc,4010,booked
ERP-300234,REF-340932,06-04-2026,18401.17,GBP,Peterson LLC,4010,booked
ERP-300235,REF-375871,09-01-2026,23148.4,EUR,"Best, Simon and Turner",3050,booked
ERP-300236,REF-832377,08-03-2026,4888.79,GBP,"Liu, Parsons and Delacruz",2001,booked
ERP-300237,REF-970071,03-04-2026,22981.46,GBP,"Rodriguez, Sutton and Santiago",2001,booked
ERP-300238,REF-638220,13-04-2026,12591.65,EUR,"Miller, Anderson and Padilla",2001,booked
ERP-300239,REF-764442,18-02-2026,12062.2,EUR,Smith and Sons,2002,booked
ERP-300240,REF-701581,25-04-2026,11926.97,EUR,Hunt PLC,3050,booked
ERP-300241,REF-182300,28-04-2026,3920.99,USD,Barrera Group,3050,booked
ERP-300242,,07-01-2026,9962.04,GBP,"Hernandez, Wade and Rodriguez",2002,booked
ERP-300243,REF-742544,16-02-2026,9501.21,USD,"Martinez, Joseph and Simmons",2002,booked
ERP-300244,REF-204721,15-04-2026,14295.96,GBP,Nguyen-Roberts,3050,booked
ERP-300245,REF-695417,13-03-2026,19638.69,EUR,Davis Group,4010,booked
ERP-300246,REF-703869,15-03-2026,3052.91,GBP,Mullins-Cabrera,3050,booked
ERP-300247,REF-990136,21-02-2026,10559.87,GBP,"Roberts, Frazier and Smith",4010,booked
ERP-300248,,17-01-2026,10364.38,USD,Hughes Inc,4010,booked
ERP-300249,REF-748127,03-02-2026,13111.47,USD,Hawkins-Saunders,3050,booked
ERP-300250,REF-385647,30-04-2026,21609.42,EUR,Stone and Sons,2002,booked
ERP-300251,REF-532227,16-02-2026,20122.58,EUR,Ibarra-Clark,3050,booked
ERP-300252,REF-297731,17-02-2026,14935.17,USD,Hunter-Nicholson,3050,booked
ERP-300253,REF-403662,18-01-2026,10337.27,USD,Jones-Taylor,4010,booked
ERP-300254,,20-01-2026,18184.5,USD,Anderson LLC,4010,booked
ERP-300255,REF-982417,25-01-2026,1807.83,EUR,"Smith, Guerra and Holmes",2002,booked
ERP-300256,REF-438756,30-04-2026,11833.82,GBP,Todd-Oconnor,4010,booked
ERP-300257,REF-225461,16-03-2026,8129.72,USD,Jones-Graham,2001,booked
ERP-300258,REF-662407,31-03-2026,1517.88,GBP,Smith Ltd,2001,booked
ERP-300259,REF-669097,07-02-2026,12145.42,EUR,Walters LLC,4010,booked
ERP-300260,REF-869295,18-02-2026,42.98,GBP,"Owens, Peters and White",3050,booked
ERP-300261,REF-648615,13-01-2026,10259.87,EUR,Anderson Inc,3050,booked
ERP-300262,REF-318877,02-01-2026,1250.91,USD,"Chavez, Davis and Walton",2001,booked
ERP-300263,REF-201836,08-03-2026,20865.55,USD,"Ramirez, Hernandez and Fox",4010,booked
ERP-300264,REF-521063,12-03-2026,22073.53,USD,"Smith, Guerra and Holmes",2002,booked
ERP-300265,,16-02-2026,9392.2,GBP,Howard LLC,3050,booked
ERP-300266,REF-699378,15-03-2026,22979.82,GBP,Edwards-Boyd,2002,booked
ERP-300267,REF-605972,12-04-2026,18363.29,GBP,"Martinez, Joseph and Simmons",4010,booked
ERP-300268,REF-784488,06-04-2026,10427.63,USD,Hunt-Whitney,4010,booked
ERP-300269,REF-194458,06-03-2026,24276.73,GBP,"Edwards, Anderson and Taylor",2002,booked
ERP-300270,REF-611559,26-01-2026,19056.77,EUR,Walters LLC,4010,booked
ERP-300271,REF-722725,14-02-2026,9147.56,USD,Jimenez-Bradley,2001,booked
ERP-300272,REF-972881,22-04-2026,6095.13,GBP,Rivera-Stanley,2002,booked
ERP-300273,REF-711324,18-02-2026,17384.4,GBP,Li-Jones,3050,booked
ERP-300274,,22-04-2026,21610.45,USD,"Garcia, Mercado and West",3050,booked
ERP-300275,REF-463625,03-01-2026,8355.9,EUR,Mata Inc,4010,booked
ERP-300276,REF-810929,08-03-2026,16431.87,USD,"Rodriguez, Evans and Patterson",2002,booked
ERP-300277,REF-241822,27-04-2026,21568.13,EUR,Simmons-Green,4010,booked
ERP-300278,REF-961613,06-04-2026,24030.87,EUR,Fletcher-Pruitt,4010,booked
ERP-300279,REF-781121,02-04-2026,3373.81,GBP,Allen Ltd,2001,booked
ERP-300280,REF-440677,30-03-2026,4447.53,EUR,Rogers Inc,2002,booked
ERP-300281,REF-506216,13-03-2026,12979.6,EUR,Reynolds LLC,2002,booked
ERP-300282,REF-857750,12-01-2026,11602.88,GBP,"Hernandez, Hill and Hull",2001,booked
ERP-300283,REF-868881,02-04-2026,6270.81,GBP,Li-Montoya,2002,booked
ERP-300284,REF-846635,09-04-2026,4074.05,USD,Dickson Inc,4010,booked
ERP-300285,,31-01-2026,13598.94,USD,Skinner Ltd,2001,booked
ERP-300286,REF-191962,12-02-2026,16683.24,GBP,Davis-Mitchell,3050,booked
ERP-300287,REF-548081,08-04-2026,8087.48,EUR,Smith and Sons,3050,booked
ERP-300288,REF-703080,09-03-2026,10690.66,EUR,"Matthews, Howard and Brown",2001,booked
ERP-300289,REF-147702,22-02-2026,18443.27,USD,Kirk-Henson,3050,booked
ERP-300290,REF-130531,20-03-2026,8550.51,GBP,Richards-Johnson,4010,booked
ERP-300291,REF-692385,08-02-2026,23196.55,USD,Lawrence-Lee,4010,booked
ERP-300292,REF-508489,19-03-2026,15672.11,USD,"Roberts, Frazier and Smith",3050,booked
ERP-300293,REF-311915,10-04-2026,4395.94,EUR,"Bates, Diaz and Lowe",2001,booked
ERP-300294,REF-104309,15-01-2026,11497.73,GBP,Pena Inc,3050,booked
ERP-300295,REF-301898,26-01-2026,15980.3,USD,Jimenez-Bradley,3050,booked
ERP-300296,,01-05-2026,13745.41,EUR,Roberts LLC,4010,booked
ERP-300297,REF-472899,20-03-2026,9813.12,GBP,Hays-Dalton,3050,booked
ERP-300298,REF-342948,02-03-2026,17119.84,GBP,Cox-Hickman,4010,booked
ERP-300299,REF-465549,09-04-2026,11544.51,USD,"Molina, Wells and Bright",2002,booked
ERP-300300,REF-318353,13-02-2026,24347.95,EUR,"Owen, Gibson and Johnson",4010,booked
ERP-300301,REF-214027,18-03-2026,4424.95,EUR,"Adams, Rodriguez and Walker",2002,booked
ERP-300302,REF-706005,20-03-2026,11338.04,EUR,"Collins, Gardner and Shaw",3050,booked
ERP-300303,REF-837520,01-01-2026,1583.7,GBP,Johnson Inc,2002,booked
ERP-300304,REF-984293,19-02-2026,11884.91,USD,Edwards-Boyd,2002,booked
ERP-300305,REF-578180,21-04-2026,2139.47,GBP,Kirk-Henson,2002,booked
ERP-300306,REF-672696,29-04-2026,17810.45,EUR,Park-Daniels,2001,booked
ERP-300307,REF-595401,01-02-2026,13095.84,GBP,"Best, Simon and Turner",3050,booked
ERP-300308,REF-923154,04-04-2026,7247.98,USD,Wilson Ltd,3050,booked
ERP-300309,REF-999529,05-02-2026,6319.97,GBP,Robbins LLC,2001,booked
ERP-300310,REF-961639,18-03-2026,8587.63,USD,"Brown, Middleton and Williams",2001,booked
ERP-300311,REF-416006,02-03-2026,1336.77,EUR,Smith-Gaines,4010,booked
ERP-300312,REF-143010,29-03-2026,9565.55,EUR,Wilson and Sons,4010,booked
ERP-300313,REF-804527,04-04-2026,11541.19,GBP,Esparza-Carroll,3050,booked
ERP-300314,REF-135695,25-01-2026,5504.92,EUR,Davis Group,2002,booked
ERP-300315,REF-575470,23-03-2026,6352.06,EUR,"Howard, Lynch and Morris",3050,booked
ERP-300316,REF-310416,29-04-2026,4468.79,USD,Randolph and Sons,2001,booked
ERP-300317,REF-139673,30-04-2026,22415.4,USD,Joseph Group,2001,booked
ERP-300318,REF-694798,16-01-2026,9625.99,GBP,"Berry, Rios and Marshall",3050,booked
ERP-300319,REF-502824,06-01-2026,16203.62,USD,Griffin Inc,2001,booked
ERP-300320,,05-03-2026,19823.66,GBP,Ibarra-Clark,2002,booked
ERP-300321,REF-748410,27-04-2026,12235.15,USD,Bowers Ltd,2002,booked
ERP-300322,REF-950941,13-02-2026,1601.18,USD,Gardner-Hayes,4010,booked
ERP-300323,REF-559969,22-01-2026,4222.07,EUR,Griffin Inc,3050,booked
ERP-300324,REF-250038,27-01-2026,10420.15,EUR,Kennedy-Marks,2001,booked
ERP-300325,REF-200331,09-03-2026,13953.82,USD,Peterson LLC,4010,booked
ERP-300326,REF-776185,07-01-2026,12450.43,USD,Mckinney-Cooper,2002,booked
ERP-300327,REF-539422,11-02-2026,18042.04,GBP,Gomez-Cardenas,2001,booked
ERP-300328,REF-739037,29-04-2026,22264.96,USD,"Ramirez, Hernandez and Fox",2001,booked
ERP-300329,REF-897273,22-01-2026,21294.99,EUR,Gonzalez Inc,4010,booked
ERP-300330,REF-358635,05-04-2026,6997.29,GBP,Fitzgerald-Watson,4010,booked
ERP-300331,REF-619344,27-02-2026,11994.75,GBP,"Evans, Conway and Hall",2002,booked
ERP-300332,REF-576935,04-01-2026,17590.03,GBP,"Clarke, Johnson and Watson",3050,booked
ERP-300333,REF-933071,15-03-2026,17458.92,GBP,Morris Inc,2002,booked
ERP-300334,REF-843793,13-03-2026,16213.11,GBP,Smith and Sons,2001,booked
ERP-300335,REF-652266,06-03-2026,9336.02,EUR,Lee-Taylor,2002,booked
ERP-300336,REF-389346,22-01-2026,7227.11,USD,Gallegos-Stewart,2001,booked
ERP-300337,REF-452192,24-03-2026,575.36,USD,Lawrence-Lee,3050,booked
ERP-300338,REF-986585,09-04-2026,5688.88,EUR,"Jackson, Romero and Mendez",4010,booked
ERP-300339,REF-841484,13-03-2026,6528.67,USD,"Peterson, Hood and Arroyo",4010,booked
ERP-300340,REF-672675,05-04-2026,23197.09,USD,Dickson-Padilla,2002,booked
ERP-300341,REF-521139,04-01-2026,16958.26,USD,Ibarra-Clark,2001,booked
ERP-300342,REF-433193,04-03-2026,24396.59,EUR,Maxwell-Shepherd,4010,booked
ERP-300343,,04-04-2026,21860.69,USD,"Ramirez, Hernandez and Fox",4010,booked
ERP-300344,REF-283388,23-02-2026,2234.0,EUR,Jackson LLC,4010,booked
ERP-300345,REF-414750,03-02-2026,5632.39,USD,Smith Ltd,3050,booked
ERP-300346,REF-370439,22-04-2026,14537.12,GBP,"Moss, Atkins and Daniels",2002,booked
ERP-300347,REF-539892,16-02-2026,8950.7,USD,Jackson LLC,3050,booked
ERP-300348,REF-660380,13-01-2026,6804.69,GBP,Howard-Mcdonald,2001,booked
ERP-300349,REF-237606,15-04-2026,10448.22,USD,"Miller, Anderson and Padilla",2002,booked
ERP-300350,REF-236543,27-01-2026,17208.98,EUR,Kennedy-Marks,3050,booked
ERP-300351,REF-201191,07-04-2026,1105.96,EUR,Price PLC,2002,booked
ERP-300352,REF-706217,15-04-2026,12635.11,USD,"Evans, Conway and Hall",2002,booked
ERP-300353,REF-472058,17-04-2026,11005.65,USD,"Smith, Guerra and Holmes",4010,booked
ERP-300354,REF-871934,18-03-2026,2915.17,EUR,Reed PLC,4010,booked
ERP-300355,REF-790537,08-03-2026,16810.58,EUR,Robinson and Sons,4010,booked
ERP-300356,REF-901968,05-02-2026,3090.99,EUR,Cooper PLC,3050,booked
ERP-300357,REF-204441,04-01-2026,12246.3,USD,Thompson-Campbell,2002,booked
ERP-300358,REF-374375,06-03-2026,7356.73,EUR,Randolph and Sons,2001,booked
ERP-300359,REF-840356,24-04-2026,4442.31,GBP,Wilson Ltd,4010,booked
ERP-300360,REF-398254,09-04-2026,14786.35,EUR,"Howell, Hart and Swanson",2001,booked
ERP-300361,REF-427260,24-03-2026,16539.47,USD,Rodriguez LLC,4010,booked
ERP-300362,REF-509260,15-03-2026,14710.03,EUR,"Lewis, Joyce and Robertson",2001,booked
ERP-300363,REF-378035,06-02-2026,21013.5,GBP,Wright Group,3050,booked
ERP-300364,REF-943187,06-03-2026,19896.4,GBP,Church Inc,2002,booked
ERP-300365,REF-768914,04-02-2026,16528.64,GBP,"Williams, Oneill and Torres",4010,booked
ERP-300366,REF-532472,19-04-2026,7983.36,USD,Walter Inc,4010,booked
ERP-300367,REF-385959,21-01-2026,10564.93,USD,Juarez-Jones,2001,booked
ERP-300368,REF-789365,27-03-2026,22516.86,EUR,"Snow, Rodgers and Miller",2001,booked
ERP-300369,REF-972765,12-02-2026,5970.97,USD,Davis PLC,3050,booked
ERP-300370,REF-544366,11-03-2026,17497.95,USD,Washington-West,2001,booked
ERP-300371,REF-679577,02-02-2026,17274.79,GBP,"Johnson, Meyer and Hanna",2002,booked
ERP-300372,REF-432591,22-03-2026,7453.14,USD,Robinson and Sons,2001,booked
ERP-300373,REF-442641,05-04-2026,8812.61,GBP,Hunter-Nicholson,2001,booked
ERP-300374,REF-722871,19-04-2026,3966.62,GBP,Allen and Sons,4010,booked
ERP-300375,REF-124085,03-01-2026,23620.31,GBP,Orozco Ltd,3050,booked
ERP-300376,REF-853489,02-01-2026,4273.82,GBP,Peterson LLC,2002,booked
ERP-300377,REF-289131,23-02-2026,15012.07,EUR,Wade PLC,4010,booked
ERP-300378,REF-543852,01-04-2026,17179.14,GBP,Arnold-Beck,4010,booked
ERP-300379,REF-708684,06-01-2026,16789.77,USD,Walters LLC,3050,booked
ERP-300380,,26-04-2026,18701.89,EUR,"Molina, Wells and Bright",2002,booked
ERP-300381,REF-372864,02-03-2026,1387.82,USD,Hamilton-Bautista,2001,booked
ERP-300382,REF-276470,17-04-2026,5113.25,EUR,"Smith, Guerra and Holmes",3050,booked
ERP-300383,REF-491704,20-02-2026,673.41,GBP,Phillips-Wyatt,2001,booked
ERP-300384,REF-869989,04-04-2026,16412.91,EUR,"Martinez, Joseph and Simmons",4010,booked
ERP-300385,REF-917357,19-02-2026,2252.48,USD,Li-Montoya,4010,booked
ERP-300386,REF-690408,04-02-2026,11149.92,EUR,Moore LLC,2002,booked
ERP-300387,REF-404824,11-01-2026,23268.42,GBP,Simmons-Green,2001,booked
ERP-300388,REF-199074,22-02-2026,12847.53,GBP,"Nguyen, Williams and Smith",2001,booked
ERP-300389,REF-715732,10-02-2026,2105.18,GBP,Davis-Mitchell,2001,booked
ERP-300390,,20-02-2026,10859.13,USD,Dickson-Padilla,2001,booked
ERP-300391,REF-128117,20-04-2026,20403.81,GBP,Wade PLC,4010,booked
ERP-300392,,21-04-2026,24097.58,EUR,Holmes and Sons,4010,booked
ERP-300393,REF-848987,30-01-2026,12165.37,GBP,"Salinas, Barnes and Cooper",4010,booked
ERP-300394,REF-460550,02-03-2026,544.65,EUR,King-George,3050,booked
ERP-300395,REF-824248,06-02-2026,19904.42,USD,Ingram PLC,3050,booked
ERP-300396,REF-968167,23-01-2026,22025.63,EUR,Mcdowell-Watts,2001,booked
ERP-300397,REF-892476,18-04-2026,17667.46,EUR,Farrell-Willis,3050,booked
ERP-300398,REF-204117,04-04-2026,17711.38,GBP,Cooper PLC,2001,booked
ERP-300399,REF-760016,16-02-2026,6668.74,GBP,Kirk-Henson,4010,booked
ERP-300400,REF-172961,01-05-2026,3660.97,USD,"Drake, Torres and Murray",3050,booked
ERP-300401,REF-967176,02-01-2026,18045.74,EUR,Hammond Ltd,3050,booked
ERP-300402,,19-02-2026,2129.92,GBP,Charles-Butler,3050,booked
ERP-300403,REF-215806,06-03-2026,6052.46,EUR,Best Inc,2002,booked
ERP-300404,REF-758237,02-04-2026,20139.55,GBP,Coffey-Howell,2002,booked
ERP-300405,REF-253672,13-01-2026,20575.5,EUR,Allen-Taylor,4010,booked
ERP-300406,REF-537174,04-04-2026,15920.62,EUR,Rogers Inc,3050,booked
ERP-300407,,15-01-2026,23044.39,USD,Costa and Sons,3050,booked
ERP-300408,REF-875590,15-04-2026,22229.2,USD,Jones-Taylor,4010,booked
ERP-300409,REF-863220,20-01-2026,19047.93,GBP,Howe and Sons,3050,booked
ERP-300410,REF-301774,11-01-2026,14037.08,USD,Walters LLC,2002,booked
ERP-300411,REF-188759,26-02-2026,6151.04,GBP,Gomez-Cardenas,2002,booked
ERP-300412,REF-193982,09-04-2026,7151.66,USD,Howard LLC,2001,booked
ERP-300413,REF-633328,05-03-2026,1320.66,USD,Lane-Hines,2001,booked
ERP-300414,,08-02-2026,6176.74,GBP,Kennedy-Marks,4010,booked
ERP-300415,REF-275512,25-03-2026,24028.83,GBP,Zimmerman and Sons,2001,booked
ERP-300416,REF-246433,17-04-2026,7533.44,EUR,Phillips-Wyatt,4010,booked
ERP-300417,REF-825452,27-04-2026,23975.84,EUR,"Johnson, Harrison and Thomas",4010,booked
ERP-300418,REF-730520,16-04-2026,16814.34,EUR,"Bell, Pollard and Berry",3050,booked
ERP-300419,REF-852677,14-04-2026,4808.0,GBP,Wilson Ltd,3050,booked
ERP-300420,REF-303182,12-03-2026,14238.33,EUR,Dorsey Group,3050,booked
ERP-300421,REF-810656,30-03-2026,4816.49,GBP,Hughes Inc,4010,booked
ERP-300422,REF-856254,24-04-2026,12401.98,GBP,Mckinney-Cooper,2002,booked
ERP-300423,REF-756403,09-01-2026,4942.0,EUR,Todd-Oconnor,2002,booked
ERP-300424,REF-200318,08-04-2026,23590.1,GBP,Robinson and Sons,4010,booked
ERP-300425,REF-154738,13-03-2026,1668.11,GBP,Nguyen-White,2001,booked
ERP-300426,REF-207677,14-01-2026,11365.57,EUR,King-George,2001,booked
ERP-300427,,25-02-2026,1535.77,EUR,Austin-Bonilla,2001,booked
ERP-300428,REF-311037,23-03-2026,10565.98,USD,Walters PLC,2001,booked
ERP-300429,REF-341459,30-03-2026,12410.87,USD,Orozco Ltd,2001,booked
ERP-300430,REF-303846,26-02-2026,13878.42,USD,Zimmerman and Sons,2002,booked
ERP-300431,REF-810360,17-04-2026,21075.96,USD,Holmes and Sons,2001,booked
ERP-300432,,25-01-2026,2984.37,USD,Mitchell-Jones,3050,booked
ERP-300433,REF-612743,24-04-2026,21824.47,GBP,Austin-Bonilla,4010,booked
ERP-300434,REF-709418,04-02-2026,17898.36,EUR,Davis PLC,3050,booked
ERP-300435,REF-188109,07-04-2026,6381.87,USD,Thompson-Campbell,4010,booked
ERP-300436,REF-776703,03-02-2026,642.34,EUR,Gray PLC,3050,booked
ERP-300437,REF-839919,25-01-2026,6269.34,GBP,Vincent-Mcclure,2002,booked
ERP-300438,REF-885527,03-04-2026,21640.02,USD,Hunt-Whitney,4010,booked
ERP-300439,REF-705561,18-01-2026,21327.28,USD,Dudley Ltd,2002,booked
ERP-300440,REF-937965,22-03-2026,24431.65,EUR,"George, Lewis and Mitchell",3050,booked
ERP-300441,REF-133616,23-01-2026,2353.71,USD,Griffin Inc,4010,booked
ERP-300442,REF-538738,10-03-2026,9792.85,USD,Allen and Sons,4010,booked
ERP-300443,REF-167077,27-02-2026,6904.14,USD,"Dorsey, Patterson and Harrison",3050,booked
ERP-300444,REF-288301,01-02-2026,9792.48,USD,Kirk-Henson,2001,booked
ERP-300445,REF-617459,27-04-2026,17458.65,GBP,Hunt PLC,2001,booked
ERP-300446,REF-460351,18-02-2026,15980.69,GBP,Jacobs PLC,4010,booked
ERP-300447,REF-979226,22-01-2026,3527.89,EUR,White-Wilson,2002,booked
ERP-300448,REF-794723,24-03-2026,11065.4,USD,Pena Inc,2001,booked
ERP-300449,REF-301485,16-04-2026,10556.53,USD,"Johnson, Phillips and Brown",4010,booked
ERP-300450,REF-211028,28-01-2026,23474.61,USD,Ford Ltd,4010,booked
ERP-300451,REF-991777,12-04-2026,24577.98,USD,Wilson Group,4010,booked
ERP-300452,REF-500945,27-02-2026,1711.15,USD,Austin-Bonilla,2001,booked
ERP-300453,REF-259038,26-01-2026,3460.45,EUR,"Thompson, Cooper and Young",3050,booked
ERP-300454,,13-02-2026,18770.01,USD,"Davis, Kim and Ingram",4010,booked
ERP-300455,REF-248407,23-03-2026,1772.87,USD,Flynn-Matthews,2002,booked
ERP-300456,REF-311184,23-03-2026,7594.94,GBP,Howe and Sons,4010,booked
ERP-300457,REF-187275,20-04-2026,519.78,EUR,Gardner-Hayes,4010,booked
ERP-300458,REF-625021,02-01-2026,4913.0,USD,Dickson-Padilla,2001,booked
ERP-300459,REF-900011,25-01-2026,9636.03,GBP,Li-Montoya,2001,booked
ERP-300460,REF-798011,31-03-2026,23038.68,EUR,Peters-Ward,2001,booked
ERP-300461,REF-970055,22-01-2026,12975.46,USD,Best Inc,3050,booked
ERP-300462,REF-423066,31-03-2026,18724.53,GBP,Fitzpatrick-Henderson,2002,booked
ERP-300463,REF-953929,14-03-2026,12577.78,USD,"Shaw, Baker and Scott",2001,booked
ERP-300464,REF-131107,13-02-2026,9458.77,EUR,Cooper Ltd,3050,booked
ERP-300465,,19-03-2026,23304.91,EUR,"Johnson, Phillips and Brown",4010,booked
ERP-300466,,19-03-2026,18137.37,USD,Thornton and Sons,3050,booked
ERP-300467,REF-565888,28-03-2026,21839.03,GBP,"Martinez, Joseph and Simmons",2001,booked
ERP-300468,REF-805756,17-04-2026,3218.34,USD,Church Inc,2001,booked
ERP-300469,REF-393976,09-04-2026,4026.88,EUR,Arnold-Beck,2001,booked
ERP-300470,REF-773292,25-03-2026,16108.56,EUR,"Rodriguez, Evans and Patterson",2002,booked
ERP-300471,REF-101760,05-04-2026,21336.92,EUR,Young-Hudson,4010,booked
ERP-300472,REF-813011,05-03-2026,7915.26,EUR,Jones Group,2002,booked
ERP-300473,REF-949566,08-01-2026,12388.26,GBP,"Bell, Pollard and Berry",4010,booked
ERP-300474,REF-894520,14-02-2026,8451.82,GBP,Davis PLC,3050,booked
ERP-300475,REF-563348,18-01-2026,11451.87,USD,Young-Hudson,2001,booked
ERP-300476,REF-155021,01-05-2026,8905.71,EUR,Dickson Inc,4010,booked
ERP-300477,REF-586197,10-04-2026,19401.85,GBP,"Best, Simon and Turner",2001,booked
ERP-300478,,03-03-2026,19863.73,USD,Arnold-Beck,2001,booked
ERP-300479,REF-728204,24-01-2026,18843.87,USD,Peterson LLC,2001,booked
ERP-300480,REF-543601,22-01-2026,12666.05,EUR,"Rice, Wallace and Castillo",2002,booked
ERP-300481,REF-138518,31-01-2026,17206.06,GBP,Mckinney-Cooper,3050,booked
ERP-300482,REF-187298,28-02-2026,9560.01,USD,Smith-Gaines,2002,booked
ERP-300483,REF-732928,04-01-2026,7926.1,EUR,Wagner Ltd,2001,booked
ERP-300484,REF-920755,14-01-2026,9444.47,USD,"Lewis, Joyce and Robertson",4010,booked
ERP-300485,REF-723501,12-03-2026,4537.3,GBP,"Bryant, Harrison and Carter",2002,booked
ERP-300486,REF-560282,24-01-2026,16963.43,EUR,Farrell-Willis,3050,booked
ERP-300487,REF-865411,10-01-2026,21135.01,GBP,Rose-Gonzales,2001,booked
ERP-300488,REF-971783,27-04-2026,10151.65,GBP,Mitchell-Jones,3050,booked
ERP-300489,,07-01-2026,20989.24,GBP,"Howell, Hart and Swanson",4010,booked
ERP-300490,REF-137150,16-04-2026,5456.14,EUR,Hickman-Walter,2001,booked
ERP-300491,REF-654797,11-01-2026,2555.91,EUR,Mullins-Cabrera,3050,booked
ERP-300492,REF-246668,21-01-2026,2739.66,EUR,Robinson and Sons,3050,booked
ERP-300493,REF-938672,05-03-2026,2991.84,EUR,"Walker, Garcia and Mcguire",3050,booked
ERP-300494,REF-811259,07-01-2026,12512.52,GBP,Lane-Hines,3050,booked
ERP-300495,REF-596912,26-01-2026,24856.57,USD,Fitzgerald-Watson,2002,booked
ERP-300496,REF-153430,12-01-2026,10671.92,GBP,Walters PLC,3050,booked
ERP-300497,REF-435377,01-02-2026,23576.39,GBP,Gonzalez Inc,2001,booked
ERP-300498,,09-04-2026,2444.76,USD,Mccoy Ltd,2002,booked
ERP-300499,REF-673129,10-01-2026,4843.36,EUR,"Evans, Conway and Hall",4010,booked
ERP-300500,REF-606274,09-01-2026,15755.87,USD,"Moss, Atkins and Daniels",4010,booked
ERP-300501,REF-273558,10-01-2026,12388.27,GBP,Fitzgerald PLC,4010,booked
ERP-300502,REF-418148,03-02-2026,12607.85,GBP,Simmons-Green,2001,booked
ERP-300503,REF-221828,10-03-2026,16069.27,USD,Kirk-Morales,2001,booked
ERP-300504,REF-368422,23-01-2026,20602.7,USD,Robbins LLC,4010,booked
ERP-300505,REF-255539,17-02-2026,3912.15,USD,Perez-Neal,2002,booked
ERP-300506,REF-577127,01-02-2026,1759.62,USD,Gardner-Hayes,2001,booked
ERP-300507,,12-04-2026,6709.72,GBP,Green Ltd,3050,booked
ERP-300508,REF-146688,16-04-2026,15696.46,USD,Holmes and Sons,4010,booked
ERP-300509,REF-277795,04-03-2026,17176.99,GBP,Reynolds-Harris,4010,booked
ERP-300510,REF-957276,21-03-2026,3776.75,GBP,Church Inc,4010,booked
ERP-300511,REF-705912,15-01-2026,11181.22,EUR,Smith and Sons,3050,booked
ERP-300512,REF-538996,19-02-2026,3477.08,GBP,Brown and Sons,2002,booked
ERP-300513,REF-685498,16-02-2026,9058.69,USD,"Johnson, Harrison and Thomas",2002,booked
ERP-300514,REF-838158,31-03-2026,1420.25,USD,Peterson LLC,4010,booked
ERP-300515,REF-246918,06-04-2026,3764.19,USD,Allen Ltd,2002,booked
ERP-300516,REF-544198,17-04-2026,12594.8,USD,Spears-Beck,2002,booked
ERP-300517,REF-511346,29-01-2026,18584.79,EUR,Nguyen-White,2002,booked
ERP-300518,REF-732490,16-02-2026,6766.24,USD,"Hernandez, Greer and Jackson",2001,booked
ERP-300519,REF-928611,14-03-2026,24417.16,GBP,Mckinney-Cooper,2001,booked
ERP-300520,REF-626570,13-01-2026,8299.67,GBP,"Ward, Garcia and Henry",2002,booked
ERP-300521,REF-864118,08-03-2026,19226.42,USD,Colon Group,2001,booked
ERP-300522,REF-943816,13-01-2026,23951.44,GBP,Arroyo-Pope,2001,booked
ERP-300523,REF-368463,02-03-2026,4500.18,EUR,"Matthews, Howard and Brown",3050,booked
ERP-300524,REF-571955,06-03-2026,9357.74,GBP,"Howard, Russo and Smith",2001,booked
ERP-300525,REF-588508,14-02-2026,5595.71,EUR,Leach-Walker,4010,booked
ERP-300526,REF-391897,15-01-2026,5335.56,GBP,Moore LLC,2002,booked
ERP-300527,REF-364315,04-02-2026,1375.59,USD,Best Inc,2001,booked
ERP-300528,REF-411327,07-04-2026,22376.54,EUR,"Curtis, Turner and Soto",2002,booked
ERP-300529,,02-01-2026,8110.22,GBP,Washington-West,2002,booked
ERP-300530,REF-495896,18-03-2026,10518.9,GBP,Schneider Ltd,4010,booked
ERP-300531,REF-668817,17-04-2026,10365.99,EUR,"Howell, Hart and Swanson",2001,booked
ERP-300532,REF-117224,25-03-2026,24884.2,USD,"Best, Simon and Turner",2001,booked
ERP-300533,REF-932308,14-02-2026,4909.12,EUR,"Pineda, Travis and Jones",4010,booked
ERP-300534,REF-116284,05-01-2026,16840.69,USD,Kirk-Henson,4010,booked
ERP-300535,REF-282155,04-04-2026,3243.54,GBP,"Collins, Gardner and Shaw",2002,booked
ERP-300536,REF-126885,12-01-2026,23718.79,USD,Leach-Walker,2002,booked
ERP-300537,REF-917919,03-04-2026,7440.64,GBP,Brown and Sons,3050,booked
ERP-300538,REF-985652,05-03-2026,22367.75,USD,"Hernandez, Greer and Jackson",4010,booked
ERP-300539,REF-287356,02-01-2026,20218.51,USD,Davis-Mitchell,2001,booked
ERP-300540,REF-259746,08-04-2026,13410.46,GBP,Fitzgerald PLC,3050,booked
ERP-300541,REF-519369,07-03-2026,11689.42,EUR,"Moss, Atkins and Daniels",4010,booked
ERP-300542,REF-434232,15-04-2026,10607.84,GBP,Jackson LLC,3050,booked
ERP-300543,REF-517654,15-02-2026,15106.96,GBP,Wilson and Sons,2001,booked
ERP-300544,REF-933868,14-03-2026,17927.15,USD,Cox-Hickman,3050,booked
ERP-300545,REF-149064,05-03-2026,4973.81,USD,Skinner Ltd,3050,booked
ERP-300546,REF-659380,25-04-2026,3298.17,EUR,Hamilton-Bautista,3050,booked
ERP-300547,REF-830288,08-02-2026,12358.12,USD,"Garner, Lawson and Richard",4010,booked
ERP-300548,REF-951739,03-04-2026,5677.87,USD,Mitchell-Jones,4010,booked
ERP-300549,REF-583072,16-03-2026,6766.05,USD,Elliott-Wallace,4010,booked
ERP-300550,REF-186816,02-04-2026,5665.12,EUR,"Thompson, Cooper and Young",2002,booked
ERP-300551,REF-719208,15-04-2026,12203.95,EUR,Ingram PLC,2002,booked
ERP-300552,,05-02-2026,19506.03,USD,"Adams, Rodriguez and Walker",4010,booked
ERP-300553,REF-471643,11-01-2026,8815.12,USD,"Walker, Garcia and Mcguire",2002,booked
ERP-300554,REF-736955,09-03-2026,10082.24,GBP,Jones-Graham,4010,booked
ERP-300555,REF-964098,04-04-2026,9812.9,USD,Jones Group,2002,booked
ERP-300556,REF-296444,22-01-2026,4276.56,GBP,"Adams, Rodriguez and Walker",2001,booked
ERP-300557,REF-147371,15-01-2026,12220.48,USD,Bowers Ltd,3050,booked
ERP-300558,REF-114219,28-02-2026,16593.63,EUR,"Snow, Rodgers and Miller",2001,booked
ERP-300559,REF-316329,16-02-2026,6128.09,GBP,"Fleming, King and Herring",4010,booked
ERP-300560,REF-143096,25-01-2026,14738.97,EUR,Newman-Thomas,2002,booked
ERP-300561,,27-03-2026,13091.57,EUR,Gardner Inc,2002,booked
ERP-300562,REF-906234,27-03-2026,8771.7,EUR,"Ward, Garcia and Henry",4010,booked
ERP-300563,REF-416693,28-04-2026,10578.52,USD,"Hansen, Herrera and Taylor",3050,booked
ERP-300564,REF-292279,11-03-2026,14177.46,GBP,Jacobs PLC,2001,booked
ERP-300565,REF-247414,07-04-2026,23938.36,EUR,"Best, Simon and Turner",4010,booked
ERP-300566,REF-156986,18-04-2026,20191.84,GBP,Jones-Turner,2002,booked
ERP-300567,REF-808502,29-01-2026,14062.18,EUR,Ramsey-Caldwell,2002,booked
ERP-300568,REF-630374,17-04-2026,5127.23,EUR,"Murphy, Jordan and Whitney",2001,booked
ERP-300569,REF-636362,22-01-2026,4640.58,GBP,Esparza-Carroll,4010,booked
ERP-300570,REF-691616,16-01-2026,3725.46,EUR,Farrell-Willis,3050,booked
ERP-300571,,14-02-2026,12528.44,GBP,Kirk-Morales,4010,booked
ERP-300572,REF-842916,15-03-2026,9428.66,EUR,"Smith, Guerra and Holmes",2001,booked
ERP-300573,REF-896822,11-02-2026,12498.36,GBP,Moore LLC,2001,booked
ERP-300574,REF-282522,29-04-2026,11052.17,EUR,"Savage, Garcia and Robinson",2001,booked
ERP-300575,REF-134853,27-01-2026,15737.16,GBP,Li-Martinez,3050,booked
ERP-300576,,13-04-2026,15471.51,GBP,Elliott-Wallace,3050,booked
ERP-300577,REF-475290,01-04-2026,23058.78,EUR,"Collins, Gardner and Shaw",3050,booked
ERP-300578,REF-373553,23-02-2026,16339.47,USD,"Taylor, Zavala and Bates",2001,booked
ERP-300579,REF-678211,24-04-2026,23748.95,GBP,Cochran Inc,4010,booked
ERP-300580,REF-605595,12-03-2026,17056.48,GBP,Li-Jones,2001,booked
ERP-300581,REF-889125,06-04-2026,14725.72,USD,"Howard, Russo and Smith",2002,booked
ERP-300582,REF-180534,26-03-2026,15162.94,EUR,Phillips-Wyatt,2002,booked
ERP-300583,REF-667719,31-03-2026,13182.93,EUR,Mccoy Ltd,2002,booked
ERP-300584,REF-901313,25-03-2026,920.8,USD,Rhodes Ltd,4010,booked
ERP-300585,REF-293385,18-02-2026,11114.39,USD,"Peterson, Hood and Arroyo",4010,booked
ERP-300586,REF-214515,14-04-2026,21646.91,GBP,Welch-Peck,2001,booked
ERP-300587,REF-362073,11-01-2026,7035.49,GBP,Vincent-Mcclure,4010,booked
ERP-300588,REF-138801,01-03-2026,11581.54,EUR,"Garza, Barker and Maddox",4010,booked
ERP-300589,,19-01-2026,3202.38,GBP,Bryant LLC,3050,booked
ERP-300590,,14-02-2026,13522.52,USD,Rodriguez LLC,3050,booked
ERP-300591,REF-408347,02-03-2026,8391.27,EUR,Dudley Ltd,4010,booked
ERP-300592,REF-899656,18-02-2026,20772.4,USD,Schneider Ltd,3050,booked
ERP-300593,REF-904932,13-04-2026,22778.96,EUR,Jenkins-Henderson,4010,booked
ERP-300594,REF-696998,30-01-2026,15140.33,EUR,Gonzalez Inc,2002,booked
ERP-300595,REF-226656,22-01-2026,22499.31,EUR,"Robinson, Bauer and Brown",4010,booked
ERP-300596,REF-830782,21-02-2026,22608.9,EUR,"Hernandez, Wade and Rodriguez",4010,booked
ERP-300597,REF-600281,07-04-2026,18523.92,EUR,Zimmerman and Sons,2001,booked
ERP-300598,REF-691534,07-01-2026,5825.78,EUR,"Wilson, Robertson and Gonzalez",3050,booked
ERP-300599,REF-464218,13-01-2026,14389.07,GBP,Davis PLC,2002,booked
ERP-300600,REF-937803,10-03-2026,708.07,USD,Stone and Sons,4010,booked
ERP-300601,REF-867173,05-02-2026,12344.06,USD,Elliott-Wallace,3050,booked
ERP-300602,REF-839354,13-01-2026,22309.51,USD,"Gray, Williams and Weaver",3050,booked
ERP-300603,REF-620855,04-04-2026,11766.13,EUR,"Russell, Scott and Ramsey",2002,booked
ERP-300604,REF-288811,26-03-2026,15951.92,EUR,Wilson and Sons,4010,booked
ERP-300605,REF-284753,15-01-2026,8151.79,GBP,"Nguyen, Williams and Smith",2002,booked
ERP-300606,REF-909289,13-03-2026,22248.02,EUR,Roach and Sons,4010,booked
ERP-300607,REF-917419,27-01-2026,5552.22,USD,Wilson Group,2001,booked
ERP-300608,REF-661483,16-02-2026,16381.92,GBP,Kirk-Morales,2001,booked
ERP-300609,REF-517267,06-03-2026,21140.91,GBP,"Nelson, Bowers and Cooper",2001,booked
ERP-300610,REF-115457,03-01-2026,1870.41,GBP,Kirk-Henson,2002,booked
ERP-300611,REF-494873,02-03-2026,2514.49,GBP,Young-Hudson,2001,booked
ERP-300612,REF-908667,20-02-2026,11320.45,GBP,"Murphy, Jordan and Whitney",2001,booked
ERP-300613,REF-858154,08-03-2026,3554.73,GBP,Davis PLC,2002,booked
ERP-300614,REF-428221,05-03-2026,18882.07,EUR,Prince-Martinez,4010,booked
ERP-300615,REF-544787,24-04-2026,21746.99,USD,"Bates, Diaz and Lowe",3050,booked
ERP-300616,,07-02-2026,14106.16,USD,Roberts LLC,4010,booked
ERP-300617,REF-426988,01-01-2026,4501.16,EUR,Smith and Sons,2001,booked
ERP-300618,REF-546867,16-04-2026,23198.79,EUR,"Rodriguez, Sutton and Santiago",3050,booked
ERP-300619,REF-776153,17-03-2026,14102.4,USD,Pena Inc,2002,booked
ERP-300620,REF-181566,11-02-2026,3604.75,EUR,Joseph Group,3050,booked
ERP-300621,REF-181998,09-03-2026,7811.25,GBP,Washington-West,4010,booked
ERP-300622,REF-483450,21-04-2026,16311.0,USD,"Murphy, Jordan and Whitney",3050,booked
ERP-300623,REF-113625,06-03-2026,2375.36,EUR,Kim Group,4010,booked
ERP-300624,REF-282212,04-03-2026,24930.86,GBP,Allen-Taylor,2001,booked
ERP-300625,REF-202210,10-02-2026,1424.8,GBP,Roach and Sons,4010,booked
ERP-300626,REF-302312,09-01-2026,10424.06,GBP,Roach and Sons,3050,booked
ERP-300627,REF-830115,18-04-2026,2964.92,EUR,"George, Lewis and Mitchell",4010,booked
ERP-300628,REF-977981,09-02-2026,2054.84,GBP,Zimmerman Group,2002,booked
ERP-300629,REF-371952,07-02-2026,6838.17,USD,"Curry, Wolfe and Ramirez",2002,booked
ERP-300630,REF-950299,24-03-2026,24844.05,EUR,Pierce Inc,2002,booked
ERP-300631,REF-691155,17-02-2026,11893.37,EUR,"Fox, Hernandez and Ryan",3050,booked
ERP-300632,REF-888576,24-01-2026,7674.23,EUR,Prince-Martinez,3050,booked
ERP-300633,REF-541435,14-01-2026,1027.22,USD,"Owens, Peters and White",3050,booked
ERP-300634,REF-931377,09-02-2026,19719.52,USD,Anderson LLC,2002,booked
ERP-300635,REF-600531,01-01-2026,3874.59,GBP,Dudley Ltd,2002,booked
ERP-300636,REF-807526,15-04-2026,10012.09,EUR,"Molina, Wells and Bright",3050,booked
ERP-300637,,28-04-2026,12548.86,USD,Fitzpatrick-Henderson,4010,booked
ERP-300638,,17-04-2026,4508.46,EUR,"Drake, Torres and Murray",4010,booked
ERP-300639,REF-371213,24-02-2026,10575.87,USD,Wilson Ltd,4010,booked
ERP-300640,REF-453491,01-01-2026,21761.1,USD,Schneider Ltd,3050,booked
ERP-300641,REF-958961,09-04-2026,6326.86,EUR,"Thompson, Cooper and Young",2001,booked
ERP-300642,REF-617420,23-03-2026,13386.26,USD,"Brown, Middleton and Williams",2001,booked
ERP-300643,REF-767671,13-02-2026,9563.28,GBP,Rose-Gonzales,2002,booked
ERP-300644,REF-595890,15-03-2026,17364.07,USD,Dudley Ltd,4010,booked
ERP-300645,REF-728180,01-03-2026,16438.89,EUR,Matthews PLC,2001,booked
ERP-300646,REF-565969,16-04-2026,8590.19,EUR,Pierce Inc,3050,booked
ERP-300647,REF-590083,28-03-2026,7618.22,EUR,"Hernandez, Hill and Hull",2001,booked
ERP-300648,REF-698469,15-01-2026,2447.07,USD,Brown LLC,3050,booked
ERP-300649,REF-523589,29-01-2026,12570.06,GBP,"Ball, Henderson and Caldwell",2001,booked
ERP-300650,REF-530224,23-02-2026,9599.25,GBP,Gonzalez Inc,3050,booked
ERP-300651,REF-636174,12-03-2026,592.42,GBP,"Collins, Gardner and Shaw",4010,booked
ERP-300652,REF-935456,31-01-2026,11493.34,GBP,Crawford Ltd,4010,booked
ERP-300653,REF-921079,10-01-2026,21679.89,EUR,Pennington PLC,4010,booked
ERP-300654,REF-988217,19-01-2026,10729.0,USD,Hawkins-Saunders,2001,booked
ERP-300655,REF-356616,07-04-2026,11469.59,GBP,Randolph and Sons,3050,booked
ERP-300656,REF-764686,14-03-2026,17852.23,EUR,Mcdowell-Watts,2002,booked
ERP-300657,REF-633296,03-04-2026,14616.26,EUR,"Snow, Rodgers and Miller",4010,booked
ERP-300658,REF-167898,27-03-2026,4405.3,EUR,"Robinson, Bauer and Brown",3050,booked
ERP-300659,REF-632064,12-02-2026,16614.5,EUR,"Evans, Conway and Hall",4010,booked
ERP-300660,REF-390955,12-03-2026,4456.33,GBP,Matthews PLC,2001,booked
ERP-300661,REF-601532,26-01-2026,7988.49,GBP,Gonzalez-Pennington,2002,booked
ERP-300662,REF-363976,01-01-2026,14733.72,GBP,Reed PLC,3050,booked
ERP-300663,REF-106833,04-03-2026,15657.4,USD,Jones-Taylor,2001,booked
ERP-300664,REF-420218,06-03-2026,19077.24,USD,Ibarra-Clark,2002,booked
ERP-300665,REF-724143,25-03-2026,8158.89,GBP,Davis PLC,4010,booked
ERP-300666,,08-04-2026,14093.08,EUR,Dickson-Padilla,4010,booked
ERP-300667,REF-874915,13-03-2026,19778.23,EUR,Gardner Inc,4010,booked
ERP-300668,REF-393750,01-02-2026,17202.83,GBP,"Salinas, Barnes and Cooper",4010,booked
ERP-300669,REF-309709,15-03-2026,20612.16,USD,Mcclain-Jensen,3050,booked
ERP-300670,REF-436873,24-01-2026,22629.96,EUR,Wright Group,2001,booked
ERP-300671,REF-116988,17-02-2026,20796.07,USD,Fitzgerald PLC,2001,booked
ERP-300672,REF-176633,07-04-2026,14358.78,EUR,Mitchell-Jones,4010,booked
ERP-300673,REF-108952,03-01-2026,14379.08,USD,"Collins, Gardner and Shaw",2002,booked
ERP-300674,REF-659333,04-01-2026,5173.45,USD,Cobb Group,2002,booked
ERP-300675,REF-560996,23-04-2026,19314.32,USD,Elliott-Wallace,2002,booked
ERP-300676,REF-270795,16-01-2026,12679.92,GBP,"Drake, Torres and Murray",2001,booked
ERP-300677,,20-04-2026,206.21,EUR,Smith-Gaines,2002,booked
ERP-300678,REF-263324,08-03-2026,4454.53,USD,"Hernandez, Wade and Rodriguez",2002,booked
ERP-300679,,16-02-2026,18555.62,GBP,"Smith, Guerra and Holmes",2002,booked
ERP-300680,REF-899541,18-02-2026,22841.58,USD,Stone and Sons,4010,booked
ERP-300681,REF-599377,09-02-2026,3381.77,GBP,Joseph Group,2002,booked
ERP-300682,REF-186181,26-03-2026,20141.05,USD,Hernandez-Diaz,2002,booked
ERP-300683,REF-872182,16-03-2026,8215.4,EUR,"Brown, Middleton and Williams",3050,booked
ERP-300684,REF-325272,27-02-2026,4714.01,GBP,Mccoy-Mccarthy,4010,booked
ERP-300685,REF-997805,27-03-2026,19305.89,EUR,Li-Martinez,3050,booked
ERP-300686,REF-557351,27-02-2026,3179.32,EUR,Ibarra-Clark,3050,booked
ERP-300687,REF-656334,21-04-2026,13151.23,USD,Randall-Kerr,4010,booked
ERP-300688,REF-410899,21-02-2026,21460.92,EUR,"Luna, Morris and Gill",2001,booked
ERP-300689,REF-604293,19-01-2026,1504.08,EUR,"Cox, Fernandez and Baker",3050,booked
ERP-300690,REF-875584,03-04-2026,3532.5,EUR,"Pineda, Travis and Jones",4010,booked
ERP-300691,REF-739668,06-04-2026,7488.08,USD,Morris Inc,2002,booked
ERP-300692,REF-405247,08-04-2026,21909.15,GBP,"Salinas, Barnes and Cooper",3050,booked
ERP-300693,REF-540030,12-02-2026,22620.67,GBP,Jones-Fuentes,4010,booked
ERP-300694,REF-644176,19-03-2026,14027.75,GBP,"Bell, Pollard and Berry",2001,booked
ERP-300695,REF-648159,15-03-2026,8698.93,EUR,Jones-Turner,2001,booked
ERP-300696,REF-816189,15-04-2026,18233.21,EUR,Robinson Group,3050,booked
ERP-300697,REF-193186,20-04-2026,19529.68,USD,Cooper PLC,2002,booked
ERP-300698,REF-453371,14-02-2026,6635.39,GBP,Lee-Taylor,2001,booked
ERP-300699,REF-376163,20-04-2026,4985.52,USD,Mccoy-Mccarthy,2002,booked
ERP-300700,REF-335372,05-03-2026,16696.35,EUR,Thornton and Sons,4010,booked
ERP-300701,REF-935502,01-04-2026,15690.7,EUR,"Hansen, Herrera and Taylor",2002,booked
ERP-300702,,10-03-2026,2438.12,GBP,Moore LLC,2002,booked
ERP-300703,REF-160341,25-03-2026,577.33,EUR,Walters LLC,2002,booked
ERP-300704,REF-807440,31-03-2026,16553.48,EUR,Murray Group,2001,booked
ERP-300705,REF-269038,04-04-2026,15355.92,GBP,"Howard, Russo and Smith",4010,booked
ERP-300706,REF-988422,18-01-2026,20127.73,EUR,Davis PLC,2001,booked
ERP-300707,REF-162019,13-03-2026,13108.59,USD,Roach and Sons,4010,booked
ERP-300708,REF-816367,13-01-2026,4565.12,USD,Hammond Ltd,3050,booked
ERP-300709,REF-289180,29-03-2026,23377.44,USD,Mitchell-Byrd,3050,booked
ERP-300710,REF-523923,12-04-2026,3556.0,EUR,Wade PLC,2002,booked
ERP-300711,REF-307661,08-04-2026,7081.97,USD,Howe and Sons,2001,booked
ERP-300712,REF-422038,12-01-2026,13200.56,USD,Wade PLC,4010,booked
ERP-300713,,07-03-2026,18470.04,GBP,Dickson Inc,4010,booked
ERP-300714,REF-404550,29-04-2026,5170.6,GBP,"Miller, Anderson and Padilla",2002,booked
ERP-300715,REF-698254,29-03-2026,15553.55,EUR,Best Inc,2001,booked
ERP-300716,REF-904390,31-03-2026,15672.76,EUR,Allen Group,4010,booked
ERP-300717,REF-697801,20-04-2026,7138.05,EUR,"Rodriguez, Sutton and Santiago",2001,booked
ERP-300718,REF-899582,11-01-2026,5735.41,EUR,"Short, Moore and Douglas",2001,booked
ERP-300719,,21-04-2026,14230.81,USD,"Wilson, Robertson and Gonzalez",4010,booked
ERP-300720,REF-683902,06-02-2026,1757.84,USD,"Waller, Bass and Mitchell",2001,booked
ERP-300721,REF-506351,15-04-2026,9545.8,GBP,Welch-Peck,2002,booked
ERP-300722,REF-767625,14-02-2026,17079.96,GBP,Davis Group,4010,booked
ERP-300723,REF-530305,28-02-2026,20141.13,USD,Allen Group,4010,booked
ERP-300724,REF-518259,27-03-2026,11601.34,EUR,"Martinez, Joseph and Simmons",3050,booked
ERP-300725,,14-01-2026,5357.5,USD,Allen Ltd,2002,booked
ERP-300726,REF-882208,04-02-2026,9664.62,GBP,Anderson-Parks,2001,booked
ERP-300727,REF-994016,12-02-2026,2166.61,USD,Johnson Inc,2002,booked
ERP-300728,REF-259401,21-01-2026,7261.28,USD,Roberts Group,2001,booked
ERP-300729,REF-497798,02-03-2026,18897.95,USD,"Rodriguez, Evans and Patterson",2001,booked
ERP-300730,REF-754344,18-01-2026,22165.11,USD,"Curry, Wolfe and Ramirez",4010,booked
ERP-300731,REF-638362,25-01-2026,24792.75,EUR,Kim Group,4010,booked
ERP-300732,REF-236996,05-01-2026,16493.78,EUR,Mccoy Ltd,3050,booked
ERP-300733,REF-302273,12-03-2026,3330.19,EUR,"Hansen, Herrera and Taylor",2002,booked
ERP-300734,REF-348455,13-04-2026,9350.37,USD,"Roberts, Frazier and Smith",2001,booked
ERP-300735,REF-196158,24-01-2026,17611.09,USD,Cochran Inc,2002,booked
ERP-300736,REF-293910,26-02-2026,11743.53,GBP,Roach and Sons,2002,booked
ERP-300737,REF-532308,18-03-2026,4081.53,GBP,"Thompson, Cooper and Young",2001,booked
ERP-300738,REF-901566,28-03-2026,15505.64,EUR,Rose-Gonzales,4010,booked
ERP-300739,REF-672435,10-02-2026,9276.82,EUR,Rogers Inc,4010,booked
ERP-300740,,11-04-2026,10504.44,USD,"Cox, Fernandez and Baker",4010,booked
ERP-300741,REF-621480,03-01-2026,3768.75,EUR,Mullins-Cabrera,2001,booked
ERP-300742,REF-840319,11-02-2026,8850.4,USD,Smith and Sons,4010,booked
ERP-300743,REF-395590,09-03-2026,15300.38,GBP,Allen and Sons,3050,booked
ERP-300744,REF-457309,13-03-2026,15855.94,EUR,Robbins LLC,3050,booked
ERP-300745,REF-255561,07-04-2026,12786.24,USD,Arnold-Beck,2002,booked
ERP-300746,REF-750801,16-04-2026,15835.92,EUR,Morgan-Mckinney,2001,booked
ERP-300747,REF-628617,13-04-2026,18393.98,USD,Simmons-Green,4010,booked
ERP-300748,REF-500576,22-03-2026,19400.53,USD,Hays-Dalton,3050,booked
ERP-300749,REF-972210,10-02-2026,13825.56,EUR,Roberts LLC,2001,booked
ERP-300750,REF-166980,05-03-2026,18076.35,GBP,Reeves Ltd,2001,booked
ERP-300751,,30-03-2026,13128.87,GBP,Spears-Beck,2002,booked
ERP-300752,REF-343967,08-04-2026,11980.36,USD,Jones Group,2001,booked
ERP-300753,REF-711046,30-01-2026,5023.11,USD,Ingram PLC,3050,booked
ERP-300754,,07-04-2026,12784.22,USD,Juarez-Jones,2001,booked
ERP-300755,REF-697905,08-04-2026,18576.76,USD,Walters PLC,2002,booked
ERP-300756,REF-507446,03-04-2026,21512.44,USD,Cooper PLC,2001,booked
ERP-300757,REF-566679,08-02-2026,21432.72,EUR,Joseph Group,2001,booked
ERP-300758,REF-579123,03-02-2026,22465.58,EUR,Roberts LLC,3050,booked
ERP-300759,REF-166357,03-03-2026,6769.92,GBP,Randall-Kerr,3050,booked
ERP-300760,REF-940896,26-01-2026,17754.8,GBP,Webster and Sons,2001,booked
ERP-300761,REF-960581,28-02-2026,7180.76,USD,Shaw-Stuart,2002,booked
ERP-300762,REF-477832,22-02-2026,20360.33,EUR,Morris Inc,2002,booked
ERP-300763,REF-930763,15-04-2026,21281.17,GBP,"Cox, Fernandez and Baker",3050,booked
ERP-300764,REF-514146,12-03-2026,12242.27,EUR,Dudley Ltd,2001,booked
ERP-300765,,31-01-2026,12392.69,USD,Wong PLC,4010,booked
ERP-300766,REF-522576,26-03-2026,23776.54,EUR,Robinson Group,2001,booked
ERP-300767,REF-665200,07-04-2026,6413.16,EUR,Arnold-Beck,2001,booked
ERP-300768,REF-732929,31-01-2026,11380.79,GBP,"Johnson, Phillips and Brown",4010,booked
ERP-300769,,05-02-2026,1750.76,USD,Moore LLC,3050,booked
ERP-300770,REF-180552,18-04-2026,10682.62,GBP,"Frey, Mcgee and Bailey",4010,booked
ERP-300771,REF-245967,22-01-2026,20215.25,USD,Cobb Group,2001,booked
ERP-300772,REF-684352,25-02-2026,10480.15,USD,"Yu, Nguyen and Wood",4010,booked
ERP-300773,,13-03-2026,16505.05,GBP,Dudley Ltd,2001,booked
ERP-300774,REF-798258,09-03-2026,12767.15,USD,Reynolds-Harris,2001,booked
ERP-300775,,19-01-2026,3674.16,USD,"Liu, Parsons and Delacruz",3050,booked
ERP-300776,REF-861785,27-03-2026,19521.28,USD,King-George,4010,booked
ERP-300777,REF-188963,13-03-2026,15005.55,EUR,"Owen, Gibson and Johnson",4010,booked
ERP-300778,REF-815321,29-04-2026,12798.21,EUR,Walters LLC,3050,booked
ERP-300779,REF-428258,30-01-2026,21871.92,GBP,Fitzgerald PLC,2002,booked
ERP-300780,REF-820480,25-01-2026,20061.05,GBP,"Thompson, Cooper and Young",4010,booked
ERP-300781,REF-383891,02-04-2026,9390.59,EUR,Reynolds-Torres,4010,booked
ERP-300782,REF-390551,16-04-2026,23370.41,GBP,"Clarke, Johnson and Watson",3050,booked
ERP-300783,REF-173693,19-04-2026,19009.11,USD,Allen Group,3050,booked
ERP-300784,REF-748347,29-01-2026,7122.6,USD,Ford Ltd,2001,booked
ERP-300785,REF-743964,05-04-2026,23862.97,USD,"Roberts, Frazier and Smith",3050,booked
ERP-300786,REF-323753,27-02-2026,10893.95,GBP,Pennington PLC,3050,booked
ERP-300787,REF-506743,20-03-2026,8068.95,EUR,"Owens, Peters and White",4010,booked
ERP-300788,REF-690672,29-03-2026,15020.88,EUR,"Murphy, Jordan and Whitney",3050,booked
ERP-300789,REF-372482,27-04-2026,8722.05,EUR,Johnson-Ruiz,2001,booked
ERP-300790,REF-256268,27-02-2026,6278.52,GBP,Howard LLC,4010,booked
ERP-300791,REF-946964,03-01-2026,23551.85,USD,Rodriguez LLC,3050,booked
ERP-300792,REF-121724,15-04-2026,21388.8,EUR,Fitzgerald PLC,2002,booked
ERP-300793,REF-242505,18-02-2026,16012.4,USD,Smith and Sons,4010,booked
ERP-300794,REF-138185,14-04-2026,4193.22,EUR,Kennedy-Marks,2002,booked
ERP-300795,REF-719110,27-02-2026,10902.55,GBP,Rivera-Stanley,2002,booked
ERP-300796,,01-02-2026,11595.9,EUR,Flynn-Matthews,4010,booked
ERP-300797,REF-631331,09-02-2026,1717.2,EUR,Maxwell-Shepherd,3050,booked
ERP-300798,REF-229287,16-03-2026,7141.06,USD,"Drake, Torres and Murray",2002,booked
ERP-300799,,20-02-2026,2352.41,EUR,Jones-Graham,2001,booked
ERP-300800,REF-606110,04-04-2026,4105.7,USD,Hodge PLC,3050,booked
ERP-300801,REF-800188,20-01-2026,15797.32,EUR,"Graham, Ferguson and Hill",4010,booked
ERP-300802,REF-370157,13-04-2026,1305.88,GBP,Mcclain-Jensen,4010,booked
ERP-300803,REF-270336,01-02-2026,14175.16,EUR,Cochran Inc,3050,booked
ERP-300804,REF-615753,23-04-2026,2977.7,USD,"Salinas, Barnes and Cooper",2001,booked
ERP-300805,REF-549359,11-03-2026,19909.95,USD,Schneider Ltd,3050,booked
ERP-300806,REF-424814,22-01-2026,16659.8,USD,Reynolds LLC,3050,booked
ERP-300807,REF-742501,17-04-2026,15395.49,GBP,"Chavez, Davis and Walton",3050,booked
ERP-300808,,14-04-2026,16633.59,GBP,Davis PLC,2001,booked
ERP-300809,REF-570726,14-01-2026,14702.39,USD,Rivera-Stanley,3050,booked
ERP-300810,REF-151288,09-01-2026,3934.36,USD,Hammond Ltd,2002,booked
ERP-300811,REF-197744,23-02-2026,210.78,USD,Davis Group,3050,booked
ERP-300812,REF-964366,09-04-2026,8446.07,USD,Reynolds-Torres,3050,booked
ERP-300813,REF-448762,06-02-2026,13481.34,EUR,Mckinney-Cooper,3050,booked
ERP-300814,,27-03-2026,22290.54,USD,Nguyen-Roberts,3050,booked
ERP-300815,REF-708358,05-03-2026,19228.3,GBP,Flynn-Matthews,2002,booked
ERP-300816,REF-885813,17-01-2026,23665.8,USD,"Evans, Conway and Hall",2001,booked
ERP-300817,REF-103489,20-04-2026,1928.74,USD,Phillips-Wyatt,4010,booked
ERP-300818,REF-927326,15-02-2026,16708.26,EUR,"Hobbs, Blanchard and Porter",3050,booked
ERP-300819,REF-946489,14-01-2026,768.98,EUR,"Gray, Williams and Weaver",4010,booked
ERP-300820,REF-144003,26-01-2026,9697.21,GBP,Shaw-Stuart,2001,booked
ERP-300821,REF-678399,12-03-2026,14832.32,EUR,Garcia and Sons,2002,booked
ERP-300822,REF-456454,05-02-2026,17405.27,EUR,Smith Ltd,2001,booked
ERP-300823,REF-449999,09-04-2026,9079.24,USD,Hodge PLC,2001,booked
ERP-300824,REF-449455,26-03-2026,7814.51,EUR,Leach-Walker,2002,booked
ERP-300825,REF-696655,25-03-2026,2073.17,USD,"Short, Moore and Douglas",2002,booked
ERP-300826,REF-321257,25-02-2026,12329.0,USD,"Pena, Jones and Sanchez",3050,booked
ERP-300827,REF-525244,15-01-2026,16217.23,EUR,Joseph Group,2001,booked
ERP-300828,REF-218083,05-02-2026,17109.6,USD,Hunt PLC,3050,booked
ERP-300829,REF-388426,29-03-2026,24431.82,EUR,Garcia Ltd,4010,booked
ERP-300830,REF-581031,06-04-2026,11602.97,USD,"Pena, Jones and Sanchez",2002,booked
ERP-300831,REF-599997,18-04-2026,11247.34,GBP,Jones-Graham,3050,booked
ERP-300832,REF-790271,04-02-2026,13062.66,GBP,"Evans, Conway and Hall",2001,booked
ERP-300833,REF-695539,23-02-2026,8201.23,GBP,Griffin Inc,4010,booked
ERP-300834,REF-999464,06-01-2026,15624.87,USD,"Martinez, Joseph and Simmons",2001,booked
ERP-300835,REF-176130,05-04-2026,5143.86,EUR,Shaw-Decker,3050,booked
ERP-300836,REF-457369,12-01-2026,16084.41,EUR,Kirk-Morales,3050,booked
ERP-300837,REF-703638,30-01-2026,2524.84,GBP,"Clarke, Johnson and Watson",2001,booked
ERP-300838,REF-239070,26-01-2026,18317.69,USD,Kirk-Morales,4010,booked
ERP-300839,REF-496452,02-03-2026,3869.39,USD,Mcdowell-Watts,2002,booked
ERP-300840,REF-810034,24-04-2026,6671.85,GBP,Edwards-Boyd,3050,booked
ERP-300841,REF-525529,26-01-2026,15166.88,GBP,Holmes and Sons,4010,booked
ERP-300842,REF-643114,07-01-2026,22735.59,GBP,Ramsey-Caldwell,3050,booked
ERP-300843,REF-614335,24-02-2026,13733.96,USD,Mckinney-Cooper,3050,booked
ERP-300844,REF-902663,05-01-2026,24818.98,EUR,"Savage, Garcia and Robinson",3050,booked
ERP-300845,REF-257050,03-04-2026,1454.76,GBP,Thornton and Sons,2001,booked
ERP-300846,REF-926602,21-03-2026,3785.67,EUR,Colon Group,3050,booked
ERP-300847,REF-228914,14-03-2026,13262.63,EUR,"Lewis, Joyce and Robertson",2001,booked
ERP-300848,REF-352067,27-01-2026,15634.8,USD,Lewis-Robinson,4010,booked
ERP-300849,REF-682791,24-04-2026,6339.06,GBP,"Pineda, Travis and Jones",2001,booked
ERP-300850,REF-168713,28-03-2026,10007.73,USD,"Frey, Mcgee and Bailey",2002,booked
ERP-300851,REF-324263,25-02-2026,9222.21,GBP,"Waller, Bass and Mitchell",2001,booked
ERP-300852,REF-669868,13-02-2026,4685.06,USD,Shaw-Stuart,2001,booked
ERP-300853,REF-287123,08-03-2026,9225.09,GBP,Colon Group,2002,booked
ERP-300854,REF-651773,17-04-2026,24244.05,EUR,Maxwell-Shepherd,2001,booked
ERP-300855,REF-722138,31-01-2026,13620.84,GBP,Mullins-Cabrera,4010,booked
ERP-300856,REF-584141,13-01-2026,18966.0,EUR,"Collins, Gardner and Shaw",2002,booked
ERP-300857,REF-821836,01-02-2026,20943.98,GBP,Green Ltd,3050,booked
ERP-300858,REF-733016,09-02-2026,3369.81,USD,"Hernandez, Greer and Jackson",4010,booked
ERP-300859,REF-326057,01-05-2026,4887.78,GBP,Mata Inc,4010,booked
ERP-300860,REF-122286,22-03-2026,23518.18,USD,Johnson-Ruiz,2001,booked
ERP-300861,REF-517155,19-02-2026,13018.41,USD,Smith-Ortiz,3050,booked
ERP-300862,REF-292312,12-03-2026,1325.0,EUR,Jones-Fuentes,2001,booked
ERP-300863,REF-932371,01-01-2026,2917.82,EUR,Griffin Inc,2001,booked
ERP-300864,REF-824679,27-02-2026,1358.67,GBP,Goodwin-Martinez,2002,booked
ERP-300865,REF-756369,21-03-2026,10086.31,GBP,Brown Ltd,2002,booked
ERP-300866,REF-122306,07-02-2026,3694.62,GBP,"Nelson, Bowers and Cooper",2002,booked
ERP-300867,REF-687043,14-03-2026,19412.31,EUR,"Graham, Garrett and Caldwell",2002,booked
ERP-300868,REF-736203,08-03-2026,7754.81,GBP,Hunt-Whitney,2001,booked
ERP-300869,REF-555237,20-03-2026,24540.41,GBP,Coffey-Howell,3050,booked
ERP-300870,REF-689083,02-01-2026,10187.95,USD,"Ramirez, Hernandez and Fox",3050,booked
ERP-300871,REF-934963,17-03-2026,9981.8,USD,Esparza-Carroll,4010,booked
ERP-300872,REF-900329,17-04-2026,1588.56,USD,"Miller, Anderson and Padilla",3050,booked
ERP-300873,REF-873566,20-04-2026,2025.61,GBP,Gonzalez-Pennington,4010,booked
ERP-300874,REF-270196,20-02-2026,11030.22,GBP,"Molina, Wells and Bright",4010,booked
ERP-300875,REF-150011,29-04-2026,18131.58,EUR,Arnold-Beck,2002,booked
ERP-300876,REF-279567,02-04-2026,23855.98,EUR,Robinson Group,4010,booked
ERP-300877,REF-590448,17-01-2026,5968.38,GBP,Washington-West,3050,booked
ERP-300878,REF-145090,07-03-2026,1218.45,EUR,Bowman LLC,4010,booked
ERP-300879,REF-114694,10-01-2026,16690.23,USD,"Russell, Scott and Ramsey",4010,booked
ERP-300880,REF-962500,22-04-2026,5865.77,EUR,Ford Ltd,2001,booked
ERP-300881,REF-620580,21-02-2026,11353.0,GBP,Roach and Sons,3050,booked
ERP-300882,REF-791593,28-03-2026,16855.23,USD,"Garner, Lawson and Richard",2002,booked
ERP-300883,REF-723033,07-04-2026,8201.63,EUR,Reed PLC,2001,booked
ERP-300884,REF-982653,26-03-2026,23786.21,GBP,Nguyen-Roberts,3050,booked
ERP-300885,,06-03-2026,8685.81,GBP,Prince-Martinez,4010,booked
ERP-300886,REF-758315,03-04-2026,6890.63,USD,Cooper Ltd,2002,booked
ERP-300887,REF-774554,12-04-2026,12360.33,GBP,"Bates, Diaz and Lowe",4010,booked
ERP-300888,REF-578816,29-03-2026,9538.96,GBP,"Davis, Kim and Ingram",4010,booked
ERP-300889,REF-769307,24-01-2026,4922.78,EUR,Bowman LLC,2002,booked
ERP-300890,REF-658933,24-01-2026,6536.69,GBP,Thompson-Washington,3050,booked
ERP-300891,REF-845134,13-03-2026,2577.96,GBP,Kelly-Murphy,2002,booked
ERP-300892,REF-808236,23-04-2026,214.87,EUR,Barrera Group,3050,booked
ERP-300893,,14-01-2026,2227.98,EUR,Allen-Taylor,3050,booked
ERP-300894,REF-907151,06-02-2026,23819.45,USD,Gallegos-Stewart,3050,booked
ERP-300895,REF-948400,13-03-2026,10069.79,USD,"Davis, Kim and Ingram",3050,booked
ERP-300896,REF-762880,11-03-2026,24579.27,GBP,Robbins LLC,4010,booked
ERP-300897,REF-992351,30-04-2026,24635.02,USD,Ramsey-Caldwell,3050,booked
ERP-300898,REF-603871,13-02-2026,1754.33,USD,"Fox, Hernandez and Ryan",2002,booked
ERP-300899,REF-406884,03-04-2026,10591.23,GBP,Rhodes Ltd,2002,booked
ERP-300900,REF-250169,19-03-2026,20912.56,USD,Walters PLC,2002,booked
ERP-300901,REF-191322,01-04-2026,19179.2,EUR,Garcia Ltd,2001,booked
ERP-300902,REF-789625,18-02-2026,12785.43,GBP,Allen-Taylor,2002,booked
ERP-300903,REF-978560,24-01-2026,23146.73,GBP,"Clarke, Johnson and Watson",2002,booked
ERP-300904,REF-274654,25-04-2026,13839.58,USD,Lane-Hines,4010,booked
ERP-300905,,01-02-2026,5491.18,EUR,Zimmerman and Sons,2002,booked
ERP-300906,REF-358462,12-02-2026,11017.54,USD,Nguyen-White,2001,booked
ERP-300907,REF-482003,12-04-2026,20312.71,USD,Thompson-Campbell,4010,booked
ERP-300908,REF-639318,27-03-2026,8749.09,USD,Brown-Huynh,2001,booked
ERP-300909,REF-582570,15-01-2026,20371.45,GBP,Jimenez-Bradley,2002,booked
ERP-300910,REF-535771,15-03-2026,1440.8,USD,Dickson-Padilla,2002,booked
ERP-300911,REF-218184,15-01-2026,1361.25,GBP,"Best, Simon and Turner",2002,booked
ERP-300912,REF-407874,05-01-2026,23138.94,GBP,Wright Group,2001,booked
ERP-300913,REF-650309,22-03-2026,7129.15,GBP,Spears-Beck,3050,booked
ERP-300914,REF-929398,18-04-2026,24864.31,EUR,Wagner Ltd,3050,booked
ERP-300915,REF-665852,11-02-2026,4789.14,EUR,"Walker, Garcia and Mcguire",3050,booked
ERP-300916,REF-618895,13-03-2026,15365.92,EUR,Ford Ltd,2001,booked
ERP-300917,REF-817696,16-04-2026,8576.2,EUR,Mcdowell-Watts,4010,booked
ERP-300918,REF-564322,17-02-2026,9229.94,EUR,"Owen, Gibson and Johnson",2001,booked
ERP-300919,REF-224266,09-04-2026,2786.24,GBP,"Pena, Jones and Sanchez",2001,booked
ERP-300920,REF-862066,14-04-2026,13620.71,GBP,Li-Martinez,2001,booked
ERP-300921,REF-150120,11-01-2026,11562.11,USD,"Rogers, Anderson and Campos",3050,booked
ERP-300922,REF-366087,18-03-2026,11184.33,GBP,Fitzgerald-Watson,2001,booked
ERP-300923,REF-971044,31-01-2026,8847.01,USD,Simmons-Green,4010,booked
ERP-300924,REF-120602,05-01-2026,16671.75,USD,Kim Group,2002,booked
ERP-300925,REF-947073,05-01-2026,1081.37,GBP,Colon Group,4010,booked
ERP-300926,REF-530846,14-01-2026,9570.98,GBP,"Garcia, Mercado and West",3050,booked
ERP-300927,REF-115372,14-04-2026,14582.03,USD,Hays-Dalton,2002,booked
ERP-300928,REF-266050,18-04-2026,2664.64,EUR,Nguyen-White,2001,booked
ERP-300929,REF-976903,04-04-2026,2110.43,EUR,Hughes Inc,3050,booked
ERP-300930,REF-561744,15-03-2026,13060.61,GBP,Gray PLC,2002,booked
ERP-300931,REF-414106,11-01-2026,21056.92,EUR,Randall-Kerr,4010,booked
ERP-300932,REF-766253,27-03-2026,14475.43,GBP,Gonzalez-Mcdaniel,3050,booked
ERP-300933,REF-335018,13-03-2026,16862.96,GBP,Griffin Inc,3050,booked
ERP-300934,REF-360733,11-03-2026,20881.29,EUR,Arnold-Beck,2002,booked
ERP-300935,REF-673268,11-03-2026,20642.36,EUR,Vincent-Mcclure,2002,booked
ERP-300936,REF-703717,19-03-2026,24765.12,GBP,Crawford Ltd,2002,booked
ERP-300937,REF-598189,28-01-2026,17875.5,USD,Gray PLC,3050,booked
ERP-300938,REF-251670,05-03-2026,22663.07,EUR,Church Inc,4010,booked
ERP-300939,REF-640842,09-04-2026,22416.98,GBP,"Owen, Gibson and Johnson",4010,booked
ERP-300940,REF-337475,11-04-2026,6789.98,GBP,Hawkins-Saunders,4010,booked
ERP-300941,REF-456814,11-02-2026,14191.35,GBP,Anderson LLC,4010,booked
ERP-300942,REF-173802,15-01-2026,22231.62,USD,Flynn Group,2001,booked
ERP-300943,REF-722977,04-01-2026,9490.1,USD,"Luna, Morris and Gill",4010,booked
ERP-300944,REF-115052,21-01-2026,1273.81,EUR,"Hayes, Luna and Miller",2001,booked
ERP-300945,REF-937738,03-02-2026,10643.16,USD,Goodwin-Martinez,2001,booked
ERP-300946,REF-997135,21-01-2026,253.67,GBP,"Nguyen, Williams and Smith",2001,booked
ERP-300947,REF-490604,12-01-2026,1999.65,EUR,Cobb Group,4010,booked
ERP-300948,REF-182976,22-04-2026,24791.13,USD,Lopez-Stout,2001,booked
ERP-300949,REF-363432,09-03-2026,22990.06,USD,Walter Inc,3050,booked
ERP-300950,REF-229400,17-01-2026,23701.0,USD,Newman-Thomas,3050,booked
ERP-300951,REF-252716,05-04-2026,7148.04,EUR,"Taylor, Zavala and Bates",4010,booked
ERP-300952,REF-772677,24-03-2026,19109.83,USD,Bowman LLC,2001,booked
ERP-300953,REF-143728,16-04-2026,15178.34,EUR,Zimmerman Group,2001,booked
ERP-300954,REF-172481,07-03-2026,918.2,GBP,Hawkins-Saunders,4010,booked
ERP-300955,REF-661072,15-04-2026,1360.84,GBP,Kirk-Morales,3050,booked
ERP-300956,REF-752317,13-04-2026,21856.48,GBP,Pennington PLC,2001,booked
ERP-300957,REF-495147,02-02-2026,6874.17,EUR,Elliott-Wallace,2002,booked
ERP-300958,,15-01-2026,5975.72,USD,Contreras LLC,2002,booked
ERP-300959,REF-825263,09-01-2026,4413.84,USD,"Johnson, Harrison and Thomas",4010,booked
ERP-300960,REF-859699,28-04-2026,19926.57,EUR,Roach and Sons,3050,booked
ERP-300961,REF-809132,17-04-2026,10231.48,GBP,Brady-Ford,4010,booked
ERP-300962,REF-822502,03-01-2026,10952.43,USD,"Davis, Kim and Ingram",2002,booked
ERP-300963,REF-439666,11-03-2026,24669.87,USD,Hays-Dalton,2002,booked
ERP-300964,REF-860863,10-03-2026,7372.67,USD,"Lewis, Joyce and Robertson",4010,booked
ERP-300965,REF-489017,04-01-2026,19545.19,USD,"Snow, Rodgers and Miller",3050,booked
ERP-300966,REF-686225,15-03-2026,11377.44,GBP,Pena Inc,3050,booked
ERP-300967,REF-579113,04-03-2026,24288.6,USD,Jones-Turner,4010,booked
ERP-300968,REF-270623,23-01-2026,23500.64,EUR,Matthews PLC,3050,booked
ERP-300969,REF-917367,25-02-2026,12165.51,USD,Mccoy Ltd,2001,booked
ERP-300970,REF-988792,05-02-2026,11497.47,USD,Ramsey-Caldwell,3050,booked
ERP-300971,REF-540071,18-01-2026,17933.99,USD,Anderson LLC,4010,booked
ERP-300972,,10-02-2026,22150.57,USD,Richard LLC,2001,booked
ERP-300973,REF-115420,29-03-2026,20246.31,GBP,Davis PLC,4010,booked
ERP-300974,REF-999115,28-01-2026,10344.78,GBP,Brown Ltd,2001,booked
ERP-300975,REF-370340,05-01-2026,5350.1,GBP,"Chavez, Davis and Walton",2002,booked
ERP-300976,REF-163413,09-03-2026,8451.44,USD,Dickson-Gutierrez,2002,booked
ERP-300977,REF-936547,28-04-2026,7965.04,USD,"Rodriguez, Evans and Patterson",3050,booked
ERP-300978,REF-691995,27-01-2026,2024.54,EUR,Mcdowell-Watts,2001,booked
ERP-300979,REF-585175,13-01-2026,22239.84,USD,"Hobbs, Blanchard and Porter",4010,booked
ERP-300980,REF-957287,10-02-2026,17934.24,EUR,Gray PLC,2001,booked
ERP-300981,REF-435027,11-01-2026,289.13,EUR,"Luna, Morris and Gill",2001,booked
ERP-300982,,08-04-2026,23897.64,EUR,Cobb Group,4010,booked
ERP-300983,,08-02-2026,7213.94,GBP,"Ramirez, Hernandez and Fox",3050,booked
ERP-300984,,25-03-2026,15680.85,USD,Mann Group,4010,booked
ERP-300985,REF-775414,02-01-2026,24094.76,GBP,Young-Hudson,3050,booked
ERP-300986,REF-303261,26-03-2026,17367.35,USD,Hunt PLC,2001,booked
ERP-300987,REF-111591,17-04-2026,5468.71,GBP,Mitchell-Byrd,2002,booked
ERP-300988,REF-997593,12-02-2026,5490.41,USD,Ibarra-Clark,2002,booked
ERP-300989,REF-511652,19-02-2026,373.26,USD,"Best, Simon and Turner",2002,booked
ERP-300990,REF-275622,09-02-2026,2215.98,GBP,Best Inc,4010,booked
ERP-300991,,01-01-2026,22250.96,GBP,Kennedy-Marks,2001,booked
ERP-300992,REF-483822,29-03-2026,13068.29,EUR,Dickson-Padilla,2001,booked
ERP-300993,REF-152789,01-04-2026,9558.45,GBP,Mckinney-Cooper,3050,booked
ERP-300994,REF-200636,26-03-2026,8309.18,EUR,Johnson Inc,2002,booked
ERP-300995,REF-610944,05-02-2026,1502.51,USD,"Yu, Nguyen and Wood",2002,booked
ERP-300996,REF-993780,29-01-2026,24467.42,EUR,Schneider Ltd,4010,booked
ERP-300997,REF-515102,02-02-2026,8403.24,USD,Lewis-Robinson,2001,booked
ERP-300998,REF-194014,18-03-2026,17102.58,GBP,White-Wilson,2001,booked
ERP-300999,REF-389308,16-04-2026,6610.17,GBP,Morris Inc,3050,booked
ERP-301000,REF-889727,28-02-2026,24221.75,EUR,"Garner, Lawson and Richard",2001,booked
ERP-301001,REF-818125,26-01-2026,11038.36,EUR,"Ball, Henderson and Caldwell",4010,booked
ERP-301002,REF-253991,07-02-2026,22054.55,USD,"Best, Simon and Turner",4010,booked
ERP-301003,REF-753026,05-04-2026,23729.86,GBP,"Evans, Conway and Hall",3050,booked
ERP-301004,REF-160401,27-03-2026,23682.19,USD,Johnson-Ruiz,3050,booked
ERP-301005,REF-589584,21-04-2026,24503.94,EUR,Goodwin-Martinez,4010,booked
ERP-301006,REF-863503,19-02-2026,24778.43,EUR,"Garner, Lawson and Richard",3050,booked
ERP-301007,REF-518487,08-04-2026,12713.44,EUR,"Short, Moore and Douglas",3050,booked
ERP-301008,REF-290413,04-02-2026,3439.3,EUR,Peterson LLC,3050,booked
ERP-301009,REF-532694,14-03-2026,5356.94,USD,"Hernandez, Hill and Hull",2001,booked
ERP-301010,,27-02-2026,2008.04,GBP,"Walker, Garcia and Mcguire",4010,booked
ERP-301011,REF-654735,30-03-2026,4870.04,USD,"Murphy, Jordan and Whitney",2001,booked
ERP-301012,REF-900264,29-04-2026,2809.09,USD,"Santana, Hoffman and Cobb",4010,booked
ERP-301013,REF-424207,09-01-2026,21411.96,USD,"Hernandez, Wade and Rodriguez",2001,booked
ERP-301014,REF-227531,26-01-2026,12372.07,USD,Thomas PLC,3050,booked
ERP-301015,REF-346028,27-04-2026,20685.49,GBP,Wright Group,2002,booked
ERP-301016,REF-631917,12-01-2026,3251.84,EUR,Gardner-Hayes,2002,booked
ERP-301017,REF-203463,05-01-2026,20748.38,USD,"Rodriguez, Evans and Patterson",3050,booked
ERP-301018,REF-310034,03-03-2026,13364.96,EUR,"Graham, Garrett and Caldwell",3050,booked
ERP-301019,REF-802916,13-03-2026,6362.56,USD,Pierce Inc,2001,booked
ERP-301020,REF-937537,21-04-2026,22507.95,USD,Webster and Sons,3050,booked
ERP-301021,REF-255710,11-02-2026,19309.95,GBP,Roberts Group,3050,booked
ERP-301022,REF-433888,16-02-2026,18269.18,EUR,"Santana, Hoffman and Cobb",3050,booked
ERP-301023,REF-855914,15-03-2026,447.25,GBP,Anderson LLC,2002,booked
ERP-301024,REF-242559,13-01-2026,16674.92,USD,Arroyo-Pope,4010,booked
ERP-301025,REF-607377,04-03-2026,5410.1,USD,Gardner-Hayes,4010,booked
ERP-301026,REF-761614,01-05-2026,8826.61,GBP,Ingram PLC,2001,booked
ERP-301027,REF-172617,17-03-2026,3639.67,USD,Barrera Group,4010,booked
ERP-301028,REF-899555,27-03-2026,9906.19,EUR,"Rice, Wallace and Castillo",2001,booked
ERP-301029,REF-526462,03-01-2026,6441.87,EUR,King LLC,3050,booked
ERP-301030,REF-436693,29-01-2026,3455.4,GBP,Wagner Ltd,2002,booked
ERP-301031,REF-649999,28-04-2026,24686.52,EUR,Zimmerman and Sons,3050,booked
ERP-301032,REF-176539,11-04-2026,18639.59,EUR,"Rollins, Charles and Black",3050,booked
ERP-301033,REF-253201,22-01-2026,453.98,GBP,Roberts Group,4010,booked
ERP-301034,REF-601992,15-01-2026,3248.99,GBP,Anderson-Parks,2002,booked
ERP-301035,REF-391648,08-02-2026,956.38,USD,Allen Group,2001,booked
ERP-301036,REF-512596,20-04-2026,5120.9,EUR,"Rogers, Anderson and Campos",3050,booked
ERP-301037,REF-371974,25-01-2026,17652.76,GBP,Davis-Mitchell,2002,booked
ERP-301038,REF-579743,09-02-2026,861.3,USD,Maxwell-Shepherd,2001,booked
ERP-301039,REF-842230,01-04-2026,840.92,GBP,Davis PLC,2001,booked
ERP-301040,REF-339474,20-01-2026,7569.9,EUR,Welch-Peck,2002,booked
ERP-301041,REF-753900,20-01-2026,4994.28,USD,Lawrence-Lee,2001,booked
ERP-301042,REF-955412,16-02-2026,16766.43,EUR,Reed PLC,2002,booked
ERP-301043,REF-906965,13-03-2026,22758.12,GBP,"Mooney, Black and Roach",2002,booked
ERP-301044,REF-154650,07-02-2026,23941.36,GBP,Reeves Ltd,4010,booked
ERP-301045,REF-376519,29-04-2026,2669.12,GBP,Jones-Taylor,2001,booked
ERP-301046,REF-513351,19-02-2026,20071.54,GBP,"Curtis, Turner and Soto",2001,booked
ERP-301047,REF-580132,09-03-2026,2171.67,USD,Barrera Group,2001,booked
ERP-301048,REF-208599,15-02-2026,19953.5,USD,Contreras LLC,3050,booked
ERP-301049,REF-271494,24-01-2026,6263.09,GBP,Allen-Taylor,2001,booked
ERP-301050,,07-02-2026,17316.59,USD,Juarez-Jones,3050,booked
ERP-301051,REF-466331,29-03-2026,15355.9,EUR,"Owens, Peters and White",3050,booked
ERP-301052,,27-02-2026,10367.52,EUR,"Short, Moore and Douglas",3050,booked
ERP-301053,REF-399722,17-03-2026,14328.3,USD,Contreras LLC,2002,booked
ERP-301054,REF-528453,24-03-2026,11595.23,GBP,Smith Ltd,2002,booked
ERP-301055,REF-992687,08-04-2026,18103.19,USD,Murray Group,3050,booked
ERP-301056,REF-490583,02-04-2026,18735.85,GBP,Reynolds-Harris,2001,booked
ERP-301057,REF-977469,18-04-2026,9751.85,EUR,Thompson-Campbell,3050,booked
ERP-301058,REF-881562,10-04-2026,23644.65,EUR,Todd-Oconnor,2001,booked
ERP-301059,REF-327497,10-03-2026,1160.67,USD,Kim Group,2001,booked
ERP-301060,REF-871076,15-01-2026,16300.9,GBP,Mullins-Cabrera,3050,booked
ERP-301061,REF-201042,22-04-2026,4854.96,EUR,Wade PLC,2001,booked
ERP-301062,REF-553189,31-03-2026,1514.54,EUR,Shaw-Decker,4010,booked
ERP-301063,,06-03-2026,10202.54,GBP,"Hobbs, Blanchard and Porter",2001,booked
ERP-301064,REF-264470,12-04-2026,4767.05,GBP,Banks-Savage,4010,booked
ERP-301065,REF-892217,24-02-2026,12337.88,USD,Mckinney-Cooper,2001,booked
ERP-301066,REF-722246,15-02-2026,11529.59,GBP,Anderson Inc,2002,booked
ERP-301067,REF-198776,17-04-2026,15300.6,EUR,"Edwards, Anderson and Taylor",2002,booked
ERP-301068,REF-381141,26-02-2026,14493.81,GBP,Hughes Inc,4010,booked
ERP-301069,REF-525331,06-02-2026,6391.38,EUR,"Roberts, Frazier and Smith",2001,booked
ERP-301070,REF-129312,10-03-2026,24931.11,EUR,Austin-Bonilla,4010,booked
ERP-301071,REF-731063,12-03-2026,1001.14,EUR,Zimmerman and Sons,2001,booked
ERP-301072,REF-348471,12-03-2026,8263.75,EUR,Stone and Sons,2001,booked
ERP-301073,REF-509340,03-04-2026,40.78,USD,Hammond Ltd,3050,booked
ERP-301074,REF-898144,06-03-2026,10814.03,GBP,Flynn-Matthews,2001,booked
ERP-301075,REF-364309,08-02-2026,1213.95,EUR,"Thompson, Cooper and Young",2002,booked
ERP-301076,REF-600890,22-04-2026,2942.81,EUR,"Moss, Atkins and Daniels",2001,booked
ERP-301077,REF-507683,26-04-2026,6484.03,EUR,Webster and Sons,2002,booked
ERP-301078,REF-206564,28-01-2026,7204.56,GBP,Mitchell-Byrd,2002,booked
ERP-301079,REF-546272,21-01-2026,15841.85,EUR,Garcia and Sons,3050,booked
ERP-301080,REF-221274,21-02-2026,3520.08,EUR,Cobb Group,3050,booked
ERP-301081,REF-909896,15-02-2026,11803.61,EUR,Wright Group,3050,booked
ERP-301082,REF-449563,05-01-2026,21188.95,GBP,Walter Inc,2001,booked
ERP-301083,REF-283587,24-04-2026,12836.67,GBP,Shaw-Decker,3050,booked
ERP-301084,REF-443343,29-04-2026,10229.63,GBP,Brown LLC,4010,booked
ERP-301085,REF-878365,26-02-2026,12426.69,GBP,Webster and Sons,4010,booked
ERP-301086,REF-716082,20-03-2026,6568.28,EUR,Flynn-Matthews,3050,booked
ERP-301087,REF-390387,19-02-2026,22617.44,USD,Bowman LLC,2002,booked
ERP-301088,REF-721109,18-04-2026,23637.56,GBP,Anderson Inc,3050,booked
ERP-301089,REF-203684,14-04-2026,22899.7,EUR,Harvey Inc,3050,booked
ERP-301090,REF-185895,10-04-2026,18805.84,GBP,Davenport PLC,4010,booked
ERP-301091,REF-254986,10-02-2026,11713.56,USD,Goodwin-Martinez,2001,booked
ERP-301092,REF-232683,25-01-2026,19225.83,GBP,Mccoy Ltd,3050,booked
ERP-301093,REF-701848,06-01-2026,8755.3,USD,Gardner-Hayes,4010,booked
ERP-301094,REF-831025,30-04-2026,5184.44,USD,"Curtis, Turner and Soto",3050,booked
ERP-301095,REF-763611,16-02-2026,13625.2,EUR,Anderson LLC,3050,booked
ERP-301096,REF-240534,26-03-2026,6171.33,GBP,Allen Group,2001,booked
ERP-301097,REF-956686,09-01-2026,9458.33,EUR,"Rollins, Charles and Black",3050,booked
ERP-301098,REF-298085,05-01-2026,1095.27,EUR,"Pineda, Travis and Jones",3050,booked
ERP-301099,REF-891651,09-03-2026,16918.89,EUR,"Miller, Anderson and Padilla",2002,booked
ERP-301100,REF-902434,28-02-2026,12653.77,EUR,Jones-Fuentes,2001,booked
ERP-301101,REF-225638,13-03-2026,16054.04,EUR,Griffin Inc,3050,booked
ERP-301102,REF-524361,28-01-2026,24045.97,USD,Gray PLC,2002,booked
ERP-301103,REF-377356,14-02-2026,13635.15,EUR,Thompson-Campbell,3050,booked
ERP-301104,REF-841632,08-01-2026,18955.1,USD,Holmes and Sons,3050,booked
ERP-301105,REF-887116,19-01-2026,2492.3,GBP,"Dorsey, Patterson and Harrison",3050,booked
ERP-301106,REF-377888,02-01-2026,19841.44,USD,Zimmerman and Sons,2002,booked
ERP-301107,REF-518755,11-03-2026,1280.26,USD,Schneider Ltd,3050,booked
ERP-301108,REF-110461,04-01-2026,4934.93,GBP,"Clarke, Johnson and Watson",2001,booked
ERP-301109,REF-214459,12-01-2026,16367.35,USD,White-Wilson,3050,booked
ERP-301110,REF-697142,15-01-2026,18593.45,USD,Garcia and Sons,3050,booked
ERP-301111,REF-251230,16-02-2026,21424.29,USD,"Short, Moore and Douglas",4010,booked
ERP-301112,REF-772716,23-02-2026,15435.18,USD,Jones-Taylor,3050,booked
ERP-301113,REF-138855,18-02-2026,14619.04,EUR,Reynolds-Harris,4010,booked
ERP-301114,REF-324284,17-01-2026,19784.31,GBP,Dickson-Gutierrez,2001,booked
ERP-301115,REF-987484,21-03-2026,14307.88,EUR,"Garcia, Mercado and West",4010,booked
ERP-301116,REF-222964,21-01-2026,6778.72,USD,Banks-Savage,2002,booked
ERP-301117,,01-01-2026,21658.84,EUR,Harvey Inc,2001,booked
ERP-301118,REF-102778,13-04-2026,3054.92,USD,Mccoy-Mccarthy,2001,booked
ERP-301119,REF-669719,08-02-2026,9720.41,GBP,"Johnson, Phillips and Brown",2002,booked
ERP-301120,REF-186488,27-02-2026,10878.19,USD,Brown and Sons,2001,booked
ERP-301121,REF-350791,08-04-2026,1733.63,USD,"Fox, Hernandez and Ryan",2002,booked
ERP-301122,REF-246044,14-04-2026,6693.24,GBP,"Johnson, Harrison and Thomas",3050,booked
ERP-301123,,03-02-2026,12532.41,USD,Arroyo-Pope,3050,booked
ERP-301124,REF-687216,09-04-2026,2202.57,GBP,Smith-Abbott,2001,booked
ERP-301125,REF-158071,29-01-2026,1544.29,GBP,Anderson-Parks,2002,booked
ERP-301126,REF-467890,09-01-2026,14205.76,GBP,Gardner-Hayes,2001,booked
ERP-301127,REF-251337,25-04-2026,24266.86,EUR,"Curry, Wolfe and Ramirez",3050,booked
ERP-301128,REF-466710,31-01-2026,12308.16,USD,"Matthews, Howard and Brown",2001,booked
ERP-301129,REF-468136,30-04-2026,12746.96,EUR,Bauer Inc,3050,booked
ERP-301130,REF-163008,16-03-2026,11845.79,USD,Mcdowell-Watts,2002,booked
ERP-301131,,23-04-2026,7707.3,EUR,Gonzalez Inc,4010,booked
ERP-301132,REF-958113,24-03-2026,16506.62,EUR,"Molina, Wells and Bright",2002,booked
ERP-301133,REF-627108,06-03-2026,8450.65,GBP,"Jackson, Romero and Mendez",2001,booked
ERP-301134,,09-02-2026,4564.08,USD,Goodwin-Martinez,2002,booked
ERP-301135,REF-155439,19-02-2026,12429.36,USD,Banks-Savage,4010,booked
ERP-301136,REF-823369,07-04-2026,20336.95,USD,Kelly-Murphy,3050,booked
ERP-301137,,19-04-2026,2485.59,GBP,"Rodriguez, Sutton and Santiago",2002,booked
ERP-301138,REF-880850,08-03-2026,13963.84,GBP,Crawford Ltd,4010,booked
ERP-301139,,25-04-2026,24399.3,USD,Allen and Sons,4010,booked
ERP-301140,REF-937045,24-01-2026,14002.46,USD,Buckley and Sons,2002,booked
ERP-301141,REF-964278,21-01-2026,5351.85,EUR,"Russell, Scott and Ramsey",3050,booked
ERP-301142,REF-706144,01-02-2026,1680.67,GBP,Peterson LLC,2001,booked
ERP-301143,REF-952880,01-05-2026,5459.2,EUR,"Santana, Hoffman and Cobb",2002,booked
ERP-301144,REF-545735,05-04-2026,614.04,EUR,Kelly-Murphy,4010,booked
ERP-301145,REF-744312,27-03-2026,17830.06,USD,Ford Ltd,4010,booked
ERP-301146,REF-358769,02-03-2026,21391.68,USD,Mccoy Ltd,4010,booked
ERP-301147,REF-262282,03-02-2026,12679.57,EUR,Howard-Mcdonald,4010,booked
ERP-301148,REF-475498,05-01-2026,19334.77,EUR,Roberts LLC,2001,booked
ERP-301149,REF-339359,09-02-2026,5432.41,EUR,Washington-West,3050,booked
ERP-301150,REF-254665,21-02-2026,6507.52,EUR,"Waller, Bass and Mitchell",2001,booked
ERP-301151,REF-454688,01-05-2026,21495.18,GBP,"Peterson, Hood and Arroyo",4010,booked
ERP-301152,REF-376033,13-04-2026,22400.62,GBP,"Savage, Garcia and Robinson",2002,booked
ERP-301153,REF-187879,06-04-2026,11869.78,GBP,Gonzalez Inc,3050,booked
ERP-301154,REF-180713,19-04-2026,8622.94,USD,"Moss, Atkins and Daniels",2002,booked
ERP-301155,REF-587366,17-04-2026,12066.58,USD,"Howard, Lynch and Morris",4010,booked
ERP-301156,REF-284257,17-02-2026,14438.68,USD,King LLC,4010,booked
ERP-301157,REF-672907,24-02-2026,6734.22,USD,Roach and Sons,2001,booked
ERP-301158,REF-318815,26-01-2026,23535.52,EUR,"Clarke, Johnson and Watson",2002,booked
ERP-301159,REF-690161,29-01-2026,22899.1,USD,Stone and Sons,2002,booked
ERP-301160,REF-191233,11-03-2026,24782.88,EUR,"Smith, Guerra and Holmes",3050,booked
ERP-301161,REF-775829,12-03-2026,20605.97,EUR,Schneider Ltd,4010,booked
ERP-301162,REF-672145,06-01-2026,21166.03,USD,Silva-Green,3050,booked
ERP-301163,REF-336108,16-03-2026,6494.73,GBP,Thomas PLC,3050,booked
ERP-301164,REF-864816,21-03-2026,8617.71,USD,Davenport PLC,2002,booked
ERP-301165,REF-271139,28-04-2026,7381.22,USD,"Garner, Lawson and Richard",3050,booked
ERP-301166,REF-741443,27-04-2026,18790.14,EUR,Davis PLC,2001,booked
ERP-301167,REF-197419,24-03-2026,9613.67,GBP,Allen Inc,4010,booked
ERP-301168,REF-433973,02-03-2026,3224.52,EUR,Vincent-Mcclure,2002,booked
ERP-301169,,26-03-2026,685.58,GBP,Mcdowell-Watts,2001,booked
ERP-301170,REF-710152,13-01-2026,6790.87,GBP,"Cox, Fernandez and Baker",3050,booked
ERP-301171,REF-671742,06-03-2026,21502.74,USD,Leach-Walker,4010,booked
ERP-301172,REF-500769,23-03-2026,12328.64,EUR,Skinner Ltd,4010,booked
ERP-301173,REF-388292,25-02-2026,17917.38,GBP,Zimmerman and Sons,2002,booked
ERP-301174,REF-605681,20-02-2026,474.29,GBP,Matthews PLC,2002,booked
ERP-301175,REF-211452,07-04-2026,4609.58,EUR,"Garza, Barker and Maddox",2001,booked
ERP-301176,REF-386813,01-02-2026,2288.73,USD,Li-Montoya,2001,booked
ERP-301177,REF-478857,16-03-2026,6575.35,EUR,Flynn-Matthews,2002,booked
ERP-301178,REF-191062,12-01-2026,3383.36,EUR,Moore LLC,2001,booked
ERP-301179,REF-981373,17-04-2026,23088.64,GBP,Gonzalez Inc,3050,booked
ERP-301180,REF-253735,26-03-2026,10605.89,EUR,"Nguyen, Williams and Smith",2002,booked
ERP-301181,REF-956820,05-02-2026,17892.52,EUR,Mitchell-Byrd,2002,booked
ERP-301182,REF-753971,24-01-2026,19756.23,GBP,"Garcia, Mercado and West",2002,booked
ERP-301183,REF-276894,06-01-2026,4331.58,GBP,Jones-Taylor,4010,booked
ERP-301184,REF-111303,08-04-2026,14325.67,EUR,Richards-Johnson,3050,booked
ERP-301185,REF-455366,18-03-2026,1603.9,USD,"Malone, Bell and Bryant",2001,booked
ERP-301186,REF-181424,10-03-2026,14549.24,USD,Gonzalez-Mcdaniel,2001,booked
ERP-301187,REF-888992,11-03-2026,9919.58,EUR,"Hobbs, Blanchard and Porter",2001,booked
ERP-301188,,08-03-2026,9209.38,EUR,Richard LLC,4010,booked
ERP-301189,REF-404145,03-01-2026,16254.06,GBP,Pennington PLC,4010,booked
ERP-301190,REF-957130,03-01-2026,12089.1,EUR,Brown LLC,4010,booked
ERP-301191,REF-328621,12-02-2026,12714.43,GBP,"Fleming, King and Herring",2001,booked
ERP-301192,,19-04-2026,18553.73,EUR,"Fox, Hernandez and Ryan",4010,booked
ERP-301193,REF-900069,21-02-2026,5168.17,USD,"Adams, Rodriguez and Walker",2002,booked
ERP-301194,,09-04-2026,10481.52,EUR,Walter Inc,2002,booked
ERP-301195,REF-417180,11-02-2026,24312.59,USD,Lane-Hines,3050,booked
ERP-301196,REF-384745,21-01-2026,6480.13,GBP,Wilson and Sons,2001,booked
ERP-301197,REF-332567,26-03-2026,9674.46,EUR,Arellano-Whitaker,2002,booked
ERP-301198,REF-157041,02-03-2026,23488.57,USD,Davenport PLC,4010,booked
ERP-301199,REF-282298,12-03-2026,3776.81,USD,Kirk-Henson,2002,booked
ERP-301200,REF-178917,12-01-2026,16048.61,EUR,Jones-Graham,2001,booked
ERP-301201,REF-225878,21-03-2026,13271.33,USD,"Johnson, Meyer and Hanna",2002,booked
ERP-301202,REF-961216,29-03-2026,16057.08,EUR,Pena Inc,2002,booked
ERP-301203,REF-109389,01-02-2026,23921.69,EUR,"Snow, Rodgers and Miller",2002,booked
ERP-301204,REF-469025,06-01-2026,21115.43,GBP,Ibarra-Clark,3050,booked
ERP-301205,REF-224630,19-01-2026,21013.99,GBP,Prince-Martinez,2001,booked
ERP-301206,REF-397485,22-02-2026,9544.46,EUR,"Waller, Bass and Mitchell",4010,booked
ERP-301207,REF-235067,21-03-2026,4633.36,EUR,Randall-Kerr,4010,booked
ERP-301208,REF-586530,07-03-2026,21632.4,EUR,Edwards-Boyd,2002,booked
ERP-301209,REF-298809,06-04-2026,2413.75,USD,"Waller, Bass and Mitchell",2002,booked
ERP-301210,REF-419773,12-04-2026,21005.89,GBP,Smith and Sons,4010,booked
ERP-301211,,25-02-2026,3331.57,GBP,Stone and Sons,4010,booked
ERP-301212,REF-373698,21-03-2026,24833.32,EUR,"Nelson, Bowers and Cooper",2002,booked
ERP-301213,REF-528334,20-03-2026,15707.99,USD,Howe and Sons,2001,booked
ERP-301214,,10-01-2026,17777.76,EUR,Hernandez-Diaz,4010,booked
ERP-301215,REF-253734,06-01-2026,2176.87,GBP,Dickson Inc,3050,booked
ERP-301216,REF-738513,12-03-2026,6894.67,EUR,Johnson-Newton,2001,booked
ERP-301217,REF-594106,11-04-2026,19440.37,GBP,"Chavez, Davis and Walton",2001,booked
ERP-301218,REF-471214,12-04-2026,15135.34,USD,Gardner Inc,2001,booked
ERP-301219,REF-595761,16-04-2026,23047.59,USD,Randolph and Sons,2002,booked
ERP-301220,REF-319158,29-03-2026,4475.82,GBP,"Murphy, Jordan and Whitney",2001,booked
ERP-301221,,19-03-2026,3810.01,EUR,Mata Inc,2002,booked
ERP-301222,REF-991294,03-02-2026,15132.41,EUR,Mcclain-Jensen,2001,booked
ERP-301223,REF-333159,21-04-2026,13532.76,GBP,"Molina, Wells and Bright",2001,booked
ERP-301224,REF-409611,05-01-2026,2808.17,GBP,"Graham, Garrett and Caldwell",3050,booked
ERP-301225,REF-657656,21-04-2026,12019.19,GBP,Welch-Peck,3050,booked
ERP-301226,,22-02-2026,10545.08,EUR,Bauer Inc,3050,booked
ERP-301227,REF-326578,01-01-2026,12166.89,GBP,Howe and Sons,4010,booked
ERP-301228,REF-226545,17-03-2026,6667.9,USD,Prince-Martinez,2002,booked
ERP-301229,REF-590199,14-03-2026,19190.63,EUR,Goodwin-Martinez,4010,booked
ERP-301230,REF-950730,02-02-2026,23362.76,GBP,Jimenez-Bradley,2001,booked
ERP-301231,REF-508199,18-03-2026,15774.78,USD,Hunter-Nicholson,4010,booked
ERP-301232,REF-527191,31-03-2026,15422.86,USD,Brady-Ford,4010,booked
ERP-301233,,13-04-2026,425.48,USD,"Howell, Hart and Swanson",4010,booked
ERP-301234,REF-368079,23-01-2026,14312.74,EUR,Allen and Sons,3050,booked
ERP-301235,REF-434829,07-01-2026,17367.56,EUR,"Clarke, Johnson and Watson",2002,booked
ERP-301236,REF-757668,03-02-2026,4890.34,EUR,Garcia and Sons,2001,booked
ERP-301237,REF-773593,14-04-2026,13562.97,USD,Buckley and Sons,4010,booked
ERP-301238,REF-687906,22-04-2026,7245.17,USD,"Russell, Scott and Ramsey",2002,booked
ERP-301239,REF-247525,25-03-2026,5615.26,GBP,"Taylor, Zavala and Bates",4010,booked
ERP-301240,REF-737647,20-01-2026,16504.58,GBP,Simmons-Green,2001,booked
ERP-301241,REF-103963,04-01-2026,5063.44,USD,"Pineda, Travis and Jones",2002,booked
ERP-301242,REF-135410,31-03-2026,23482.36,EUR,"Owens, Peters and White",3050,booked
ERP-301243,REF-964122,04-04-2026,3403.42,EUR,White Group,4010,booked
ERP-301244,REF-550573,18-04-2026,3464.56,GBP,"Malone, Bell and Bryant",3050,booked
ERP-301245,,14-01-2026,7893.66,EUR,Ingram PLC,3050,booked
ERP-301246,REF-836310,18-03-2026,20351.34,USD,"Molina, Wells and Bright",2001,booked
ERP-301247,REF-402321,20-03-2026,16521.81,USD,Harvey Inc,3050,booked
ERP-301248,REF-517009,13-02-2026,4336.31,GBP,White-Wilson,3050,booked
ERP-301249,REF-831411,19-02-2026,1708.13,GBP,"Luna, Morris and Gill",3050,booked
ERP-301250,REF-811218,24-04-2026,14195.04,EUR,King-George,4010,booked
ERP-301251,REF-438324,23-02-2026,10034.38,USD,"Evans, Conway and Hall",2002,booked
ERP-301252,REF-107181,01-01-2026,6387.77,EUR,Vincent-Mcclure,2001,booked
ERP-301253,,03-02-2026,3868.81,EUR,Church Inc,2002,booked
ERP-301254,REF-166608,04-04-2026,20916.52,EUR,Allen Group,3050,booked
ERP-301255,REF-131873,29-01-2026,18289.77,GBP,Shaw-Decker,4010,booked
ERP-301256,REF-682209,20-01-2026,3394.86,EUR,"Johnson, Phillips and Brown",2001,booked
ERP-301257,REF-363417,15-03-2026,14336.6,EUR,Orozco Ltd,2001,booked
ERP-301258,REF-656213,27-04-2026,20040.73,USD,Beard-Cooper,4010,booked
ERP-301259,REF-739277,16-02-2026,7160.43,EUR,Jones-Turner,3050,booked
ERP-301260,REF-639285,31-03-2026,19673.03,GBP,Spears-Beck,4010,booked
ERP-301261,REF-203449,27-01-2026,20970.13,EUR,"Drake, Torres and Murray",2002,booked
ERP-301262,REF-479389,16-04-2026,7390.15,USD,"Rodriguez, Evans and Patterson",2001,booked
ERP-301263,REF-812307,02-03-2026,24517.88,USD,Hunt-Whitney,3050,booked
ERP-301264,REF-620512,23-02-2026,17589.09,USD,Crawford Ltd,2001,booked
ERP-301265,REF-738084,07-03-2026,13956.71,EUR,Goodwin-Martinez,4010,booked
ERP-301266,REF-518537,17-03-2026,9979.88,USD,Lane-Hines,2001,booked
ERP-301267,REF-967717,25-03-2026,12780.82,USD,Thornton and Sons,2002,booked
ERP-301268,REF-990804,26-03-2026,5616.99,GBP,"Liu, Parsons and Delacruz",2002,booked
ERP-301269,REF-824059,15-02-2026,24913.68,USD,"Taylor, Zavala and Bates",3050,booked
ERP-301270,REF-774976,17-01-2026,11013.46,USD,Robinson Group,2001,booked
ERP-301271,REF-783043,07-01-2026,7801.3,EUR,Reynolds-Torres,4010,booked
ERP-301272,,10-03-2026,21961.58,EUR,Hays-Dalton,2002,booked
ERP-301273,REF-953963,08-02-2026,20489.58,EUR,Gardner-Hayes,2002,booked
ERP-301274,REF-560515,26-03-2026,15045.46,GBP,Rivera-Stanley,2002,booked
ERP-301275,REF-996046,18-02-2026,5685.31,EUR,Anderson LLC,4010,booked
ERP-301276,REF-285268,19-02-2026,21167.81,GBP,Howard LLC,4010,booked
ERP-301277,REF-273628,25-04-2026,98.36,USD,White-Wilson,4010,booked
ERP-301278,REF-689774,15-04-2026,17483.79,USD,Howard LLC,2001,booked
ERP-301279,REF-885489,30-04-2026,20302.4,EUR,Mitchell-Byrd,4010,booked
ERP-301280,REF-428673,18-01-2026,10901.8,USD,Joseph Group,2001,booked
ERP-301281,REF-680624,24-02-2026,1832.45,USD,Robinson and Sons,3050,booked
ERP-301282,REF-914601,01-02-2026,696.87,USD,Brown LLC,4010,booked
ERP-301283,REF-886891,11-04-2026,5474.18,GBP,Austin-Bonilla,3050,booked
ERP-301284,REF-931324,29-04-2026,15206.2,USD,"Ramirez, Hernandez and Fox",4010,booked
ERP-301285,REF-661977,27-04-2026,12040.75,USD,Shaw-Decker,3050,booked
ERP-301286,REF-197302,15-02-2026,14516.98,USD,Schneider Ltd,3050,booked
ERP-301287,REF-199361,24-02-2026,6115.41,EUR,Perez-Neal,2001,booked
ERP-301288,REF-532592,10-03-2026,6273.01,EUR,"Berry, Rios and Marshall",2001,booked
ERP-301289,,19-01-2026,10178.49,GBP,"Malone, Bell and Bryant",4010,booked
ERP-301290,REF-829153,27-04-2026,21860.11,GBP,Charles-Butler,3050,booked
ERP-301291,REF-120020,19-01-2026,8010.97,GBP,Coffey-Howell,2002,booked
ERP-301292,REF-797134,24-01-2026,21729.8,GBP,Allen and Sons,2001,booked
ERP-301293,REF-290353,16-02-2026,4831.27,GBP,Bryant LLC,4010,booked
ERP-301294,REF-931574,24-02-2026,7477.57,EUR,Fletcher-Pruitt,2002,booked
ERP-301295,REF-755450,23-03-2026,6936.28,GBP,"Walker, Garcia and Mcguire",2001,booked
ERP-301296,REF-925789,17-02-2026,6706.09,EUR,Mata Inc,4010,booked
ERP-301297,REF-854638,25-02-2026,19441.93,EUR,"Garner, Lawson and Richard",2002,booked
ERP-301298,REF-264263,11-01-2026,7462.81,EUR,Moore LLC,3050,booked
ERP-301299,REF-705815,27-03-2026,12517.78,EUR,Zimmerman Group,2001,booked
ERP-301300,REF-584342,30-03-2026,2560.12,GBP,Lopez-Stout,2001,booked
ERP-301301,REF-388461,04-04-2026,13909.4,USD,Pennington PLC,2002,booked
ERP-301302,REF-887116,14-02-2026,9730.3,GBP,"Thompson, Cooper and Young",2001,booked
ERP-301303,REF-533703,24-03-2026,24837.06,USD,"Smith, Guerra and Holmes",2001,booked
ERP-301304,REF-466901,22-01-2026,845.72,EUR,Gallegos-Stewart,4010,booked
ERP-301305,REF-386923,29-03-2026,20834.94,GBP,"Peterson, Hood and Arroyo",2001,booked
ERP-301306,REF-786243,16-03-2026,2615.64,USD,"Molina, Wells and Bright",2001,booked
ERP-301307,REF-175868,06-04-2026,10119.85,GBP,King LLC,2002,booked
ERP-301308,REF-803908,14-03-2026,1890.31,USD,Gonzalez-Mcdaniel,2001,booked
ERP-301309,REF-814966,16-03-2026,5101.87,USD,"Evans, Conway and Hall",2001,booked
ERP-301310,REF-762700,19-04-2026,3334.69,GBP,Jones-Turner,4010,booked
ERP-301311,REF-926925,12-03-2026,4708.37,USD,"Johnson, Meyer and Hanna",2001,booked
ERP-301312,REF-451813,28-04-2026,1926.48,USD,"Hobbs, Blanchard and Porter",4010,booked
ERP-301313,REF-763745,18-01-2026,18496.35,USD,"Malone, Bell and Bryant",3050,booked
ERP-301314,REF-132113,08-01-2026,12679.42,GBP,Mann Group,2002,booked
ERP-301315,REF-263643,28-02-2026,11220.16,GBP,Richard LLC,3050,booked
ERP-301316,REF-496438,15-04-2026,2803.01,USD,Dickson-Padilla,2001,booked
ERP-301317,REF-662349,18-01-2026,16816.09,USD,Lee-Taylor,2002,booked
ERP-301318,REF-442613,02-03-2026,7115.61,GBP,"Yu, Nguyen and Wood",2001,booked
ERP-301319,REF-131144,27-03-2026,17620.66,USD,Pierce Inc,3050,booked
ERP-301320,REF-896048,18-03-2026,23913.65,GBP,Reynolds LLC,2001,booked
ERP-301321,REF-682662,02-03-2026,23247.63,EUR,"Jackson, Romero and Mendez",2001,booked
ERP-301322,REF-713608,13-03-2026,16850.37,USD,Moore LLC,3050,booked
ERP-301323,REF-831772,09-02-2026,22876.29,EUR,"Roberts, Frazier and Smith",4010,booked
ERP-301324,REF-447665,19-02-2026,393.95,USD,Gordon-Roberts,2001,booked
ERP-301325,REF-475090,18-01-2026,7488.55,GBP,Welch-Peck,2002,booked
ERP-301326,REF-808116,06-02-2026,8094.64,USD,"Bryant, Harrison and Carter",3050,booked
ERP-301327,,11-02-2026,8566.65,EUR,Gallegos-Stewart,2002,booked
ERP-301328,REF-728918,28-03-2026,5560.04,USD,"Taylor, Zavala and Bates",2002,booked
ERP-301329,REF-823683,26-04-2026,15137.39,EUR,"Short, Moore and Douglas",3050,booked
ERP-301330,REF-525847,26-04-2026,17120.31,GBP,"Curry, Wolfe and Ramirez",2001,booked
ERP-301331,REF-258569,24-01-2026,7569.21,EUR,Buckley and Sons,2002,booked
ERP-301332,REF-204280,25-02-2026,17725.61,GBP,"Wilson, Robertson and Gonzalez",2002,booked
ERP-301333,REF-942846,04-04-2026,5691.94,EUR,Hammond Ltd,4010,booked
ERP-301334,REF-410072,20-03-2026,345.89,GBP,Peterson LLC,4010,booked
ERP-301335,REF-127790,17-01-2026,16211.36,EUR,Smith and Sons,4010,booked
ERP-301336,REF-548348,22-03-2026,625.41,GBP,Gonzalez-Mcdaniel,3050,booked
ERP-301337,REF-399962,11-01-2026,10366.77,EUR,"Hobbs, Blanchard and Porter",3050,booked
ERP-301338,REF-498562,19-04-2026,10947.91,GBP,"Ward, Garcia and Henry",2002,booked
ERP-301339,REF-131807,27-03-2026,1055.07,USD,Vincent-Mcclure,3050,booked
ERP-301340,REF-974955,04-03-2026,23578.1,USD,"Martinez, Henderson and Osborne",3050,booked
ERP-301341,REF-526556,09-02-2026,17711.24,USD,Hughes Inc,4010,booked
ERP-301342,REF-726290,23-01-2026,21898.51,GBP,Skinner Ltd,3050,booked
ERP-301343,REF-305398,11-04-2026,22528.33,USD,Rivera-Stanley,3050,booked
ERP-301344,REF-313502,04-01-2026,17460.41,USD,Farrell-Willis,3050,booked
ERP-301345,REF-519641,04-03-2026,7933.49,GBP,Spears-Beck,2002,booked
ERP-301346,REF-627831,07-02-2026,700.99,USD,Garcia Ltd,4010,booked
ERP-301347,REF-316893,31-03-2026,12481.66,GBP,White Group,2001,booked
ERP-301348,REF-751828,03-02-2026,2865.27,USD,"Brown, Middleton and Williams",3050,booked
ERP-301349,REF-151157,11-03-2026,19682.4,GBP,"Pena, Jones and Sanchez",3050,booked
ERP-301350,REF-647818,25-01-2026,1919.3,USD,"Davis, Kim and Ingram",3050,booked
ERP-301351,REF-981637,04-03-2026,9551.29,EUR,Anderson Inc,4010,booked
ERP-301352,REF-189325,15-01-2026,10621.72,GBP,Best Inc,2001,booked
ERP-301353,REF-298800,17-02-2026,8337.67,GBP,Ingram PLC,2002,booked
ERP-301354,,26-03-2026,7075.16,EUR,Smith-Gaines,2002,booked
ERP-301355,REF-265245,27-01-2026,186.34,GBP,"Wilson, Robertson and Gonzalez",4010,booked
ERP-301356,REF-670811,13-04-2026,2684.72,USD,Dickson-Padilla,4010,booked
ERP-301357,REF-896871,16-01-2026,11741.84,GBP,"Miller, Anderson and Padilla",2002,booked
ERP-301358,REF-302859,19-01-2026,1852.75,USD,"Yu, Nguyen and Wood",4010,booked
ERP-301359,REF-909375,14-02-2026,2730.7,EUR,Perez-Neal,3050,booked
ERP-301360,REF-847263,29-03-2026,23625.79,GBP,Wagner Ltd,3050,booked
ERP-301361,REF-152500,23-02-2026,17339.65,EUR,Jenkins-Henderson,2001,booked
ERP-301362,REF-687753,14-02-2026,12610.39,USD,"Kennedy, Lopez and Norton",2001,booked
ERP-301363,REF-522491,15-03-2026,15013.07,USD,"Rodriguez, Sutton and Santiago",4010,booked
ERP-301364,REF-482590,24-02-2026,17324.52,GBP,Lewis-Robinson,2002,booked
ERP-301365,REF-418970,12-01-2026,544.26,EUR,"Luna, Morris and Gill",2002,booked
ERP-301366,,19-04-2026,24709.09,EUR,Dickson-Gutierrez,4010,booked
ERP-301367,REF-424767,14-04-2026,13038.0,GBP,"Malone, Bell and Bryant",2001,booked
ERP-301368,REF-375263,29-04-2026,15550.4,USD,"Luna, Morris and Gill",4010,booked
ERP-301369,,08-02-2026,13009.82,EUR,"Roberts, Frazier and Smith",3050,booked
ERP-301370,REF-742643,02-01-2026,17029.99,USD,Brown and Sons,4010,booked
ERP-301371,REF-863859,07-04-2026,18342.83,EUR,Peters-Ward,4010,booked
ERP-301372,REF-192045,04-01-2026,13630.05,GBP,Robinson Group,2002,booked
ERP-301373,REF-956710,20-02-2026,11202.47,EUR,White Group,4010,booked
ERP-301374,REF-732565,11-02-2026,12019.8,USD,Perez-Neal,4010,booked
ERP-301375,REF-678222,03-03-2026,2756.28,EUR,Harvey Inc,3050,booked
ERP-301376,REF-783134,22-04-2026,13151.41,USD,Nguyen-White,2001,booked
ERP-301377,REF-229489,03-01-2026,19354.19,GBP,Lopez-Stout,3050,booked
ERP-301378,REF-992319,30-01-2026,3752.14,USD,White-Wilson,2002,booked
ERP-301379,REF-372170,18-01-2026,22619.85,GBP,Best Inc,3050,booked
ERP-301380,REF-152113,02-02-2026,22534.75,GBP,Garcia and Sons,4010,booked
ERP-301381,REF-639086,15-02-2026,22410.68,GBP,Gonzalez Inc,4010,booked
ERP-301382,REF-261750,31-01-2026,20751.01,GBP,Davis PLC,2002,booked
ERP-301383,REF-355700,08-02-2026,16430.76,GBP,Davis Group,3050,booked
ERP-301384,REF-580127,07-01-2026,10037.3,USD,"Garza, Barker and Maddox",3050,booked
ERP-301385,REF-689538,31-01-2026,6759.29,EUR,Dickson-Padilla,2001,booked
ERP-301386,REF-167874,24-04-2026,7808.51,EUR,Hunt-Whitney,2002,booked
ERP-301387,REF-274975,05-02-2026,16429.09,GBP,Peters-Ward,4010,booked
ERP-301388,REF-809778,02-04-2026,5605.53,USD,Griffin Inc,3050,booked
ERP-301389,REF-575797,30-03-2026,7833.8,GBP,Jones Group,2002,booked
ERP-301390,REF-598731,17-04-2026,21150.26,GBP,Washington-West,4010,booked
ERP-301391,REF-698757,24-02-2026,9821.57,USD,"Pena, Jones and Sanchez",3050,booked
ERP-301392,REF-960764,19-01-2026,18034.56,GBP,Stone and Sons,3050,booked
ERP-301393,REF-259649,25-03-2026,21258.97,USD,"Garcia, Mercado and West",4010,booked
ERP-301394,REF-589221,18-02-2026,9061.25,EUR,Fletcher-Pruitt,3050,booked
ERP-301395,REF-784902,29-03-2026,5644.97,USD,"Bates, Diaz and Lowe",4010,booked
ERP-301396,REF-982746,15-01-2026,5360.4,USD,Jones-Fuentes,4010,booked
ERP-301397,REF-607559,10-04-2026,5465.33,EUR,Perez-Neal,2002,booked
ERP-301398,REF-110855,07-01-2026,1435.58,EUR,Washington-West,2002,booked
ERP-301399,REF-898210,27-02-2026,14871.27,GBP,Smith-Gaines,4010,booked
ERP-301400,,10-01-2026,13554.05,USD,Mckinney-Cooper,2002,booked
ERP-301401,REF-934765,16-02-2026,13397.04,GBP,Silva-Green,2001,booked
ERP-301402,REF-874142,01-02-2026,16221.61,GBP,Webster and Sons,2001,booked
ERP-301403,REF-219684,28-02-2026,19519.07,EUR,"Garza, Barker and Maddox",2001,booked
ERP-301404,REF-377695,21-03-2026,22056.76,GBP,Cochran Inc,2001,booked
ERP-301405,REF-891935,30-03-2026,5927.28,EUR,"Miller, Anderson and Padilla",4010,booked
ERP-301406,REF-618435,16-02-2026,13608.97,USD,Brown-Huynh,2001,booked
ERP-301407,REF-618247,23-01-2026,7565.6,EUR,"Rodriguez, Evans and Patterson",2002,booked
ERP-301408,REF-541972,05-04-2026,2839.55,EUR,"Bryant, Harrison and Carter",2002,booked
ERP-301409,REF-610049,29-01-2026,99.67,EUR,Morris Inc,2002,booked
ERP-301410,REF-727373,12-02-2026,12076.79,USD,Arnold-Beck,2002,booked
ERP-301411,REF-830357,27-02-2026,535.05,GBP,Davenport PLC,2001,booked
ERP-301412,REF-230273,04-03-2026,7910.2,USD,Kelly-Murphy,2002,booked
ERP-301413,REF-198690,17-04-2026,2390.45,EUR,Walters PLC,2001,booked
ERP-301414,REF-823246,20-04-2026,2239.78,USD,"Graham, Ferguson and Hill",4010,booked
ERP-301415,REF-816458,12-04-2026,24777.93,EUR,Wade PLC,2001,booked
ERP-301416,REF-731296,30-03-2026,18863.97,USD,Newman-Thomas,2001,booked
ERP-301417,REF-762823,19-03-2026,3849.89,EUR,Hunt PLC,3050,booked
ERP-301418,REF-211457,26-04-2026,20805.98,EUR,Dickson Inc,3050,booked
ERP-301419,REF-328199,19-02-2026,7975.52,USD,Davis PLC,3050,booked
ERP-301420,REF-740972,06-04-2026,22868.79,USD,Roberts Group,4010,booked
ERP-301421,REF-601449,04-01-2026,4822.93,EUR,"Hernandez, Hill and Hull",3050,booked
ERP-301422,REF-930380,23-04-2026,2374.09,GBP,Simmons-Green,3050,booked
ERP-301423,REF-679597,08-04-2026,7272.48,USD,"Thompson, Cooper and Young",4010,booked
ERP-301424,REF-108456,05-02-2026,16442.82,EUR,"Payne, Wall and Hernandez",3050,booked
ERP-301425,REF-964710,07-03-2026,24753.2,GBP,Nguyen-White,4010,booked
ERP-301426,REF-281685,18-03-2026,10833.74,GBP,Best Inc,3050,booked
ERP-301427,REF-102307,07-02-2026,3192.24,GBP,Schneider Ltd,4010,booked
ERP-301428,REF-557367,18-02-2026,9288.9,GBP,"Graham, Ferguson and Hill",3050,booked
ERP-301429,REF-961082,13-02-2026,545.07,EUR,Walter Inc,2002,booked
ERP-301430,REF-444076,21-02-2026,8084.83,USD,Allen Ltd,3050,booked
ERP-301431,REF-495618,27-03-2026,24649.23,GBP,"Kennedy, Lopez and Norton",4010,booked
ERP-301432,REF-561703,21-03-2026,14616.45,USD,"Hansen, Herrera and Taylor",3050,booked
ERP-301433,REF-863333,11-03-2026,26.29,EUR,"Hernandez, Greer and Jackson",4010,booked
ERP-301434,REF-391754,24-04-2026,14397.7,EUR,Li-Jones,4010,booked
ERP-301435,REF-275970,17-03-2026,1825.72,GBP,Wilson Group,4010,booked
ERP-301436,REF-174810,12-04-2026,21866.75,EUR,Hickman-Walter,2001,booked
ERP-301437,REF-675952,26-02-2026,567.85,USD,Roberts LLC,4010,booked
ERP-301438,REF-443458,19-02-2026,18980.69,USD,"Ramirez, Hernandez and Fox",2002,booked
ERP-301439,REF-257851,28-03-2026,5834.91,GBP,"Chavez, Davis and Walton",3050,booked
ERP-301440,REF-533561,28-03-2026,11538.08,EUR,Anderson-Parks,3050,booked
ERP-301441,REF-450520,02-04-2026,16260.33,EUR,"Ward, Garcia and Henry",3050,booked
ERP-301442,REF-589942,23-02-2026,21806.18,USD,Webster and Sons,2001,booked
ERP-301443,REF-528910,12-04-2026,14285.11,EUR,Thomas PLC,2002,booked
ERP-301444,REF-816741,22-03-2026,23538.63,EUR,King LLC,2001,booked
ERP-301445,REF-325482,06-03-2026,2191.92,USD,Washington-West,2001,booked
ERP-301446,,22-02-2026,7034.59,EUR,"Clarke, Johnson and Watson",2001,booked
ERP-301447,REF-342805,30-03-2026,6923.75,USD,Gray PLC,2002,booked
ERP-301448,REF-326787,09-01-2026,1700.46,USD,Beard-Cooper,4010,booked
ERP-301449,REF-297108,01-01-2026,7498.33,EUR,"Hernandez, Wade and Rodriguez",4010,booked
ERP-301450,REF-313443,12-01-2026,11989.67,USD,Walter Inc,3050,booked
ERP-301451,REF-677112,04-03-2026,15951.44,GBP,Peterson LLC,2001,booked
ERP-301452,REF-664172,28-01-2026,9435.33,EUR,Dickson Inc,4010,booked
ERP-301453,REF-264611,09-02-2026,4747.24,USD,Anderson-Parks,3050,booked
ERP-301454,REF-521084,03-04-2026,2289.68,USD,"Thompson, Cooper and Young",4010,booked
ERP-301455,REF-149757,25-04-2026,11037.75,USD,Cobb Group,3050,booked
ERP-301456,REF-685484,11-04-2026,8155.27,EUR,Barrera Group,2001,booked
ERP-301457,REF-499020,24-03-2026,597.12,USD,"Rodriguez, Evans and Patterson",2001,booked
ERP-301458,REF-769029,29-04-2026,15829.67,EUR,Morgan-Mckinney,2001,booked
ERP-301459,,26-03-2026,8647.94,USD,"Cox, Fernandez and Baker",4010,booked
ERP-301460,REF-745592,13-02-2026,22823.9,EUR,Walters LLC,2001,booked
ERP-301461,REF-116709,21-02-2026,17669.76,USD,"Drake, Torres and Murray",3050,booked
ERP-301462,REF-187484,02-02-2026,1065.41,GBP,Hughes Inc,2002,booked
ERP-301463,REF-633367,09-03-2026,5533.43,GBP,Randolph and Sons,2001,booked
ERP-301464,REF-500755,13-03-2026,22120.9,USD,Maxwell-Shepherd,3050,booked
ERP-301465,REF-357836,04-04-2026,21424.53,GBP,"Fox, Hernandez and Ryan",4010,booked
ERP-301466,REF-197492,23-04-2026,3225.44,USD,Robinson Group,4010,booked
ERP-301467,REF-792929,30-03-2026,20871.96,EUR,Wagner Ltd,3050,booked
ERP-301468,REF-459502,07-03-2026,5261.47,EUR,"Liu, Parsons and Delacruz",2002,booked
ERP-301469,REF-441263,15-03-2026,12003.76,EUR,Robbins LLC,4010,booked
ERP-301470,REF-767013,01-04-2026,24135.06,USD,Cooper Ltd,2002,booked
ERP-301471,REF-433754,11-04-2026,6723.82,EUR,Morgan-Mckinney,2002,booked
ERP-301472,REF-975634,08-01-2026,8790.29,GBP,"Short, Moore and Douglas",2002,booked
ERP-301473,REF-500105,03-03-2026,7650.11,GBP,Schneider Ltd,3050,booked
ERP-301474,REF-329820,22-04-2026,13849.88,USD,"Rogers, Anderson and Campos",2002,booked
ERP-301475,REF-997363,04-03-2026,22315.09,USD,"Moss, Atkins and Daniels",2001,booked
ERP-301476,REF-656495,01-04-2026,2699.46,GBP,Smith Ltd,2002,booked
ERP-301477,REF-456708,28-02-2026,13938.14,USD,Arroyo-Pope,2001,booked
ERP-301478,REF-603838,17-04-2026,11159.13,GBP,Hughes Inc,3050,booked
ERP-301479,REF-804836,27-01-2026,15110.28,USD,"Taylor, Zavala and Bates",2001,booked
ERP-301480,REF-860515,08-02-2026,12048.18,EUR,"Martinez, Joseph and Simmons",2001,booked
ERP-301481,REF-524584,04-03-2026,20755.96,EUR,Johnson Inc,2002,booked
ERP-301482,REF-795428,31-01-2026,19168.33,GBP,"Hayes, Luna and Miller",3050,booked
ERP-301483,REF-199856,09-02-2026,6777.33,GBP,"Salinas, Barnes and Cooper",3050,booked
ERP-301484,REF-611494,17-04-2026,12162.46,GBP,Church Inc,3050,booked
ERP-301485,REF-206705,01-03-2026,11114.89,EUR,Li-Jones,3050,booked
ERP-301486,REF-397167,05-03-2026,24867.48,GBP,"Ramirez, Hernandez and Fox",2001,booked
ERP-301487,REF-501832,01-05-2026,18955.51,EUR,Hamilton-Bautista,2002,booked
ERP-301488,REF-918511,14-04-2026,2768.3,EUR,Gomez-Cardenas,3050,booked
ERP-301489,REF-612805,06-01-2026,17588.19,GBP,Lewis-Robinson,2002,booked
ERP-301490,REF-616422,22-01-2026,1202.03,EUR,Newman-Thomas,2001,booked
ERP-301491,REF-154053,27-03-2026,4920.53,GBP,Price PLC,4010,booked
ERP-301492,REF-720020,14-04-2026,5951.18,GBP,Bowers Ltd,2002,booked
ERP-301493,REF-213461,11-01-2026,8073.73,USD,"Lewis, Joyce and Robertson",3050,booked
ERP-301494,REF-492990,24-01-2026,9454.12,EUR,Wright Group,2001,booked
ERP-301495,REF-679460,27-01-2026,17186.56,USD,Welch-Peck,3050,booked
ERP-301496,,04-01-2026,9565.5,USD,Erickson and Sons,2001,booked
ERP-301497,,01-03-2026,12716.25,EUR,"Garcia, Mercado and West",4010,booked
ERP-301498,REF-536245,23-03-2026,16363.79,GBP,"Owen, Gibson and Johnson",2002,booked
ERP-301499,REF-520065,12-04-2026,9693.39,EUR,Harvey Inc,4010,booked
ERP-301500,REF-452628,17-01-2026,16138.19,USD,Davis-Mitchell,4010,booked
ERP-301501,REF-223591,23-01-2026,23863.25,EUR,Jones-Graham,2001,booked
ERP-301502,,16-02-2026,13771.31,GBP,Reed PLC,3050,booked
ERP-301503,REF-426629,03-03-2026,11229.65,EUR,White Group,2002,booked
ERP-301504,REF-638157,17-02-2026,4755.22,GBP,"Davis, Kim and Ingram",2002,booked
ERP-301505,REF-159751,27-02-2026,840.64,EUR,Colon Group,4010,booked
ERP-301506,REF-684426,07-04-2026,9644.99,EUR,"Miller, Anderson and Padilla",2002,booked
ERP-301507,REF-347814,08-04-2026,21072.89,GBP,Bowers Ltd,3050,booked
ERP-301508,REF-394551,11-03-2026,2929.85,USD,Church Inc,2002,booked
ERP-301509,REF-477360,25-04-2026,12104.13,EUR,"Clarke, Johnson and Watson",3050,booked
ERP-301510,REF-692733,07-03-2026,10472.73,EUR,Schneider Ltd,4010,booked
ERP-301511,REF-983793,02-01-2026,13222.41,EUR,"Payne, Wall and Hernandez",4010,booked
ERP-301512,REF-893634,06-01-2026,10989.85,EUR,"Williams, Oneill and Torres",2002,booked
ERP-301513,REF-726077,12-03-2026,24709.19,USD,Allen and Sons,4010,booked
ERP-301514,REF-989364,17-04-2026,588.38,EUR,Peters-Ward,2002,booked
ERP-301515,REF-460326,06-03-2026,14979.67,USD,Ramsey-Caldwell,2001,booked
ERP-301516,REF-110282,11-04-2026,24047.12,GBP,Lawrence-Lee,2001,booked
ERP-301517,REF-768510,09-03-2026,12004.79,EUR,"Walker, Garcia and Mcguire",4010,booked
ERP-301518,REF-238116,26-03-2026,23064.53,GBP,Young-Hudson,4010,booked
ERP-301519,REF-798910,28-04-2026,4362.69,USD,Davis PLC,4010,booked
ERP-301520,REF-122232,20-01-2026,7822.68,GBP,Rose-Gonzales,4010,booked
ERP-301521,REF-382130,08-01-2026,15497.36,GBP,Smith and Sons,4010,booked
ERP-301522,REF-870645,07-02-2026,1408.67,GBP,"Wilson, Robertson and Gonzalez",2001,booked
ERP-301523,REF-260986,18-03-2026,21614.1,EUR,Hays-Dalton,4010,booked
ERP-301524,REF-747417,04-01-2026,15242.38,EUR,Reeves Ltd,3050,booked
ERP-301525,REF-457004,16-03-2026,14394.34,USD,Gonzalez-Mcdaniel,2002,booked
ERP-301526,REF-581810,17-04-2026,24340.55,EUR,Charles-Butler,2001,booked
ERP-301527,REF-173494,30-03-2026,12940.36,GBP,Lane-Hines,3050,booked
ERP-301528,REF-584903,21-03-2026,4958.89,EUR,Wilson Ltd,2001,booked
ERP-301529,REF-659877,29-04-2026,19078.41,USD,Arellano-Whitaker,4010,booked
ERP-301530,REF-500496,21-02-2026,10394.61,EUR,Schneider Ltd,2001,booked
ERP-301531,REF-205125,27-04-2026,17952.86,EUR,"Pena, Jones and Sanchez",3050,booked
ERP-301532,REF-168970,23-03-2026,10542.08,USD,Price PLC,3050,booked
ERP-301533,REF-827228,27-04-2026,15421.01,GBP,Kirk-Henson,2002,booked
ERP-301534,REF-312643,03-04-2026,10082.03,USD,Allen Group,4010,booked
ERP-301535,REF-372428,10-02-2026,6254.25,GBP,"Martinez, Joseph and Simmons",3050,booked
ERP-301536,REF-342428,09-02-2026,23653.58,USD,Lopez-Stout,2002,booked
ERP-301537,REF-332065,25-04-2026,6221.8,GBP,"Evans, Conway and Hall",2002,booked
ERP-301538,REF-764315,03-01-2026,3834.36,EUR,Kim Group,2002,booked
ERP-301539,REF-194135,01-04-2026,8183.17,USD,"Salinas, Barnes and Cooper",4010,booked
ERP-301540,REF-952505,17-02-2026,7656.07,USD,Mata Inc,3050,booked
ERP-301541,REF-366263,20-03-2026,17894.53,USD,Newman-Thomas,2002,booked
ERP-301542,REF-980694,03-01-2026,24517.02,EUR,Brown and Sons,2001,booked
ERP-301543,,08-01-2026,7833.7,EUR,Smith Ltd,2001,booked
ERP-301544,REF-146275,14-01-2026,18635.44,GBP,"Bates, Diaz and Lowe",2002,booked
ERP-301545,REF-354880,19-02-2026,980.67,EUR,Davenport PLC,4010,booked
ERP-301546,REF-895516,10-03-2026,8368.43,EUR,Gardner Inc,2002,booked
ERP-301547,REF-118604,06-02-2026,11466.08,EUR,Dickson-Gutierrez,3050,booked
ERP-301548,REF-531652,27-01-2026,8683.32,EUR,Hunter-Nicholson,2001,booked
ERP-301549,REF-147640,25-02-2026,2122.93,EUR,Beard-Cooper,2002,booked
ERP-301550,REF-654965,14-02-2026,431.03,USD,Thompson-Campbell,4010,booked
ERP-301551,REF-489206,14-01-2026,2728.93,USD,Kirk-Henson,3050,booked
ERP-301552,REF-854892,06-04-2026,14756.6,USD,"Owens, Peters and White",4010,booked
ERP-301553,REF-651710,01-02-2026,5383.51,USD,"Molina, Wells and Bright",4010,booked
ERP-301554,REF-506308,07-04-2026,7869.45,EUR,"Howard, Russo and Smith",2001,booked
ERP-301555,REF-235936,05-01-2026,129.33,USD,"Martinez, Henderson and Osborne",2001,booked
ERP-301556,REF-631461,09-04-2026,23077.62,GBP,Erickson and Sons,2001,booked
ERP-301557,REF-186924,23-02-2026,14602.99,EUR,Maxwell-Shepherd,4010,booked
ERP-301558,REF-583906,22-04-2026,4805.04,USD,Brown and Sons,2001,booked
ERP-301559,REF-106712,22-02-2026,15116.96,USD,Brown Ltd,4010,booked
ERP-301560,REF-418529,24-04-2026,23911.42,GBP,"Dorsey, Patterson and Harrison",2001,booked
ERP-301561,REF-110179,09-02-2026,23598.11,GBP,Hawkins-Saunders,3050,booked
ERP-301562,REF-410286,13-01-2026,19814.81,EUR,Allen-Taylor,4010,booked
ERP-301563,REF-380734,03-04-2026,15001.1,USD,Allen-Taylor,4010,booked
ERP-301564,REF-294848,12-01-2026,18701.15,GBP,"Jackson, Romero and Mendez",4010,booked
ERP-301565,REF-128062,11-01-2026,6054.86,GBP,Hamilton-Bautista,4010,booked
ERP-301566,REF-912538,18-02-2026,11610.38,EUR,Roberts Group,4010,booked
ERP-301567,REF-609908,26-02-2026,19953.36,USD,"Chavez, Davis and Walton",4010,booked
ERP-301568,REF-124773,20-03-2026,20807.88,USD,"Yu, Nguyen and Wood",4010,booked
ERP-301569,REF-269616,01-05-2026,24623.55,EUR,Dudley Ltd,2002,booked
ERP-301570,REF-854283,28-01-2026,9633.55,EUR,Mitchell-Byrd,4010,booked
ERP-301571,REF-882498,12-04-2026,17948.48,USD,Lopez-Stout,3050,booked
ERP-301572,REF-310510,15-03-2026,17539.85,USD,Vincent-Mcclure,4010,booked
ERP-301573,,19-02-2026,15197.94,USD,Phillips-Wyatt,3050,booked
ERP-301574,REF-609605,16-02-2026,16573.98,GBP,Thompson-Washington,2002,booked
ERP-301575,REF-125012,12-02-2026,15118.31,GBP,Nguyen-White,4010,booked
ERP-301576,REF-883270,09-04-2026,4833.35,EUR,Kim Group,2001,booked
ERP-301577,REF-524546,20-04-2026,19109.95,GBP,Roberts Group,2002,booked
ERP-301578,REF-859839,10-02-2026,15712.54,EUR,Howard-Mcdonald,4010,booked
ERP-301579,REF-130467,17-04-2026,1601.68,GBP,Orozco Ltd,4010,booked
ERP-301580,REF-336273,19-01-2026,10877.77,USD,Jenkins-Henderson,2002,booked
ERP-301581,REF-986738,11-02-2026,11540.86,EUR,"George, Lewis and Mitchell",4010,booked
ERP-301582,REF-921196,09-02-2026,12694.71,USD,"Howard, Lynch and Morris",4010,booked
ERP-301583,REF-602172,09-03-2026,17472.55,USD,"Berry, Rios and Marshall",4010,booked
ERP-301584,REF-299503,19-01-2026,9896.86,USD,"Ramirez, Hernandez and Fox",3050,booked
ERP-301585,,08-04-2026,24419.23,GBP,Brady-Ford,4010,booked
ERP-301586,REF-585507,25-03-2026,3731.73,EUR,"Garner, Lawson and Richard",2002,booked
ERP-301587,REF-274198,15-03-2026,826.03,GBP,"Brown, Middleton and Williams",4010,booked
ERP-301588,REF-404724,08-04-2026,5757.46,EUR,"Howell, Hart and Swanson",2002,booked
ERP-301589,REF-319509,08-04-2026,12264.17,GBP,"Fleming, King and Herring",3050,booked
ERP-301590,REF-550126,17-01-2026,17223.67,EUR,"Hernandez, Wade and Rodriguez",2002,booked
ERP-301591,REF-959071,23-04-2026,16749.9,GBP,Roberts LLC,2002,booked
ERP-301592,REF-685264,18-04-2026,3121.1,EUR,Pennington PLC,4010,booked
ERP-301593,REF-404244,06-02-2026,132.0,GBP,Prince-Martinez,3050,booked
ERP-301594,REF-700986,20-03-2026,176.63,USD,Lewis-Robinson,2001,booked
ERP-301595,REF-779395,28-02-2026,8126.32,GBP,King-George,2002,booked
ERP-301596,REF-221437,12-01-2026,14905.46,USD,Kelly-Murphy,2001,booked
ERP-301597,REF-476170,27-04-2026,24235.01,USD,Howard LLC,3050,booked
ERP-301598,,18-03-2026,23991.62,EUR,"Snow, Rodgers and Miller",3050,booked
ERP-301599,REF-563629,19-01-2026,18970.94,EUR,Park-Daniels,2001,booked
ERP-301600,REF-221934,24-01-2026,21957.91,GBP,Schneider Ltd,2002,booked
ERP-301601,REF-210968,19-02-2026,200.64,EUR,Robbins LLC,2001,booked
ERP-301602,REF-809633,08-03-2026,22811.32,USD,Brown LLC,4010,booked
ERP-301603,REF-696087,02-04-2026,9913.24,USD,Flynn-Matthews,3050,booked
ERP-301604,,21-02-2026,6945.67,USD,"Hernandez, Hill and Hull",3050,booked
ERP-301605,REF-740914,27-01-2026,6255.9,GBP,Hickman-Walter,4010,booked
ERP-301606,REF-496798,10-01-2026,8263.4,GBP,Mccoy Ltd,4010,booked
ERP-301607,REF-819409,23-04-2026,11655.65,EUR,Smith-Abbott,2002,booked
ERP-301608,REF-733355,17-03-2026,22607.14,EUR,"Mooney, Black and Roach",3050,booked
ERP-301609,REF-375232,20-01-2026,20226.33,EUR,"Shaw, Baker and Scott",3050,booked
ERP-301610,REF-256024,06-01-2026,7866.23,EUR,"Hernandez, Hill and Hull",2001,booked
ERP-301611,REF-254638,23-03-2026,13786.53,USD,Leach-Walker,2001,booked
ERP-301612,REF-684536,23-02-2026,9132.83,EUR,"Rodriguez, Sutton and Santiago",4010,booked
ERP-301613,,09-04-2026,190.26,EUR,"Salinas, Barnes and Cooper",2002,booked
ERP-301614,REF-495344,14-03-2026,17364.67,USD,Smith-Gaines,2001,booked
ERP-301615,REF-774564,25-02-2026,10025.27,EUR,"Bates, Diaz and Lowe",2002,booked
ERP-301616,REF-177474,04-04-2026,22811.3,EUR,Jones-Taylor,3050,booked
ERP-301617,REF-281756,21-01-2026,5627.67,EUR,White Group,3050,booked
ERP-301618,REF-566516,24-04-2026,12287.61,GBP,Wilson Group,3050,booked
ERP-301619,REF-707744,06-03-2026,10413.53,EUR,Johnson-Ruiz,3050,booked
ERP-301620,REF-583427,16-02-2026,22922.48,EUR,"Curry, Wolfe and Ramirez",4010,booked
ERP-301621,REF-249190,12-01-2026,11715.87,USD,Perez-Neal,2001,booked
ERP-301622,REF-558801,16-01-2026,17693.41,EUR,"Rollins, Charles and Black",4010,booked
ERP-301623,REF-167217,23-03-2026,24236.12,GBP,Shaw-Stuart,4010,booked
ERP-301624,,19-03-2026,19800.29,USD,Young-Hudson,4010,booked
ERP-301625,REF-967183,02-03-2026,16230.38,GBP,Nguyen-White,3050,booked
ERP-301626,REF-968931,29-04-2026,24361.78,USD,Thomas PLC,4010,booked
ERP-301627,REF-815839,01-04-2026,4107.72,GBP,Nguyen-Roberts,4010,booked
ERP-301628,REF-424253,06-04-2026,8049.25,GBP,"Hernandez, Hill and Hull",2001,booked
ERP-301629,REF-296769,12-01-2026,23530.42,GBP,Johnson-Ruiz,2001,booked
ERP-301630,REF-904070,05-03-2026,20941.13,EUR,"Curtis, Turner and Soto",2002,booked
ERP-301631,REF-279217,21-02-2026,23901.16,EUR,"Ward, Garcia and Henry",4010,booked
ERP-301632,REF-222222,26-04-2026,18422.52,USD,Li-Martinez,2002,booked
ERP-301633,REF-223505,22-02-2026,1932.44,EUR,Young-Hudson,3050,booked
ERP-301634,REF-451216,02-01-2026,15414.59,EUR,Thompson-Campbell,3050,booked
ERP-301635,REF-419865,27-02-2026,15231.03,GBP,Robbins LLC,2001,booked
ERP-301636,REF-149722,10-03-2026,11463.83,EUR,"Johnson, Phillips and Brown",3050,booked
ERP-301637,REF-573871,03-02-2026,7347.52,EUR,Fitzgerald PLC,4010,booked
ERP-301638,REF-167111,26-03-2026,4570.33,EUR,"Rogers, Anderson and Campos",2001,booked
ERP-301639,REF-521593,13-04-2026,24530.18,EUR,Griffin Inc,2002,booked
ERP-301640,REF-236877,01-04-2026,2575.9,USD,Reeves Ltd,4010,booked
ERP-301641,REF-165669,25-01-2026,21808.32,EUR,Gonzalez Inc,3050,booked
ERP-301642,REF-520835,07-03-2026,8684.25,GBP,"Davis, Kim and Ingram",4010,booked
ERP-301643,REF-743251,17-04-2026,10833.96,USD,Brady-Ford,2001,booked
ERP-301644,REF-807276,18-04-2026,6082.41,GBP,Jones Group,4010,booked
ERP-301645,,11-04-2026,13085.78,EUR,Kennedy-Marks,4010,booked
ERP-301646,REF-183879,26-02-2026,11234.67,USD,Allen Inc,2002,booked
ERP-301647,REF-848512,24-03-2026,21472.99,EUR,Cooper PLC,3050,booked
ERP-301648,REF-843635,09-02-2026,20399.97,EUR,Hughes Inc,4010,booked
ERP-301649,REF-209325,07-02-2026,22312.02,EUR,"Bates, Diaz and Lowe",3050,booked
ERP-301650,REF-639911,05-02-2026,9518.34,USD,Davis-Mitchell,4010,booked
ERP-301651,,02-01-2026,22952.54,EUR,Peters-Ward,3050,booked
ERP-301652,REF-853308,01-05-2026,5178.07,USD,"Hernandez, Wade and Rodriguez",4010,booked
ERP-301653,REF-674739,25-04-2026,13754.35,USD,Jimenez-Bradley,4010,booked
ERP-301654,REF-434254,10-01-2026,12287.78,GBP,Jones-Turner,3050,booked
ERP-301655,REF-780041,11-02-2026,24407.16,USD,"Curtis, Turner and Soto",3050,booked
ERP-301656,REF-948303,19-01-2026,3296.26,GBP,Johnson-Ruiz,3050,booked
ERP-301657,REF-256172,10-02-2026,12298.37,GBP,"Thompson, Cooper and Young",2001,booked
ERP-301658,REF-999933,29-03-2026,4734.11,GBP,Howard-Mcdonald,2001,booked
ERP-301659,REF-851356,13-04-2026,14407.47,USD,"Curry, Wolfe and Ramirez",2002,booked
ERP-301660,,22-02-2026,22608.33,EUR,Church Inc,2002,booked
ERP-301661,REF-284445,30-03-2026,15030.64,GBP,"Gray, Williams and Weaver",2002,booked
ERP-301662,REF-404086,12-01-2026,12574.96,USD,Reynolds LLC,2001,booked
ERP-301663,REF-718753,22-04-2026,20616.93,USD,"Edwards, Anderson and Taylor",4010,booked
ERP-301664,REF-607776,27-04-2026,12239.18,EUR,"Adams, Rodriguez and Walker",2002,booked
ERP-301665,REF-937825,04-02-2026,19548.5,USD,"Martinez, Henderson and Osborne",2002,booked
ERP-301666,REF-337076,20-01-2026,8968.7,GBP,Jones-Turner,4010,booked
ERP-301667,REF-998524,08-04-2026,24414.43,USD,Wade PLC,2002,booked
ERP-301668,REF-823540,28-01-2026,21535.89,USD,Zimmerman Group,2002,booked
ERP-301669,REF-985396,28-01-2026,6259.94,USD,Davis-Mitchell,4010,booked
ERP-301670,REF-668054,27-04-2026,4682.94,GBP,"Martinez, Joseph and Simmons",2002,booked
ERP-301671,REF-887471,10-04-2026,22985.46,GBP,Erickson and Sons,2002,booked
ERP-301672,REF-426317,08-03-2026,10294.58,EUR,"Snow, Rodgers and Miller",2001,booked
ERP-301673,REF-563748,15-03-2026,11447.78,EUR,Silva-Green,3050,booked
ERP-301674,REF-171766,25-04-2026,17790.7,GBP,Wagner Ltd,2001,booked
ERP-301675,REF-761224,01-04-2026,19572.79,EUR,"Taylor, Zavala and Bates",2002,booked
ERP-301676,REF-819308,22-03-2026,7269.44,GBP,Jackson LLC,2002,booked
ERP-301677,REF-494691,08-03-2026,3825.89,USD,Jones Group,2001,booked
ERP-301678,REF-928368,03-01-2026,23558.97,EUR,"Shaw, Baker and Scott",3050,booked
ERP-301679,REF-955896,05-02-2026,21406.91,USD,Esparza-Carroll,3050,booked
ERP-301680,REF-290046,14-04-2026,21909.92,USD,Wong PLC,3050,booked
ERP-301681,REF-276743,13-02-2026,21122.4,USD,Moore LLC,3050,booked
ERP-301682,,28-03-2026,14637.26,USD,Davis PLC,4010,booked
ERP-301683,REF-816269,17-01-2026,343.66,GBP,"Nelson, Bowers and Cooper",2001,booked
ERP-301684,REF-839889,22-03-2026,17478.8,EUR,Anderson-Parks,4010,booked
ERP-301685,REF-791582,16-01-2026,16469.41,GBP,Edwards-Boyd,2001,booked
ERP-301686,REF-647084,28-03-2026,20898.9,EUR,"Bates, Diaz and Lowe",2001,booked
ERP-301687,REF-163282,31-01-2026,24196.72,GBP,Banks-Savage,4010,booked
ERP-301688,REF-687736,13-03-2026,11475.82,USD,Allen Ltd,4010,booked
ERP-301689,REF-551283,11-03-2026,10313.07,USD,Rivera-Stanley,2001,booked
ERP-301690,REF-972380,02-01-2026,20731.99,USD,Bowers Ltd,4010,booked
ERP-301691,REF-639858,15-03-2026,20018.7,GBP,Thomas PLC,4010,booked
ERP-301692,REF-456844,14-04-2026,19966.12,GBP,Allen Inc,3050,booked
ERP-301693,REF-450061,09-02-2026,112.22,USD,Maxwell-Shepherd,3050,booked
ERP-301694,REF-741505,02-01-2026,23812.36,USD,Esparza-Carroll,2002,booked
ERP-301695,REF-228106,17-02-2026,6812.28,EUR,Webster and Sons,4010,booked
ERP-301696,REF-256708,17-01-2026,10876.03,USD,"Matthews, Howard and Brown",2002,booked
ERP-301697,REF-904071,16-04-2026,20252.58,GBP,Bowers Ltd,2002,booked
ERP-301698,REF-950078,24-04-2026,17077.93,GBP,Murray Group,2001,booked
ERP-301699,REF-504375,26-03-2026,11951.02,EUR,"Roberts, Frazier and Smith",2002,booked
ERP-301700,REF-403421,25-02-2026,11602.6,GBP,Mata Inc,2002,booked
ERP-301701,REF-941785,23-03-2026,13166.17,GBP,Wright Group,3050,booked
ERP-301702,REF-936625,14-02-2026,18945.08,GBP,Dickson-Gutierrez,4010,booked
ERP-301703,REF-593912,23-02-2026,5598.27,EUR,Garcia and Sons,2002,booked
ERP-301704,REF-208174,20-01-2026,21416.49,EUR,Silva-Green,3050,booked
ERP-301705,,14-02-2026,205.39,GBP,Randall-Kerr,2002,booked
ERP-301706,REF-804098,18-02-2026,18414.13,EUR,Walter Inc,2002,booked
ERP-301707,REF-510451,27-03-2026,14969.78,USD,Gardner-Hayes,3050,booked
ERP-301708,REF-698757,24-04-2026,23101.27,EUR,Gardner Inc,4010,booked
ERP-301709,REF-908623,28-04-2026,2440.77,EUR,"Garcia, Mercado and West",4010,booked
ERP-301710,REF-561876,11-03-2026,19824.56,GBP,Gray PLC,4010,booked
ERP-301711,REF-194970,26-02-2026,13569.45,EUR,"Shaw, Baker and Scott",2001,booked
ERP-301712,REF-257073,08-01-2026,9891.91,GBP,"Fox, Hernandez and Ryan",4010,booked
ERP-301713,REF-960092,24-01-2026,14881.74,USD,Reynolds-Harris,2001,booked
ERP-301714,,28-01-2026,22620.14,GBP,"Pena, Jones and Sanchez",2002,booked
ERP-301715,REF-428214,31-03-2026,18182.44,GBP,Mccoy-Mccarthy,2002,booked
ERP-301716,REF-670224,19-04-2026,5391.06,EUR,Reeves Ltd,2001,booked
ERP-301717,REF-997127,24-01-2026,2670.55,USD,"Adams, Rodriguez and Walker",4010,booked
ERP-301718,REF-473546,05-01-2026,15646.17,GBP,Dudley Ltd,2001,booked
ERP-301719,REF-254773,20-03-2026,13418.29,GBP,Todd-Oconnor,2002,booked
ERP-301720,REF-470162,15-03-2026,1878.79,USD,Robbins LLC,4010,booked
ERP-301721,REF-211376,21-02-2026,6390.79,USD,Bauer Inc,4010,booked
ERP-301722,REF-215518,22-01-2026,7967.07,GBP,Leach-Walker,2002,booked
ERP-301723,REF-619382,09-04-2026,8130.54,GBP,Jones-Fuentes,4010,booked
ERP-301724,REF-674171,21-04-2026,15840.81,GBP,Mccoy-Mccarthy,2001,booked
ERP-301725,REF-144565,18-04-2026,6347.99,GBP,Lewis-Robinson,3050,booked
ERP-301726,REF-813141,17-03-2026,770.18,EUR,Price PLC,3050,booked
ERP-301727,REF-248540,03-02-2026,14298.18,USD,"Salinas, Barnes and Cooper",4010,booked
ERP-301728,REF-147077,25-01-2026,15130.37,GBP,Hammond Ltd,3050,booked
ERP-301729,REF-819723,11-04-2026,14571.7,USD,Thompson-Campbell,2002,booked
ERP-301730,REF-761993,18-03-2026,6769.96,EUR,Hunter-Nicholson,4010,booked
ERP-301731,REF-254683,02-04-2026,23797.34,USD,Richard LLC,2001,booked
ERP-301732,,19-04-2026,11329.09,USD,Howard-Mcdonald,2002,booked
ERP-301733,REF-233038,20-01-2026,7221.67,USD,Jenkins-Henderson,2001,booked
ERP-301734,REF-928394,29-04-2026,7043.91,USD,Murray Group,2001,booked
ERP-301735,REF-197233,30-01-2026,10691.43,GBP,Rivera-Stanley,4010,booked
ERP-301736,REF-327587,14-04-2026,12994.97,GBP,Perez-Neal,4010,booked
ERP-301737,REF-409778,09-02-2026,20603.53,USD,Brady-Ford,2002,booked
ERP-301738,REF-594641,07-03-2026,13861.62,GBP,"Russell, Scott and Ramsey",4010,booked
ERP-301739,REF-756166,08-01-2026,1998.78,GBP,Allen and Sons,2001,booked
ERP-301740,REF-928744,02-02-2026,12032.1,EUR,"Hobbs, Blanchard and Porter",3050,booked
ERP-301741,REF-314687,30-04-2026,17702.99,EUR,Arellano-Whitaker,4010,booked
ERP-301742,REF-196715,04-01-2026,4136.58,EUR,"Williams, Oneill and Torres",4010,booked
ERP-301743,REF-631196,09-03-2026,15681.8,GBP,Wilson and Sons,2002,booked
ERP-301744,REF-147223,16-03-2026,12886.35,EUR,"Jackson, Romero and Mendez",2002,booked
ERP-301745,REF-582168,09-02-2026,19943.96,GBP,Moore LLC,2002,booked
ERP-301746,REF-289776,16-01-2026,4072.3,GBP,"Frey, Mcgee and Bailey",3050,booked
ERP-301747,REF-991800,26-01-2026,17715.17,USD,"Peterson, Hood and Arroyo",3050,booked
ERP-301748,REF-364633,26-01-2026,24713.71,USD,Jones-Taylor,2002,booked
ERP-301749,REF-507684,04-01-2026,24172.62,USD,Peterson LLC,4010,booked
ERP-301750,REF-478986,29-04-2026,18172.12,GBP,Flynn Group,4010,booked
ERP-301751,REF-704190,13-02-2026,4855.7,GBP,"Garner, Lawson and Richard",3050,booked
ERP-301752,REF-462855,16-03-2026,2255.24,EUR,Gonzalez-Pennington,2001,booked
ERP-301753,REF-178638,13-01-2026,9098.9,USD,King LLC,3050,booked
ERP-301754,REF-102658,12-01-2026,24820.75,GBP,Green Ltd,4010,booked
ERP-301755,REF-576252,18-02-2026,5623.69,GBP,Thornton and Sons,4010,booked
ERP-301756,REF-481506,08-01-2026,7656.18,GBP,Anderson-Parks,4010,booked
ERP-301757,,01-03-2026,15461.11,USD,Rogers Inc,4010,booked
ERP-301758,REF-821273,12-03-2026,12711.71,EUR,Jones-Fuentes,4010,booked
ERP-301759,REF-322862,17-04-2026,21553.26,GBP,Bowman LLC,3050,booked
ERP-301760,REF-566039,08-03-2026,14873.34,EUR,Charles-Butler,4010,booked
ERP-301761,REF-769543,02-04-2026,22680.43,EUR,Hamilton-Bautista,3050,booked
ERP-301762,REF-943820,26-02-2026,8335.83,USD,Lane-Hines,2001,booked
ERP-301763,REF-876295,08-02-2026,6210.67,GBP,Wagner Ltd,3050,booked
ERP-301764,REF-941131,06-01-2026,20964.81,EUR,"Nelson, Bowers and Cooper",4010,booked
ERP-301765,REF-329020,01-02-2026,21597.63,GBP,"Bates, Diaz and Lowe",2001,booked
ERP-301766,REF-758804,23-01-2026,1357.97,USD,Holmes and Sons,2002,booked
ERP-301767,REF-376389,12-01-2026,21579.48,USD,Gardner-Hayes,2002,booked
ERP-301768,REF-861475,04-01-2026,10262.11,USD,"Williams, Oneill and Torres",2002,booked
ERP-301769,,04-03-2026,14260.38,USD,Wade PLC,2001,booked
ERP-301770,REF-941633,22-03-2026,12244.74,USD,Mckinney-Cooper,3050,booked
ERP-301771,REF-366658,30-01-2026,12819.45,USD,Price PLC,2001,booked
ERP-301772,REF-573627,21-04-2026,15368.12,USD,Peterson LLC,3050,booked
ERP-301773,REF-700347,26-03-2026,22221.72,GBP,Roberts Group,2001,booked
ERP-301774,REF-973888,27-01-2026,3126.84,EUR,Mcdowell-Watts,2001,booked
ERP-301775,REF-773885,18-03-2026,24462.33,USD,Rhodes Ltd,3050,booked
ERP-301776,REF-182193,26-01-2026,134.37,EUR,"Hernandez, Wade and Rodriguez",2001,booked
ERP-301777,REF-401869,09-03-2026,22740.85,EUR,Davis-Mitchell,2001,booked
ERP-301778,REF-609628,21-01-2026,9384.32,USD,Wilson Group,3050,booked
ERP-301779,REF-653508,10-04-2026,9144.11,EUR,Gonzalez Inc,3050,booked
ERP-301780,REF-681337,07-03-2026,396.95,GBP,Bowman LLC,3050,booked
ERP-301781,REF-921930,14-02-2026,693.39,EUR,Smith-Ortiz,3050,booked
ERP-301782,REF-617115,30-04-2026,7518.13,EUR,Arroyo-Pope,4010,booked
ERP-301783,REF-845217,08-01-2026,15401.98,USD,Skinner Ltd,2002,booked
ERP-301784,REF-542261,11-04-2026,4957.01,GBP,"Wilson, Robertson and Gonzalez",2001,booked
ERP-301785,,19-01-2026,19561.41,USD,Randolph and Sons,3050,booked
ERP-301786,REF-928695,31-01-2026,24010.55,EUR,Edwards-Boyd,4010,booked
ERP-301787,REF-156590,07-03-2026,17491.4,EUR,Kirk-Henson,2001,booked
ERP-301788,REF-594455,29-03-2026,11854.39,EUR,Harvey Inc,4010,booked
ERP-301789,,06-03-2026,925.27,GBP,Garcia Ltd,2002,booked
ERP-301790,REF-327680,01-04-2026,17157.16,GBP,Lane-Hines,4010,booked
ERP-301791,REF-523814,25-02-2026,13005.33,EUR,"Hernandez, Hill and Hull",4010,booked
ERP-301792,REF-863290,20-01-2026,10888.25,EUR,"Yu, Nguyen and Wood",4010,booked
ERP-301793,REF-693995,20-03-2026,11104.58,EUR,Jackson LLC,4010,booked
ERP-301794,REF-392708,20-03-2026,7791.04,USD,Lopez-Stout,2001,booked
ERP-301795,REF-980575,24-01-2026,23969.45,USD,Murray Group,3050,booked
ERP-301796,REF-639682,27-01-2026,1354.51,EUR,Cooper Ltd,4010,booked
ERP-301797,REF-940058,16-04-2026,16573.24,GBP,Brown-Huynh,3050,booked
ERP-301798,REF-589571,22-01-2026,5390.52,EUR,Orozco Ltd,4010,booked
ERP-301799,REF-486566,21-04-2026,11090.84,EUR,Cobb Group,3050,booked
ERP-301800,REF-294646,25-01-2026,1265.31,USD,"Hayes, Luna and Miller",2002,booked
ERP-301801,REF-521749,01-01-2026,5200.0,GBP,Li-Martinez,3050,booked
ERP-301802,,21-03-2026,14519.96,EUR,Howard-Mcdonald,2001,booked
ERP-301803,REF-331552,16-01-2026,15697.09,EUR,Johnson-Ruiz,4010,booked
ERP-301804,REF-357770,06-02-2026,5999.19,USD,Mckinney-Cooper,4010,booked
ERP-301805,REF-538849,03-01-2026,24201.34,EUR,"Liu, Parsons and Delacruz",3050,booked
ERP-301806,REF-884677,26-04-2026,2840.55,USD,Morgan-Mckinney,2002,booked
ERP-301807,REF-934394,13-04-2026,20259.57,USD,"Snow, Rodgers and Miller",4010,booked
ERP-301808,REF-411217,16-03-2026,8287.91,USD,Fletcher-Pruitt,2001,booked
ERP-301809,REF-997784,09-01-2026,3588.55,USD,Wilson Ltd,4010,booked
ERP-301810,REF-605407,10-02-2026,5096.99,USD,Buckley and Sons,4010,booked
ERP-301811,REF-924484,13-01-2026,849.3,GBP,Rivera-Stanley,3050,booked
ERP-301812,REF-734524,18-02-2026,9532.54,USD,Allen-Taylor,3050,booked
ERP-301813,REF-496806,10-04-2026,22314.69,GBP,"Hobbs, Blanchard and Porter",2001,booked
ERP-301814,REF-472184,29-04-2026,9658.03,GBP,"Thompson, Cooper and Young",4010,booked
ERP-301815,REF-254355,24-02-2026,13461.17,GBP,Jimenez-Bradley,2001,booked
ERP-301816,REF-103384,18-04-2026,24746.74,USD,"Moss, Atkins and Daniels",4010,booked
ERP-301817,REF-985007,14-02-2026,16677.63,GBP,"Murphy, Jordan and Whitney",2001,booked
ERP-301818,REF-787905,24-03-2026,2651.9,EUR,Gardner-Hayes,2002,booked
ERP-301819,REF-486290,27-01-2026,3753.68,EUR,Barrera Group,3050,booked
ERP-301820,REF-770000,23-02-2026,21985.04,GBP,Simmons-Green,3050,booked
ERP-301821,REF-346621,10-03-2026,16373.77,EUR,"Ramirez, Hernandez and Fox",4010,booked
ERP-301822,REF-949195,18-02-2026,16019.29,USD,Schneider Ltd,2001,booked
ERP-301823,REF-640645,17-01-2026,8040.39,EUR,Wilson and Sons,2001,booked
ERP-301824,REF-719593,21-02-2026,2865.57,GBP,Mata Inc,3050,booked
ERP-301825,REF-782646,14-03-2026,22643.99,USD,Brown and Sons,2001,booked
ERP-301826,REF-416470,28-01-2026,22867.84,GBP,Church Inc,3050,booked
ERP-301827,REF-720258,18-02-2026,12901.34,GBP,Wade PLC,4010,booked
ERP-301828,REF-440276,10-02-2026,24412.6,GBP,Wilson Group,2002,booked
ERP-301829,REF-101464,15-01-2026,8736.47,GBP,Schneider Ltd,3050,booked
ERP-301830,REF-764965,24-04-2026,5273.18,EUR,"Ward, Garcia and Henry",2002,booked
ERP-301831,REF-439040,27-04-2026,9624.1,EUR,Charles-Butler,3050,booked
ERP-301832,REF-798779,01-02-2026,124.05,USD,Crawford Ltd,2001,booked
ERP-301833,REF-510185,14-01-2026,1310.5,GBP,Robinson Group,4010,booked
ERP-301834,REF-365387,25-02-2026,12877.02,GBP,"Johnson, Phillips and Brown",3050,booked
ERP-301835,REF-552035,12-02-2026,24513.58,GBP,Smith and Sons,2002,booked
ERP-301836,REF-818876,24-03-2026,2163.97,GBP,"Miller, Anderson and Padilla",4010,booked
ERP-301837,,16-03-2026,22534.48,GBP,Mitchell-Jones,3050,booked
ERP-301838,REF-645859,07-03-2026,17553.48,EUR,"Ward, Garcia and Henry",2001,booked
ERP-301839,REF-770317,30-03-2026,22830.69,EUR,Jackson LLC,2002,booked
ERP-301840,REF-279123,09-04-2026,2580.97,EUR,Shaw-Decker,2002,booked
ERP-301841,REF-975595,01-02-2026,275.44,USD,Davis PLC,4010,booked
ERP-301842,REF-592585,27-04-2026,16003.8,EUR,Spears-Beck,2001,booked
ERP-301843,REF-929819,23-04-2026,536.09,USD,Hamilton-Bautista,2001,booked
ERP-301844,REF-803502,17-03-2026,10935.78,GBP,"Bryant, Harrison and Carter",2002,booked
ERP-301845,REF-756994,27-03-2026,22698.2,GBP,King-George,4010,booked
ERP-301846,REF-744031,08-03-2026,19337.49,USD,Rose-Gonzales,3050,booked
ERP-301847,REF-602777,05-03-2026,195.74,EUR,"Malone, Bell and Bryant",4010,booked
ERP-301848,REF-112042,11-03-2026,3153.01,USD,Lane-Hines,2002,booked
ERP-301849,REF-443310,06-04-2026,20432.86,USD,Thomas PLC,2002,booked
ERP-301850,REF-893048,21-02-2026,24433.74,EUR,Nguyen-Roberts,4010,booked
ERP-301851,REF-966185,24-04-2026,21712.67,USD,Mullins-Cabrera,3050,booked
ERP-301852,REF-269063,26-04-2026,21936.22,USD,"Chavez, Davis and Walton",2001,booked
ERP-301853,REF-269841,21-02-2026,22444.2,GBP,"Ward, Garcia and Henry",3050,booked
ERP-301854,REF-139252,28-03-2026,13689.86,EUR,Leach-Walker,4010,booked
ERP-301855,REF-896381,24-01-2026,13335.65,GBP,King-George,2002,booked
ERP-301856,REF-531340,06-01-2026,7687.0,USD,Hawkins-Saunders,4010,booked
ERP-301857,REF-595303,03-04-2026,14291.34,USD,Gordon-Roberts,4010,booked
ERP-301858,REF-599249,24-02-2026,17889.98,EUR,Randolph and Sons,2002,booked
ERP-301859,REF-140721,29-01-2026,1066.95,GBP,Moore LLC,2001,booked
ERP-301860,REF-426839,10-04-2026,12478.31,GBP,"Graham, Garrett and Caldwell",3050,booked
ERP-301861,REF-479266,05-01-2026,5979.69,EUR,"Cox, Fernandez and Baker",4010,booked
ERP-301862,REF-178332,23-03-2026,235.62,USD,"Williams, Oneill and Torres",2001,booked
ERP-301863,REF-590716,28-02-2026,11268.14,GBP,"Howard, Russo and Smith",2002,booked
ERP-301864,REF-906384,03-01-2026,16986.43,USD,Jones-Graham,3050,booked
ERP-301865,REF-548290,12-03-2026,2392.09,USD,Todd-Oconnor,4010,booked
ERP-301866,REF-626469,16-01-2026,11763.72,USD,"Johnson, Harrison and Thomas",4010,booked
ERP-301867,REF-606341,20-03-2026,16493.69,GBP,Coffey-Howell,4010,booked
ERP-301868,REF-718543,30-04-2026,15617.58,GBP,Colon Group,4010,booked
ERP-301869,,18-01-2026,19200.9,EUR,Brown and Sons,2002,booked
ERP-301870,REF-864241,26-01-2026,6798.9,EUR,Arellano-Whitaker,2001,booked
ERP-301871,REF-169689,23-03-2026,20544.94,EUR,Gallegos-Stewart,3050,booked
ERP-301872,REF-559002,11-04-2026,6637.84,GBP,"Nguyen, Williams and Smith",3050,booked
ERP-301873,REF-740794,02-04-2026,16710.18,GBP,"Roberts, Frazier and Smith",2002,booked
ERP-301874,REF-659790,08-01-2026,10051.87,USD,Shaw-Stuart,2001,booked
ERP-301875,REF-776163,23-04-2026,17349.27,GBP,"Rogers, Anderson and Campos",3050,booked
ERP-301876,REF-612393,05-03-2026,4541.33,GBP,Davis PLC,4010,booked
ERP-301877,REF-412110,19-02-2026,14218.29,GBP,Ramsey-Caldwell,3050,booked
ERP-301878,,16-03-2026,16339.29,EUR,Holmes and Sons,2002,booked
ERP-301879,,01-03-2026,3554.85,GBP,Kim Group,2002,booked
ERP-301880,REF-358500,08-02-2026,18744.25,GBP,Austin-Bonilla,4010,booked
ERP-301881,REF-861170,23-02-2026,14798.47,EUR,Richards-Johnson,4010,booked
ERP-301882,REF-864776,26-02-2026,17748.02,EUR,"Dorsey, Patterson and Harrison",4010,booked
ERP-301883,REF-798681,09-04-2026,10231.16,EUR,"Savage, Garcia and Robinson",3050,booked
ERP-301884,REF-853358,10-03-2026,188.58,USD,Reeves Ltd,3050,booked
ERP-301885,REF-833176,10-02-2026,4584.45,GBP,Kirk-Morales,3050,booked
ERP-301886,REF-101483,18-02-2026,3014.35,USD,Elliott-Wallace,4010,booked
ERP-301887,REF-216810,01-02-2026,1730.37,EUR,Moore LLC,2002,booked
ERP-301888,,25-01-2026,2658.62,USD,Moore LLC,2001,booked
ERP-301889,REF-787036,13-03-2026,11814.92,USD,Peters-Ward,2001,booked
ERP-301890,REF-443778,15-04-2026,3306.84,USD,"Howard, Lynch and Morris",2001,booked
ERP-301891,REF-170294,01-05-2026,19864.28,USD,"Molina, Wells and Bright",3050,booked
ERP-301892,REF-815938,13-02-2026,12903.97,EUR,"Martinez, Joseph and Simmons",2002,booked
ERP-301893,REF-209454,13-02-2026,11146.69,GBP,Fitzgerald-Watson,3050,booked
ERP-301894,REF-504819,04-03-2026,22668.96,USD,Kelly-Murphy,2001,booked
ERP-301895,REF-828735,28-03-2026,11054.45,GBP,Walters LLC,2002,booked
ERP-301896,REF-569341,06-03-2026,24458.97,EUR,Anderson LLC,3050,booked
ERP-301897,REF-371245,19-01-2026,8925.44,GBP,Pena Inc,2002,booked
ERP-301898,REF-152611,07-04-2026,24644.11,GBP,"Cox, Fernandez and Baker",2002,booked
ERP-301899,,12-03-2026,21319.56,USD,Thornton and Sons,2001,booked
ERP-301900,REF-663811,14-04-2026,21889.66,EUR,Randolph and Sons,2002,booked
ERP-301901,REF-867847,25-02-2026,3147.12,GBP,"Fox, Hernandez and Ryan",4010,booked
ERP-301902,REF-566762,01-02-2026,2505.35,EUR,"Johnson, Meyer and Hanna",4010,booked
ERP-301903,REF-295515,25-02-2026,5978.08,GBP,Farrell-Willis,3050,booked
ERP-301904,REF-170326,09-02-2026,19013.82,GBP,Cooper PLC,2002,booked
ERP-301905,REF-713659,15-03-2026,3430.42,GBP,Jones Group,3050,booked
ERP-301906,REF-575402,23-02-2026,23703.18,EUR,Flynn Group,2001,booked
ERP-301907,REF-561552,17-02-2026,10061.69,GBP,Newman-Thomas,4010,booked
ERP-301908,REF-624428,02-01-2026,1195.55,EUR,Kennedy-Marks,4010,booked
ERP-301909,REF-876366,08-02-2026,24901.8,EUR,Smith-Ortiz,3050,booked
ERP-301910,REF-420119,18-01-2026,891.66,EUR,Webster and Sons,2002,booked
ERP-301911,REF-217480,14-01-2026,6064.32,USD,Rose-Gonzales,2001,booked
ERP-301912,REF-365238,30-04-2026,6930.09,EUR,Farrell-Willis,4010,booked
ERP-301913,REF-359462,23-04-2026,23882.13,GBP,"Gray, Williams and Weaver",4010,booked
ERP-301914,REF-744588,18-03-2026,22601.35,GBP,Phillips-Wyatt,3050,booked
ERP-301915,REF-222602,18-04-2026,3456.27,GBP,Howard-Mcdonald,3050,booked
ERP-301916,REF-109466,18-04-2026,21405.14,GBP,"Hernandez, Wade and Rodriguez",4010,booked
ERP-301917,REF-822078,23-02-2026,4308.76,EUR,Arellano-Whitaker,4010,booked
ERP-301918,REF-389947,12-01-2026,3227.46,USD,Murray Group,3050,booked
ERP-301919,REF-896883,02-01-2026,1255.52,EUR,Shaw-Stuart,2002,booked
ERP-301920,REF-607737,01-03-2026,2173.82,GBP,Green Ltd,3050,booked
ERP-301921,REF-565371,17-01-2026,11034.88,USD,Robinson and Sons,2002,booked
ERP-301922,REF-153481,01-04-2026,15190.23,USD,Jacobs PLC,3050,booked
ERP-301923,REF-298121,02-03-2026,12618.56,EUR,Hays-Dalton,4010,booked
ERP-301924,,31-03-2026,8682.27,USD,"George, Lewis and Mitchell",4010,booked
ERP-301925,REF-193158,18-03-2026,21412.96,GBP,"Martinez, Joseph and Simmons",3050,booked
ERP-301926,REF-159112,22-03-2026,3705.17,GBP,Buckley and Sons,3050,booked
ERP-301927,REF-328903,19-03-2026,16724.64,USD,Nguyen-White,4010,booked
ERP-301928,REF-487633,21-02-2026,23297.39,EUR,"Rodriguez, Sutton and Santiago",3050,booked
ERP-301929,REF-654027,20-04-2026,20505.63,EUR,"Howard, Russo and Smith",3050,booked
ERP-301930,REF-696515,20-02-2026,2727.93,GBP,Cooper PLC,4010,booked
ERP-301931,REF-246456,23-03-2026,18425.67,GBP,"Rollins, Charles and Black",2002,booked
ERP-301932,REF-515759,04-03-2026,11342.65,USD,Nguyen-Roberts,2002,booked
ERP-301933,REF-769383,16-02-2026,3068.45,GBP,Walters PLC,2002,booked
ERP-301934,,14-04-2026,13935.87,USD,Jones-Turner,4010,booked
ERP-301935,REF-551875,21-02-2026,12656.85,EUR,Wilson Ltd,2001,booked
ERP-301936,REF-450431,24-01-2026,13246.2,EUR,Gomez-Cardenas,2002,booked
ERP-301937,REF-968125,02-04-2026,12208.84,GBP,Wilson Ltd,3050,booked
ERP-301938,REF-210472,20-02-2026,21884.08,EUR,"Payne, Wall and Hernandez",4010,booked
ERP-301939,REF-362752,04-02-2026,23567.6,GBP,Silva-Green,2002,booked
ERP-301940,REF-359600,11-03-2026,17392.7,USD,Cobb Group,2001,booked
ERP-301941,REF-938649,21-01-2026,2299.2,GBP,Mata Inc,2002,booked
ERP-301942,REF-169801,28-03-2026,6078.09,EUR,Hunt PLC,3050,booked
ERP-301943,REF-910846,26-03-2026,15119.77,USD,"Evans, Conway and Hall",2002,booked
ERP-301944,REF-423912,19-04-2026,20525.2,USD,Bowman LLC,2001,booked
ERP-301945,REF-111319,27-02-2026,22450.28,GBP,Mccoy Ltd,2001,booked
ERP-301946,REF-498919,15-01-2026,4488.56,USD,Schneider Ltd,4010,booked
ERP-301947,REF-271993,24-04-2026,4025.43,USD,Allen Group,2001,booked
ERP-301948,REF-942221,15-01-2026,10037.26,GBP,Anderson Inc,2002,booked
ERP-301949,REF-279428,22-01-2026,10821.95,USD,"Johnson, Harrison and Thomas",2001,booked
ERP-301950,REF-934001,11-02-2026,16626.97,USD,Howe and Sons,4010,booked
ERP-301951,REF-861346,25-03-2026,1261.54,USD,Walters LLC,2002,booked
ERP-301952,REF-860305,01-02-2026,11060.6,EUR,Fletcher-Pruitt,2002,booked
ERP-301953,,10-01-2026,21249.55,GBP,"Savage, Garcia and Robinson",4010,booked
ERP-301954,REF-556791,14-03-2026,6806.13,EUR,Rhodes Ltd,3050,booked
ERP-301955,REF-789589,11-03-2026,13587.04,USD,Zimmerman Group,2001,booked
ERP-301956,REF-691915,04-02-2026,14622.17,EUR,Allen and Sons,2002,booked
ERP-301957,REF-838164,02-02-2026,16645.38,GBP,Dickson-Padilla,2002,booked
ERP-301958,REF-597341,13-03-2026,13314.58,GBP,Randall-Kerr,2001,booked
ERP-301959,REF-955194,25-04-2026,4106.14,EUR,"Savage, Garcia and Robinson",2002,booked
ERP-301960,REF-895655,03-04-2026,14648.77,USD,Mccoy Ltd,2002,booked
ERP-301961,REF-509394,01-05-2026,20765.14,EUR,"Malone, Bell and Bryant",2002,booked
ERP-301962,REF-535790,23-01-2026,6404.26,GBP,"Curtis, Turner and Soto",2001,booked
ERP-301963,REF-384054,27-01-2026,18511.41,GBP,Wong PLC,3050,booked
ERP-301964,REF-349180,18-02-2026,4511.3,GBP,Mcclain-Jensen,3050,booked
ERP-301965,REF-281958,26-02-2026,4471.38,GBP,Colon Group,2001,booked
ERP-301966,,13-04-2026,6545.74,GBP,"Howard, Lynch and Morris",2001,booked
ERP-301967,REF-350202,26-04-2026,3529.34,EUR,Mcclain-Jensen,4010,booked
ERP-301968,REF-723832,14-04-2026,2877.94,USD,"Lewis, Joyce and Robertson",2001,booked
ERP-301969,REF-466997,11-01-2026,10632.9,EUR,Robinson and Sons,4010,booked
ERP-301970,REF-927538,23-02-2026,4147.31,GBP,Morris Inc,2001,booked
ERP-301971,REF-499220,08-04-2026,21265.41,GBP,Spears-Beck,2001,booked
ERP-301972,REF-358674,22-01-2026,16049.92,USD,Rogers Inc,2002,booked
ERP-301973,REF-721840,22-01-2026,22387.39,EUR,"Ward, Garcia and Henry",2001,booked
ERP-301974,REF-385835,19-03-2026,1033.02,GBP,Hunt PLC,4010,booked
ERP-301975,REF-115810,02-04-2026,15483.83,EUR,"Nguyen, Williams and Smith",2002,booked
ERP-301976,REF-787236,18-04-2026,16590.56,EUR,Todd-Oconnor,3050,booked
ERP-301977,REF-356032,24-03-2026,6029.06,USD,Jones-Graham,3050,booked
ERP-301978,REF-886339,04-04-2026,14014.27,GBP,"Howell, Hart and Swanson",4010,booked
ERP-301979,REF-387048,21-03-2026,14734.99,GBP,Bryant LLC,2002,booked
ERP-301980,,05-01-2026,16627.72,EUR,Allen Inc,2002,booked
ERP-301981,,18-02-2026,16900.98,GBP,"Berry, Rios and Marshall",2002,booked
ERP-301982,REF-652819,09-01-2026,5132.22,EUR,"Hernandez, Greer and Jackson",2001,booked
ERP-301983,,01-02-2026,12037.05,EUR,Gordon-Roberts,2002,booked
ERP-301984,REF-333327,12-01-2026,16932.66,GBP,Mullins-Cabrera,4010,booked
ERP-301985,REF-536247,20-04-2026,19583.48,EUR,"Johnson, Meyer and Hanna",3050,booked
ERP-301986,REF-152976,14-01-2026,5071.01,GBP,Anderson Inc,2001,booked
ERP-301987,REF-452700,10-02-2026,7800.37,GBP,Lawrence-Lee,2001,booked
ERP-301988,REF-631675,15-04-2026,18665.09,EUR,Wong PLC,2002,booked
ERP-301989,REF-443085,14-03-2026,14588.73,USD,"Moss, Atkins and Daniels",2002,booked
ERP-301990,REF-188743,19-03-2026,13436.9,GBP,Walters LLC,3050,booked
ERP-301991,REF-553570,08-02-2026,7856.34,EUR,Bowman LLC,3050,booked
ERP-301992,REF-172484,11-04-2026,8272.59,EUR,"Garza, Barker and Maddox",2002,booked
ERP-301993,,06-04-2026,18975.29,EUR,Mckinney-Cooper,2002,booked
ERP-301994,REF-412551,26-03-2026,2668.5,USD,Mann Group,2002,booked
ERP-301995,REF-820650,04-03-2026,21733.37,GBP,Smith-Gaines,4010,booked
ERP-301996,REF-686864,23-02-2026,16941.64,USD,Dickson-Gutierrez,4010,booked
ERP-301997,REF-715527,27-01-2026,2936.26,USD,Jones Group,2002,booked
ERP-301998,REF-986743,27-02-2026,16039.95,EUR,"George, Lewis and Mitchell",4010,booked
ERP-301999,REF-618689,21-01-2026,23244.61,USD,Pierce Inc,3050,booked
ERP-302000,,15-01-2026,10149.03,GBP,Price PLC,2002,booked
ERP-302001,,25-01-2026,4365.07,USD,"Howard, Russo and Smith",3050,booked
ERP-302002,REF-996684,28-01-2026,21999.82,GBP,Hamilton-Bautista,3050,booked
ERP-302003,REF-458131,11-04-2026,3204.94,GBP,Nguyen-Roberts,4010,booked
ERP-302004,REF-451106,13-03-2026,24165.42,GBP,Smith and Sons,4010,booked
ERP-302005,REF-855018,25-03-2026,9638.82,USD,"Ball, Henderson and Caldwell",4010,booked
ERP-302006,REF-796276,27-03-2026,15287.49,GBP,Anderson-Parks,2002,booked
ERP-302007,REF-573566,23-02-2026,21139.47,EUR,Harvey Inc,3050,booked
ERP-302008,REF-668129,12-04-2026,21234.15,GBP,"Garcia, Mercado and West",4010,booked
ERP-302009,REF-861142,21-02-2026,6724.46,USD,Brown and Sons,3050,booked
ERP-302010,REF-954175,27-03-2026,16422.31,GBP,Randall-Kerr,2001,booked
ERP-302011,REF-985250,10-03-2026,18052.7,USD,Morris Inc,2002,booked
ERP-302012,REF-893554,30-04-2026,23653.59,GBP,"Snow, Rodgers and Miller",4010,booked
ERP-302013,REF-143608,10-03-2026,882.58,GBP,Skinner Ltd,4010,booked
ERP-302014,REF-118299,21-01-2026,10729.54,USD,Fletcher-Pruitt,3050,booked
ERP-302015,REF-527859,17-03-2026,12272.33,EUR,Maxwell-Shepherd,4010,booked
ERP-302016,REF-882514,05-03-2026,22359.28,GBP,"Bryant, Harrison and Carter",4010,booked
ERP-302017,REF-633086,10-04-2026,3216.3,EUR,Garcia and Sons,2001,booked
ERP-302018,REF-158296,27-03-2026,1046.11,USD,Gomez-Cardenas,2002,booked
ERP-302019,REF-733741,12-03-2026,20511.52,GBP,King LLC,3050,booked
ERP-302020,,15-02-2026,16377.28,GBP,Bryant LLC,2002,booked
ERP-302021,REF-816430,04-04-2026,7855.0,EUR,Hamilton-Bautista,3050,booked
ERP-302022,REF-971836,10-04-2026,22409.41,USD,Juarez-Jones,2002,booked
ERP-302023,REF-314463,27-03-2026,10201.49,USD,Richards-Johnson,3050,booked
ERP-302024,REF-333268,16-01-2026,13992.03,GBP,"Martinez, Joseph and Simmons",2002,booked
ERP-302025,,28-04-2026,19086.9,USD,"Pena, Jones and Sanchez",4010,booked
ERP-302026,REF-774662,18-03-2026,12232.86,EUR,Anderson Inc,3050,booked
ERP-302027,REF-339997,10-02-2026,17457.89,USD,Newman-Thomas,3050,booked
ERP-302028,,10-02-2026,23708.27,USD,Reynolds-Harris,4010,booked
ERP-302029,,19-03-2026,18778.89,GBP,"Garza, Barker and Maddox",3050,booked
ERP-302030,REF-821578,26-01-2026,18670.19,EUR,"Bell, Pollard and Berry",3050,booked
ERP-302031,REF-656233,20-04-2026,21592.8,EUR,Allen Ltd,4010,booked
ERP-302032,REF-538269,03-03-2026,14510.64,EUR,Davis Group,2001,booked
ERP-302033,REF-740375,12-04-2026,14280.67,USD,Phillips-Wyatt,2002,booked
ERP-302034,REF-626175,27-04-2026,17137.95,EUR,Smith-Abbott,2002,booked
ERP-302035,REF-552033,20-01-2026,724.05,USD,Banks-Savage,2001,booked
ERP-302036,REF-649987,08-01-2026,4887.61,GBP,Johnson-Ruiz,2002,booked
ERP-302037,,23-01-2026,21279.68,GBP,Robinson and Sons,4010,booked
ERP-302038,REF-906866,07-03-2026,3963.49,EUR,Contreras LLC,2002,booked
ERP-302039,REF-812834,20-04-2026,6371.82,GBP,Mann Group,3050,booked
ERP-302040,REF-886568,07-02-2026,20931.22,EUR,Gonzalez-Pennington,4010,booked
ERP-302041,REF-145885,06-04-2026,2017.98,EUR,Kirk-Henson,2001,booked
ERP-302042,REF-960511,25-04-2026,22727.63,GBP,Wagner Ltd,2002,booked
ERP-302043,REF-286331,08-01-2026,22731.71,EUR,Mitchell-Byrd,2002,booked
ERP-302044,REF-355729,22-01-2026,15423.21,EUR,"Murphy, Jordan and Whitney",2001,booked
ERP-302045,REF-702837,28-02-2026,12502.91,USD,Howard LLC,2002,booked
ERP-302046,REF-216038,18-01-2026,1212.78,GBP,Beard-Cooper,2002,booked
ERP-302047,REF-729968,30-01-2026,6981.97,GBP,Cooper Ltd,2002,booked
ERP-302048,REF-149569,07-02-2026,14039.82,GBP,"Molina, Wells and Bright",2001,booked
ERP-302049,REF-771681,22-02-2026,4797.16,USD,Pena Inc,3050,booked
ERP-302050,REF-210947,26-03-2026,23435.41,GBP,Garcia and Sons,4010,booked
ERP-302051,REF-825420,14-01-2026,14320.39,USD,"George, Lewis and Mitchell",4010,booked
ERP-302052,REF-408041,03-03-2026,8255.61,EUR,Ingram PLC,2001,booked
ERP-302053,REF-557552,25-01-2026,13969.26,GBP,Joseph Group,2001,booked
ERP-302054,REF-562586,03-03-2026,3439.89,GBP,Harvey Inc,2002,booked
ERP-302055,,09-01-2026,6559.08,GBP,Griffin Inc,3050,booked
ERP-302056,REF-590721,18-04-2026,4725.45,GBP,Walters LLC,4010,booked
ERP-302057,REF-717048,08-04-2026,21408.94,USD,Jones-Graham,2001,booked
ERP-302058,REF-820547,09-04-2026,19500.39,USD,Walters PLC,4010,booked
ERP-302059,REF-770173,21-03-2026,24160.24,EUR,Fitzgerald-Watson,2001,booked
ERP-302060,REF-342849,24-01-2026,9695.46,GBP,Jacobs PLC,4010,booked
ERP-302061,REF-250544,12-03-2026,17363.62,GBP,Smith and Sons,3050,booked
ERP-302062,REF-485781,23-04-2026,16942.75,GBP,Charles-Butler,2001,booked
ERP-302063,,07-04-2026,12338.92,USD,Perez-Neal,2002,booked
ERP-302064,REF-543347,04-04-2026,19361.28,USD,Flynn-Matthews,4010,booked
ERP-302065,REF-493041,25-04-2026,14403.69,GBP,Schneider Ltd,2002,booked
ERP-302066,REF-162744,27-04-2026,23869.87,EUR,Smith and Sons,2002,booked
ERP-302067,REF-403537,02-03-2026,17875.02,USD,Kelly-Murphy,4010,booked
ERP-302068,REF-603627,19-01-2026,21171.89,EUR,"Howell, Hart and Swanson",4010,booked
ERP-302069,REF-408396,30-03-2026,3953.17,GBP,"Murphy, Jordan and Whitney",2001,booked
ERP-302070,REF-434042,09-01-2026,9921.76,USD,"Edwards, Anderson and Taylor",2001,booked
ERP-302071,REF-827402,20-02-2026,17059.28,EUR,Holmes and Sons,2002,booked
ERP-302072,REF-953478,15-04-2026,3889.35,GBP,Nguyen-White,4010,booked
ERP-302073,REF-334528,12-02-2026,24446.47,EUR,Mann Group,4010,booked
ERP-302074,REF-913450,18-02-2026,5628.17,USD,Orozco Ltd,3050,booked
ERP-302075,REF-264038,16-02-2026,16648.21,EUR,"Garza, Barker and Maddox",3050,booked
ERP-302076,REF-518557,22-04-2026,14043.88,GBP,Contreras LLC,3050,booked
ERP-302077,REF-646289,02-03-2026,1912.02,GBP,Walters PLC,4010,booked
ERP-302078,REF-381903,26-01-2026,10592.18,USD,Reynolds-Harris,3050,booked
ERP-302079,REF-809369,05-04-2026,22576.12,EUR,Reynolds LLC,3050,booked
ERP-302080,REF-242354,14-04-2026,13856.24,GBP,Barrera Group,2001,booked
ERP-302081,REF-327153,25-01-2026,13673.99,EUR,"Johnson, Harrison and Thomas",4010,booked
ERP-302082,REF-293334,23-03-2026,20263.71,GBP,"Bates, Diaz and Lowe",4010,booked
ERP-302083,REF-220326,06-03-2026,20740.76,EUR,"Dorsey, Patterson and Harrison",3050,booked
ERP-302084,REF-706837,01-01-2026,14980.49,USD,"Collins, Gardner and Shaw",4010,booked
ERP-302085,,28-01-2026,21269.25,GBP,Li-Martinez,4010,booked
ERP-302086,REF-438650,23-04-2026,3625.6,GBP,Randall-Kerr,2002,booked
ERP-302087,REF-980575,15-04-2026,16745.79,GBP,"Snow, Rodgers and Miller",3050,booked
ERP-302088,REF-656165,07-03-2026,21013.97,GBP,Davis PLC,4010,booked
ERP-302089,REF-534443,31-01-2026,10903.89,USD,"Cox, Fernandez and Baker",2001,booked
ERP-302090,REF-192201,03-01-2026,4045.96,USD,Hickman-Walter,3050,booked
ERP-302091,REF-979691,23-04-2026,16681.98,EUR,Smith-Abbott,2001,booked
ERP-302092,REF-369491,06-04-2026,22213.68,EUR,"Salinas, Barnes and Cooper",2002,booked
ERP-302093,REF-591546,27-02-2026,9872.16,USD,Prince-Martinez,2002,booked
ERP-302094,REF-901296,24-04-2026,3369.96,USD,Smith-Ortiz,2001,booked
ERP-302095,REF-552959,09-02-2026,23393.73,EUR,"Graham, Ferguson and Hill",2002,booked
ERP-302096,REF-889385,27-02-2026,9228.44,GBP,Todd-Oconnor,3050,booked
ERP-302097,REF-797475,02-04-2026,7779.4,USD,Gonzalez Inc,4010,booked
ERP-302098,REF-702083,22-04-2026,18663.65,USD,Hernandez-Diaz,2001,booked
ERP-302099,REF-618341,28-01-2026,2207.43,EUR,Jones-Turner,2002,booked
ERP-302100,REF-927320,03-01-2026,532.62,GBP,"Pineda, Travis and Jones",2001,booked
ERP-302101,REF-833253,14-03-2026,6352.62,GBP,Allen Group,2002,booked
ERP-302102,REF-855704,23-04-2026,12107.18,GBP,Bowman LLC,4010,booked
ERP-302103,REF-784232,24-01-2026,3903.33,EUR,Cooper Ltd,3050,booked
ERP-302104,REF-973439,13-04-2026,22582.43,USD,Bauer Inc,2002,booked
ERP-302105,REF-792439,11-01-2026,21689.6,USD,"Howard, Russo and Smith",2001,booked
ERP-302106,REF-341448,09-04-2026,11500.1,USD,Zimmerman and Sons,3050,booked
ERP-302107,REF-316929,04-03-2026,8164.97,EUR,Wagner Ltd,4010,booked
ERP-302108,REF-811384,06-04-2026,6719.04,GBP,Kirk-Henson,3050,booked
ERP-302109,REF-433828,16-03-2026,6410.27,GBP,"Bates, Diaz and Lowe",2001,booked
ERP-302110,REF-159230,03-02-2026,8983.61,USD,"Collins, Gardner and Shaw",4010,booked
ERP-302111,REF-535804,19-03-2026,18721.9,GBP,Zimmerman Group,2001,booked
ERP-302112,REF-902767,19-03-2026,11868.23,USD,Arnold-Beck,2001,booked
ERP-302113,REF-699710,07-03-2026,5323.32,USD,"Ball, Henderson and Caldwell",2001,booked
ERP-302114,REF-857526,09-01-2026,13169.36,USD,Dudley Ltd,3050,booked
ERP-302115,REF-558415,22-04-2026,13920.39,GBP,Thornton and Sons,4010,booked
ERP-302116,,14-02-2026,2619.16,GBP,Maxwell-Shepherd,2002,booked
ERP-302117,REF-110284,08-04-2026,22424.23,USD,"Nelson, Bowers and Cooper",3050,booked
ERP-302118,REF-655514,10-02-2026,13584.84,GBP,Green Ltd,4010,booked
ERP-302119,REF-899847,19-02-2026,9438.77,EUR,"Thompson, Cooper and Young",4010,booked
ERP-302120,REF-746060,15-01-2026,22998.94,USD,"Ward, Garcia and Henry",3050,booked
ERP-302121,REF-596226,02-02-2026,241.61,GBP,"Malone, Bell and Bryant",3050,booked
ERP-302122,REF-560412,12-01-2026,14525.49,GBP,Gardner Inc,3050,booked
ERP-302123,REF-762435,13-04-2026,11330.77,USD,Reynolds-Harris,2002,booked
ERP-302124,REF-333056,19-01-2026,10978.74,USD,Rose-Gonzales,2002,booked
ERP-302125,REF-162637,28-04-2026,20354.04,USD,Peters-Ward,3050,booked
ERP-302126,REF-231790,22-02-2026,7590.35,USD,Zimmerman and Sons,3050,booked
ERP-302127,REF-961047,30-04-2026,15322.99,EUR,Davis PLC,3050,booked
ERP-302128,REF-916072,19-01-2026,15831.53,GBP,Mccoy Ltd,4010,booked
ERP-302129,REF-697041,26-03-2026,10312.58,GBP,Cooper PLC,4010,booked
ERP-302130,REF-185658,29-03-2026,3948.02,GBP,Thornton and Sons,2001,booked
ERP-302131,REF-170975,16-01-2026,18452.46,EUR,Cooper PLC,3050,booked
ERP-302132,,08-04-2026,203.47,EUR,Brady-Ford,4010,booked
ERP-302133,REF-936243,11-01-2026,18525.48,USD,Mitchell-Byrd,2002,booked
ERP-302134,REF-571644,29-01-2026,12100.54,GBP,"Rogers, Anderson and Campos",4010,booked
ERP-302135,REF-654887,17-04-2026,17220.03,GBP,Hamilton-Bautista,4010,booked
ERP-302136,REF-489434,03-03-2026,1172.05,EUR,Moore LLC,3050,booked
ERP-302137,REF-744717,25-03-2026,1001.5,EUR,"Bryant, Harrison and Carter",2002,booked
ERP-302138,REF-219685,06-02-2026,1185.46,USD,Smith Ltd,2001,booked
ERP-302139,REF-500982,22-03-2026,2172.61,GBP,Johnson-Ruiz,4010,booked
ERP-302140,REF-782431,29-04-2026,602.02,GBP,"Bates, Diaz and Lowe",4010,booked
ERP-302141,REF-441004,16-02-2026,3524.11,USD,Wilson Ltd,2002,booked
ERP-302142,REF-136559,04-04-2026,16788.06,USD,Reynolds LLC,4010,booked
ERP-302143,REF-707701,14-03-2026,2759.5,EUR,Flynn-Matthews,2001,booked
ERP-302144,REF-498173,07-02-2026,5764.82,GBP,Prince-Martinez,2002,booked
ERP-302145,REF-233411,14-01-2026,21655.38,USD,Dickson-Gutierrez,3050,booked
ERP-302146,REF-630172,24-03-2026,952.19,USD,Randall-Kerr,2001,booked
ERP-302147,REF-537667,12-01-2026,6644.77,EUR,Howe and Sons,3050,booked
ERP-302148,REF-791913,12-01-2026,18216.8,EUR,"Rollins, Charles and Black",2002,booked
ERP-302149,REF-723094,01-02-2026,20269.35,USD,Crawford Ltd,3050,booked
ERP-302150,REF-229996,30-03-2026,109.96,USD,Perez-Neal,2001,booked
ERP-302151,REF-983389,10-01-2026,21580.64,EUR,Hammond Ltd,3050,booked
ERP-302152,REF-113887,31-03-2026,16189.59,GBP,Anderson-Parks,4010,booked
ERP-302153,REF-529314,20-01-2026,3979.97,USD,Jenkins-Henderson,4010,booked
ERP-302154,REF-403592,15-03-2026,18820.26,GBP,Contreras LLC,3050,booked
ERP-302155,REF-820104,27-04-2026,17740.19,GBP,Dickson-Padilla,4010,booked
ERP-302156,REF-417096,01-02-2026,11268.36,USD,"Wilson, Robertson and Gonzalez",2001,booked
ERP-302157,REF-161154,10-03-2026,3959.05,EUR,Ramsey-Caldwell,2001,booked
ERP-302158,REF-190792,14-04-2026,9003.0,USD,"Hansen, Herrera and Taylor",2002,booked
ERP-302159,REF-250524,14-04-2026,10274.69,GBP,Bryant LLC,4010,booked
ERP-302160,,13-02-2026,24042.63,USD,Brown and Sons,4010,booked
ERP-302161,REF-514879,09-03-2026,16073.12,USD,Best Inc,2002,booked
ERP-302162,REF-394202,11-01-2026,1371.57,GBP,Allen-Taylor,3050,booked
ERP-302163,REF-785010,25-04-2026,12323.63,GBP,Thompson-Washington,2002,booked
ERP-302164,REF-811984,27-03-2026,4343.7,GBP,Allen-Taylor,4010,booked
ERP-302165,REF-672604,28-02-2026,19690.61,EUR,Allen Inc,3050,booked
ERP-302166,REF-117897,24-03-2026,9002.91,GBP,Johnson-Ruiz,2001,booked
ERP-302167,,22-03-2026,11108.92,USD,Smith-Abbott,2001,booked
ERP-302168,REF-748110,12-01-2026,2107.82,EUR,"Savage, Garcia and Robinson",4010,booked
ERP-302169,REF-978580,21-02-2026,18587.45,USD,Pennington PLC,3050,booked
ERP-302170,REF-130242,16-02-2026,1178.87,USD,Brown Ltd,3050,booked
ERP-302171,REF-290965,16-02-2026,2198.53,EUR,"Johnson, Meyer and Hanna",2002,booked
ERP-302172,REF-565352,26-02-2026,24172.37,EUR,Hays-Dalton,2001,booked
ERP-302173,REF-837296,21-03-2026,7914.81,EUR,Pena Inc,3050,booked
ERP-302174,REF-420186,16-02-2026,17550.43,GBP,Todd-Oconnor,3050,booked
ERP-302175,REF-468976,11-03-2026,7773.88,EUR,Johnson Inc,2002,booked
ERP-302176,REF-194869,20-04-2026,11312.07,GBP,Mann Group,2001,booked
ERP-302177,REF-997358,07-02-2026,1614.69,USD,Washington-West,2002,booked
ERP-302178,REF-228035,18-04-2026,7591.35,GBP,"Adams, Rodriguez and Walker",3050,booked
ERP-302179,REF-636046,24-02-2026,3179.24,USD,Rose-Gonzales,2001,booked
ERP-302180,REF-369610,24-02-2026,21141.39,EUR,Johnson-Newton,2002,booked
ERP-302181,REF-334635,30-04-2026,11908.23,GBP,Hawkins-Saunders,4010,booked
ERP-302182,REF-884011,27-02-2026,14425.65,GBP,Jimenez-Bradley,3050,booked
ERP-302183,REF-553004,01-02-2026,17560.81,EUR,Allen Ltd,3050,booked
ERP-302184,REF-596782,28-01-2026,1243.32,USD,Randall-Kerr,3050,booked
ERP-302185,REF-698230,28-04-2026,836.92,EUR,Reynolds-Torres,4010,booked
ERP-302186,REF-463152,18-03-2026,23499.2,USD,Anderson LLC,2002,booked
ERP-302187,REF-961593,27-03-2026,2248.52,USD,Schneider Ltd,2002,booked
ERP-302188,REF-992665,08-03-2026,8671.75,GBP,Wright Group,4010,booked
ERP-302189,REF-615792,25-03-2026,4736.01,USD,Brady-Ford,4010,booked
ERP-302190,REF-168687,28-02-2026,6541.08,EUR,Jones-Fuentes,3050,booked
ERP-302191,REF-618384,04-03-2026,8988.38,GBP,Hunter-Nicholson,2001,booked
ERP-302192,REF-711314,17-01-2026,10571.33,GBP,"Chavez, Davis and Walton",3050,booked
ERP-302193,REF-972714,09-03-2026,10140.02,GBP,"Yu, Nguyen and Wood",3050,booked
ERP-302194,REF-905448,01-05-2026,22164.95,EUR,"Pena, Jones and Sanchez",2001,booked
ERP-302195,REF-247386,24-01-2026,10620.67,GBP,Griffin Inc,2002,booked
ERP-302196,REF-391825,23-03-2026,13519.3,USD,Crawford Ltd,3050,booked
ERP-302197,REF-611996,20-04-2026,7846.16,USD,Rhodes Ltd,2001,booked
ERP-302198,REF-882271,25-03-2026,16702.04,USD,Coffey-Howell,4010,booked
ERP-302199,,09-01-2026,18414.62,USD,Moore LLC,4010,booked
ERP-302200,REF-700908,13-01-2026,5348.78,USD,Anderson LLC,2001,booked
ERP-302201,REF-108830,01-03-2026,5778.39,EUR,"Hernandez, Greer and Jackson",2001,booked
ERP-302202,,24-01-2026,11933.53,USD,"Ball, Henderson and Caldwell",4010,booked
ERP-302203,REF-735336,26-03-2026,23627.0,USD,"Edwards, Anderson and Taylor",4010,booked
ERP-302204,REF-345528,19-04-2026,13729.61,GBP,Hughes Inc,2001,booked
ERP-302205,,07-02-2026,20613.68,EUR,"Hayes, Luna and Miller",2002,booked
ERP-302206,REF-622625,24-03-2026,1236.37,GBP,"Garner, Lawson and Richard",4010,booked
ERP-302207,REF-923338,11-04-2026,502.14,USD,Howard LLC,3050,booked
ERP-302208,REF-321308,12-04-2026,15591.17,EUR,"Waller, Bass and Mitchell",2001,booked
ERP-302209,REF-593368,31-03-2026,24155.58,GBP,Reynolds LLC,2001,booked
ERP-302210,REF-122580,01-05-2026,7724.18,USD,"Taylor, Zavala and Bates",2001,booked
ERP-302211,REF-962967,10-04-2026,15655.44,GBP,Nguyen-Roberts,4010,booked
ERP-302212,REF-895980,19-03-2026,7089.34,GBP,Banks-Savage,3050,booked
ERP-302213,,09-04-2026,23544.61,GBP,"Yu, Nguyen and Wood",2001,booked
ERP-302214,REF-992060,13-02-2026,14371.45,EUR,Arnold-Beck,4010,booked
ERP-302215,REF-315773,02-03-2026,10466.1,EUR,"Roberts, Frazier and Smith",4010,booked
ERP-302216,REF-519721,30-03-2026,20173.12,EUR,"Nguyen, Williams and Smith",4010,booked
ERP-302217,REF-932097,09-03-2026,21620.16,EUR,"Robinson, Bauer and Brown",3050,booked
ERP-302218,REF-964952,03-03-2026,21396.64,EUR,Gonzalez-Mcdaniel,3050,booked
ERP-302219,REF-580552,11-02-2026,918.63,GBP,Murray Group,4010,booked
ERP-302220,REF-103380,24-01-2026,5282.78,EUR,Jackson LLC,2002,booked
ERP-302221,REF-632162,28-03-2026,11883.2,GBP,Thompson-Washington,2001,booked
ERP-302222,REF-814440,25-02-2026,19704.28,USD,Moore LLC,2002,booked
ERP-302223,REF-246346,02-02-2026,11968.02,EUR,"Graham, Ferguson and Hill",3050,booked
ERP-302224,REF-507054,13-01-2026,15194.43,EUR,Hamilton-Bautista,3050,booked
ERP-302225,REF-318628,19-01-2026,20625.06,GBP,Li-Jones,3050,booked
ERP-302226,REF-776186,16-01-2026,22692.97,GBP,Peterson LLC,3050,booked
ERP-302227,REF-252132,25-03-2026,14763.33,USD,"Hobbs, Blanchard and Porter",3050,booked
ERP-302228,REF-605068,03-04-2026,20681.62,GBP,Ingram PLC,3050,booked
ERP-302229,REF-866540,15-04-2026,1366.43,USD,"Garza, Barker and Maddox",2002,booked
ERP-302230,REF-982796,05-02-2026,10627.35,GBP,"Brown, Middleton and Williams",2001,booked
ERP-302231,REF-273792,26-02-2026,20038.38,GBP,"Moss, Atkins and Daniels",4010,booked
ERP-302232,REF-879779,13-01-2026,7854.56,GBP,"Molina, Wells and Bright",3050,booked
ERP-302233,REF-158960,28-02-2026,6252.57,GBP,"Martinez, Henderson and Osborne",2001,booked
ERP-302234,REF-439004,03-04-2026,16551.51,USD,Davenport PLC,2001,booked
ERP-302235,REF-129117,23-02-2026,22632.13,EUR,Smith-Ortiz,3050,booked
ERP-302236,REF-967262,10-01-2026,14152.88,EUR,Mata Inc,2001,booked
ERP-302237,REF-189137,20-04-2026,4297.49,GBP,Davis PLC,2002,booked
ERP-302238,REF-443909,15-03-2026,23070.03,GBP,Reynolds-Harris,4010,booked
ERP-302239,REF-152098,23-02-2026,24917.33,GBP,"Moss, Atkins and Daniels",4010,booked
ERP-302240,REF-893637,23-02-2026,14776.81,EUR,Colon Group,2001,booked
ERP-302241,REF-179312,03-01-2026,9582.49,EUR,Edwards-Boyd,3050,booked
ERP-302242,REF-244073,06-04-2026,2307.93,EUR,"Yu, Nguyen and Wood",4010,booked
ERP-302243,REF-364310,07-03-2026,24486.74,USD,Park-Daniels,4010,booked
ERP-302244,REF-111125,25-03-2026,16495.15,USD,Robinson and Sons,2001,booked
ERP-302245,REF-130719,05-01-2026,21642.02,USD,"Fox, Hernandez and Ryan",3050,booked
ERP-302246,REF-207632,25-02-2026,24348.62,EUR,Reed PLC,2001,booked
ERP-302247,REF-479983,15-01-2026,6492.15,USD,Contreras LLC,2001,booked
ERP-302248,REF-400495,14-04-2026,8648.68,GBP,Allen Inc,4010,booked
ERP-302249,REF-140162,11-03-2026,2423.51,USD,Walters LLC,3050,booked
ERP-302250,REF-229236,10-02-2026,15485.9,GBP,Kelly-Murphy,2001,booked
ERP-302251,REF-493967,21-04-2026,3340.52,EUR,Jenkins-Henderson,3050,booked
ERP-302252,REF-585581,13-04-2026,483.07,EUR,Walters LLC,4010,booked
ERP-302253,REF-401147,07-03-2026,9753.01,GBP,"Garcia, Mercado and West",4010,booked
ERP-302254,REF-140004,24-04-2026,57.76,GBP,Arroyo-Pope,3050,booked
ERP-302255,REF-592715,03-02-2026,18695.72,USD,Welch-Peck,2001,booked
ERP-302256,REF-443694,29-04-2026,22430.21,USD,Prince-Martinez,4010,booked
ERP-302257,REF-113786,24-01-2026,4115.82,EUR,Orozco Ltd,4010,booked
ERP-302258,REF-854506,02-01-2026,13832.62,EUR,Hammond Ltd,2001,booked
ERP-302259,REF-762647,03-02-2026,24195.14,USD,Skinner Ltd,2002,booked
ERP-302260,REF-712279,15-03-2026,19620.23,EUR,Roberts Group,3050,booked
ERP-302261,REF-184886,26-02-2026,10334.08,EUR,"Santana, Hoffman and Cobb",4010,booked
ERP-302262,REF-411930,25-02-2026,9749.55,EUR,Mitchell-Jones,3050,booked
ERP-302263,REF-344014,31-03-2026,24806.02,EUR,"Rodriguez, Evans and Patterson",2002,booked
ERP-302264,REF-762023,09-03-2026,6035.89,USD,Garcia Ltd,4010,booked
ERP-302265,REF-590001,08-02-2026,23223.71,EUR,Hickman-Walter,4010,booked
ERP-302266,REF-651405,10-04-2026,4858.46,USD,Edwards-Boyd,4010,booked
ERP-302267,REF-792299,06-03-2026,3486.75,USD,Randall-Kerr,4010,booked
ERP-302268,REF-931199,20-04-2026,306.55,EUR,Smith-Gaines,2001,booked
ERP-302269,REF-240681,18-03-2026,10571.69,USD,"Shaw, Baker and Scott",2001,booked
ERP-302270,REF-656487,02-02-2026,15454.59,EUR,"Matthews, Howard and Brown",2002,booked
ERP-302271,REF-130987,30-03-2026,2521.47,USD,Banks-Savage,2001,booked
ERP-302272,REF-281380,09-03-2026,21050.56,USD,Crawford Ltd,3050,booked
ERP-302273,REF-762427,31-01-2026,12178.12,GBP,"Evans, Conway and Hall",3050,booked
ERP-302274,REF-975631,26-01-2026,24137.81,EUR,Zimmerman Group,4010,booked
ERP-302275,REF-114211,02-02-2026,13033.32,GBP,"Kennedy, Lopez and Norton",3050,booked
ERP-302276,REF-375840,20-01-2026,22576.4,GBP,Mcclain-Jensen,2001,booked
ERP-302277,REF-911090,10-02-2026,10850.53,USD,"Evans, Conway and Hall",3050,booked
ERP-302278,REF-625329,25-03-2026,16181.3,EUR,Best Inc,2001,booked
ERP-302279,REF-252734,22-02-2026,17658.18,GBP,White-Wilson,4010,booked
ERP-302280,,14-03-2026,1909.84,GBP,Hamilton-Bautista,2001,booked
ERP-302281,REF-519575,20-04-2026,11877.4,GBP,Allen Inc,2002,booked
ERP-302282,REF-531663,14-01-2026,1436.06,USD,Mata Inc,3050,booked
ERP-302283,REF-123537,05-01-2026,48.21,USD,Robinson Group,3050,booked
ERP-302284,REF-623331,06-02-2026,1545.28,EUR,King-George,4010,booked
ERP-302285,,08-01-2026,23077.89,GBP,"Russell, Scott and Ramsey",2002,booked
ERP-302286,REF-839149,28-02-2026,15688.78,USD,Garcia and Sons,3050,booked
ERP-302287,REF-595397,20-04-2026,21956.92,USD,"Thompson, Cooper and Young",2001,booked
ERP-302288,REF-686192,26-02-2026,569.04,GBP,Brown Ltd,4010,booked
ERP-302289,REF-640769,06-02-2026,24241.03,USD,"Smith, Guerra and Holmes",2001,booked
ERP-302290,REF-378122,27-01-2026,16275.14,USD,Johnson-Newton,4010,booked
ERP-302291,REF-441989,20-04-2026,13508.41,GBP,Allen Inc,2001,booked
ERP-302292,REF-629761,12-03-2026,8000.42,EUR,Garcia and Sons,2002,booked
ERP-302293,REF-524321,26-02-2026,9636.13,USD,"Short, Moore and Douglas",4010,booked
ERP-302294,REF-733618,26-02-2026,1026.32,GBP,Esparza-Carroll,3050,booked
ERP-302295,REF-335437,28-03-2026,2713.04,GBP,Prince-Martinez,3050,booked
ERP-302296,REF-939864,20-04-2026,4169.52,EUR,Hays-Dalton,2002,booked
ERP-302297,REF-501523,25-04-2026,16037.63,EUR,Harvey Inc,4010,booked
ERP-302298,REF-956067,15-02-2026,7709.61,GBP,Randall-Kerr,4010,booked
ERP-302299,REF-326246,12-02-2026,4852.19,GBP,"Malone, Bell and Bryant",2002,booked
ERP-302300,REF-303879,10-02-2026,9895.67,GBP,Moore LLC,2002,booked
ERP-302301,,02-02-2026,18329.25,EUR,Mcclain-Jensen,2002,booked
ERP-302302,REF-471979,19-04-2026,19178.73,EUR,"Howard, Lynch and Morris",2001,booked
ERP-302303,REF-657059,25-03-2026,19762.93,USD,"Best, Simon and Turner",4010,booked
ERP-302304,REF-449064,03-04-2026,17165.27,USD,Leach-Walker,4010,booked
ERP-302305,REF-246032,03-04-2026,9084.77,EUR,King-George,2001,booked
ERP-302306,REF-836787,08-04-2026,15308.64,EUR,Gardner-Hayes,2001,booked
ERP-302307,REF-725382,11-03-2026,8066.39,EUR,Erickson and Sons,2001,booked
ERP-302308,REF-157233,19-03-2026,10809.97,USD,Fitzpatrick-Henderson,3050,booked
ERP-302309,REF-752138,30-04-2026,10324.9,USD,"George, Lewis and Mitchell",3050,booked
ERP-302310,REF-633138,11-03-2026,17810.94,EUR,Randall-Kerr,2002,booked
ERP-302311,,02-04-2026,329.95,USD,Richards-Johnson,3050,booked
ERP-302312,,09-01-2026,9561.9,GBP,Pena Inc,3050,booked
ERP-302313,REF-210973,26-03-2026,16760.94,USD,"Ramirez, Hernandez and Fox",2001,booked
ERP-302314,REF-553203,08-02-2026,682.67,EUR,Gordon-Roberts,4010,booked
ERP-302315,REF-818991,21-03-2026,14004.12,USD,Gonzalez-Pennington,3050,booked
ERP-302316,,25-04-2026,7724.81,USD,Fitzgerald-Watson,2001,booked
ERP-302317,REF-261037,12-03-2026,8573.6,GBP,Hammond Ltd,2002,booked
ERP-302318,REF-533718,21-04-2026,2110.73,USD,Lawrence-Lee,3050,booked
ERP-302319,,16-02-2026,21599.53,USD,"Smith, Guerra and Holmes",3050,booked
ERP-302320,REF-630741,24-02-2026,14441.95,GBP,Erickson and Sons,3050,booked
ERP-302321,REF-731264,21-02-2026,16207.65,EUR,Gonzalez-Mcdaniel,2001,booked
ERP-302322,REF-223109,01-02-2026,12618.4,USD,Garcia and Sons,4010,booked
ERP-302323,REF-106802,12-03-2026,8164.25,EUR,Erickson and Sons,3050,booked
ERP-302324,REF-644621,21-01-2026,1065.64,GBP,Morris Inc,3050,booked
ERP-302325,,18-02-2026,21726.62,EUR,Hunt PLC,3050,booked
ERP-302326,REF-125643,06-04-2026,4969.21,USD,"Shaw, Baker and Scott",4010,booked
ERP-302327,REF-108285,02-03-2026,2266.5,EUR,Murray Group,4010,booked
ERP-302328,REF-884076,30-03-2026,20031.27,EUR,"Hernandez, Hill and Hull",2002,booked
ERP-302329,REF-394259,11-04-2026,325.32,GBP,"Peterson, Hood and Arroyo",4010,booked
ERP-302330,REF-721408,14-03-2026,1133.01,GBP,"Gray, Williams and Weaver",4010,booked
ERP-302331,REF-631468,04-03-2026,392.37,GBP,"Short, Moore and Douglas",3050,booked
ERP-302332,REF-743302,19-02-2026,15673.06,GBP,"Mooney, Black and Roach",3050,booked
ERP-302333,REF-519696,01-04-2026,14906.09,USD,Walter Inc,2001,booked
ERP-302334,REF-928671,20-04-2026,21014.32,USD,"Fleming, King and Herring",2002,booked
ERP-302335,,06-01-2026,12824.11,EUR,Esparza-Carroll,4010,booked
ERP-302336,REF-826143,02-04-2026,6999.86,USD,Anderson LLC,2001,booked
ERP-302337,REF-837411,23-01-2026,11208.06,USD,Ibarra-Clark,3050,booked
ERP-302338,,23-04-2026,3278.95,EUR,Schneider Ltd,4010,booked
ERP-302339,REF-669606,25-01-2026,21689.34,USD,"Frey, Mcgee and Bailey",4010,booked
ERP-302340,REF-522558,15-04-2026,2082.07,GBP,Rodriguez LLC,2002,booked
ERP-302341,REF-316855,31-01-2026,17255.1,EUR,Nguyen-Roberts,4010,booked
ERP-302342,REF-864645,14-04-2026,6125.23,EUR,"Howard, Lynch and Morris",2002,booked
ERP-302343,,23-02-2026,8465.74,GBP,Gonzalez Inc,3050,booked
ERP-302344,REF-478095,04-03-2026,2571.74,USD,"Lewis, Joyce and Robertson",3050,booked
ERP-302345,REF-878976,19-02-2026,12784.01,GBP,Zimmerman and Sons,2001,booked
ERP-302346,REF-466015,09-04-2026,21080.78,USD,"Salinas, Barnes and Cooper",2002,booked
ERP-302347,REF-397558,22-03-2026,16555.37,GBP,Hickman-Walter,2001,booked
ERP-302348,REF-398115,30-01-2026,20714.41,EUR,"Taylor, Zavala and Bates",3050,booked
ERP-302349,REF-486088,16-03-2026,5466.62,EUR,"Snow, Rodgers and Miller",3050,booked
ERP-302350,REF-366554,17-03-2026,3402.4,EUR,"Cox, Fernandez and Baker",3050,booked
ERP-302351,REF-106323,23-02-2026,11062.78,USD,Mullins-Cabrera,2001,booked
ERP-302352,REF-129533,11-03-2026,11266.42,USD,"Russell, Scott and Ramsey",2001,booked
ERP-302353,REF-891824,28-01-2026,11154.14,GBP,Walter Inc,2002,booked
ERP-302354,REF-391269,19-02-2026,20309.36,EUR,"Rodriguez, Sutton and Santiago",2001,booked
ERP-302355,REF-932878,01-02-2026,18623.36,USD,Wong PLC,2001,booked
ERP-302356,REF-816678,11-02-2026,6290.84,GBP,Smith Ltd,2001,booked
ERP-302357,REF-554100,02-01-2026,21258.77,EUR,Maxwell-Shepherd,4010,booked
ERP-302358,REF-778104,16-03-2026,14821.96,GBP,"Owen, Gibson and Johnson",3050,booked
ERP-302359,REF-424435,24-04-2026,636.86,EUR,"Miller, Anderson and Padilla",4010,booked
ERP-302360,REF-872655,24-01-2026,15632.67,GBP,"Lewis, Joyce and Robertson",2001,booked
ERP-302361,REF-944896,29-03-2026,8178.46,EUR,Jimenez-Bradley,2001,booked
ERP-302362,REF-471429,05-01-2026,16032.49,GBP,"Fleming, King and Herring",2001,booked
ERP-302363,REF-302142,03-02-2026,1707.88,USD,"Graham, Ferguson and Hill",2002,booked
ERP-302364,REF-664844,01-03-2026,653.68,USD,Howard LLC,2002,booked
ERP-302365,REF-659721,07-03-2026,1628.67,USD,Spears-Beck,3050,booked
ERP-302366,REF-491666,21-02-2026,11861.21,GBP,Hawkins-Saunders,2002,booked
ERP-302367,REF-826119,03-02-2026,10819.95,EUR,"Peterson, Hood and Arroyo",2002,booked
ERP-302368,REF-873990,17-03-2026,11299.29,USD,Contreras LLC,4010,booked
ERP-302369,REF-688109,26-01-2026,6395.42,USD,Gonzalez-Mcdaniel,3050,booked
ERP-302370,REF-482776,24-01-2026,8650.25,USD,Gomez-Cardenas,4010,booked
ERP-302371,REF-262047,02-01-2026,18986.67,EUR,"Graham, Garrett and Caldwell",2002,booked
ERP-302372,REF-739193,26-02-2026,13288.87,GBP,Jenkins-Henderson,3050,booked
ERP-302373,REF-911590,16-04-2026,6266.94,EUR,Brown and Sons,2002,booked
ERP-302374,REF-679380,05-03-2026,5799.19,USD,"Collins, Gardner and Shaw",2001,booked
ERP-302375,REF-311336,13-03-2026,24797.37,USD,"Bates, Diaz and Lowe",2002,booked
ERP-302376,REF-837670,04-01-2026,19949.11,EUR,Lewis-Robinson,4010,booked
ERP-302377,REF-535377,24-04-2026,14851.75,EUR,Jones Group,3050,booked
ERP-302378,,13-02-2026,14082.39,GBP,Jones-Graham,2002,booked
ERP-302379,REF-468477,24-01-2026,6735.11,EUR,Dickson-Padilla,4010,booked
ERP-302380,,01-01-2026,5227.87,USD,"Garcia, Mercado and West",4010,booked
ERP-302381,REF-103230,28-04-2026,19423.05,USD,Jacobs PLC,2002,booked
ERP-302382,REF-523136,24-04-2026,8990.17,USD,"Owen, Gibson and Johnson",4010,booked
ERP-302383,REF-320390,03-03-2026,1506.49,EUR,Brady-Ford,2001,booked
ERP-302384,REF-496850,26-02-2026,16508.28,USD,Rose-Gonzales,4010,booked
ERP-302385,REF-512298,03-02-2026,8220.31,EUR,Howard-Mcdonald,4010,booked
ERP-302386,REF-838411,11-03-2026,14719.93,EUR,"Luna, Morris and Gill",4010,booked
ERP-302387,REF-879231,13-04-2026,6521.02,USD,Elliott-Wallace,2001,booked
ERP-302388,REF-991145,05-02-2026,17170.52,USD,Mullins-Cabrera,2002,booked
ERP-302389,REF-539455,01-05-2026,1458.59,GBP,Kirk-Morales,4010,booked
ERP-302390,REF-708185,13-04-2026,24919.33,GBP,Smith-Ortiz,4010,booked
ERP-302391,REF-978167,04-01-2026,14575.96,USD,Reeves Ltd,2002,booked
ERP-302392,REF-903767,04-02-2026,16885.4,EUR,"Salinas, Barnes and Cooper",3050,booked
ERP-302393,REF-712458,11-02-2026,3076.99,GBP,"Johnson, Meyer and Hanna",3050,booked
ERP-302394,REF-687957,03-03-2026,6835.54,GBP,Contreras LLC,3050,booked
ERP-302395,REF-672667,27-02-2026,9561.2,USD,"Johnson, Meyer and Hanna",2001,booked
ERP-302396,REF-941653,18-04-2026,4804.95,GBP,"Ramirez, Hernandez and Fox",4010,booked
ERP-302397,,21-02-2026,19448.23,USD,Garcia Ltd,2002,booked
ERP-302398,REF-818106,08-02-2026,3581.78,EUR,Allen and Sons,3050,booked
ERP-302399,REF-781406,14-03-2026,24095.48,USD,"Rollins, Charles and Black",2002,booked
ERP-302400,REF-119691,16-04-2026,13327.57,USD,Li-Montoya,3050,booked
ERP-302401,REF-228797,04-02-2026,3347.5,EUR,"Robinson, Bauer and Brown",2002,booked
ERP-302402,REF-982305,01-05-2026,5994.6,EUR,"Moss, Atkins and Daniels",3050,booked
ERP-302403,REF-114564,09-01-2026,1349.91,EUR,"Molina, Wells and Bright",3050,booked
ERP-302404,REF-957952,17-01-2026,7054.03,GBP,Cooper Ltd,2002,booked
ERP-302405,REF-414652,25-04-2026,17641.39,GBP,Davenport PLC,2001,booked
ERP-302406,REF-895461,17-04-2026,12425.24,GBP,White Group,3050,booked
ERP-302407,REF-245286,24-04-2026,485.94,GBP,Wilson Group,4010,booked
ERP-302408,REF-720620,09-04-2026,2738.52,GBP,Mitchell-Byrd,2002,booked
ERP-302409,REF-805441,02-02-2026,13687.57,GBP,Jimenez-Bradley,2001,booked
ERP-302410,REF-866651,23-03-2026,21232.08,USD,Jackson LLC,3050,booked
ERP-302411,REF-461863,12-04-2026,15184.82,EUR,Arnold-Beck,3050,booked
ERP-302412,REF-295881,09-03-2026,19052.44,GBP,Rhodes Ltd,4010,booked
ERP-302413,REF-523847,07-02-2026,20345.24,GBP,Pena Inc,4010,booked
ERP-302414,REF-474007,27-02-2026,2507.67,GBP,"Owens, Peters and White",3050,booked
ERP-302415,REF-372317,16-04-2026,5223.72,USD,Smith-Gaines,2001,booked
ERP-302416,REF-170849,16-01-2026,22725.42,GBP,Joseph Group,2001,booked
ERP-302417,REF-540712,26-03-2026,24470.49,EUR,Kirk-Henson,2001,booked
ERP-302418,REF-105416,25-03-2026,23843.64,USD,Price PLC,4010,booked
ERP-302419,REF-139514,27-01-2026,21910.09,GBP,Allen Inc,4010,booked
ERP-302420,,12-04-2026,2914.14,EUR,Gordon-Roberts,2002,booked
ERP-302421,REF-369708,26-03-2026,20162.82,USD,"Ward, Garcia and Henry",4010,booked
ERP-302422,REF-893085,28-02-2026,18511.47,GBP,Goodwin-Martinez,2001,booked
ERP-302423,REF-756214,18-04-2026,20463.03,GBP,"Clarke, Johnson and Watson",2002,booked
ERP-302424,REF-127305,23-01-2026,644.49,GBP,"Rice, Wallace and Castillo",2001,booked
ERP-302425,REF-458087,18-01-2026,23713.24,USD,"Waller, Bass and Mitchell",2002,booked
ERP-302426,REF-155502,09-04-2026,17136.8,USD,"Rice, Wallace and Castillo",2002,booked
ERP-302427,REF-607204,29-04-2026,1525.42,EUR,Moore LLC,2002,booked
ERP-302428,REF-311787,03-03-2026,2154.06,USD,Gonzalez Inc,4010,booked
ERP-302429,REF-675936,24-02-2026,22162.15,EUR,Todd-Oconnor,2002,booked
ERP-302430,REF-506878,12-01-2026,17020.86,GBP,Dudley Ltd,2001,booked
ERP-302431,REF-775423,14-02-2026,16980.16,GBP,"Hernandez, Greer and Jackson",2001,booked
ERP-302432,REF-817986,29-03-2026,9050.92,GBP,Hammond Ltd,4010,booked
ERP-302433,REF-703652,04-01-2026,9955.19,GBP,King-George,4010,booked
ERP-302434,REF-610910,06-02-2026,11087.08,GBP,"Martinez, Henderson and Osborne",2002,booked
ERP-302435,REF-653928,20-02-2026,15077.57,USD,"Cox, Fernandez and Baker",2002,booked
ERP-302436,REF-315726,26-04-2026,9456.24,EUR,Gonzalez-Mcdaniel,2001,booked
ERP-302437,REF-590326,03-02-2026,15581.34,GBP,Kim Group,4010,booked
ERP-302438,REF-680254,22-03-2026,2630.2,EUR,"Dorsey, Patterson and Harrison",4010,booked
ERP-302439,REF-220619,08-02-2026,7827.27,EUR,Garcia Ltd,2002,booked
ERP-302440,REF-966238,06-02-2026,23006.14,EUR,Kennedy-Marks,3050,booked
ERP-302441,REF-214518,25-03-2026,2490.19,GBP,Gomez-Cardenas,3050,booked
ERP-302442,REF-844521,25-04-2026,13006.44,EUR,Walters LLC,2001,booked
ERP-302443,REF-384595,06-02-2026,20830.79,USD,"Shaw, Baker and Scott",2001,booked
ERP-302444,REF-885226,13-03-2026,15135.42,EUR,"Martinez, Joseph and Simmons",2002,booked
ERP-302445,REF-287086,23-02-2026,13764.66,EUR,Mccoy Ltd,4010,booked
ERP-302446,REF-649340,21-04-2026,13463.53,GBP,Fitzpatrick-Henderson,4010,booked
ERP-302447,REF-841976,27-01-2026,14288.3,USD,Schneider Ltd,2002,booked
ERP-302448,REF-961411,19-04-2026,15500.77,USD,Ibarra-Clark,3050,booked
ERP-302449,REF-738976,07-01-2026,15403.75,EUR,"Best, Simon and Turner",2002,booked
ERP-302450,REF-555790,24-04-2026,16199.79,GBP,Li-Martinez,3050,booked
ERP-302451,REF-757684,11-02-2026,1635.49,EUR,Coffey-Howell,2002,booked
ERP-302452,REF-662072,08-02-2026,12845.24,EUR,"Drake, Torres and Murray",2001,booked
ERP-302453,REF-579022,15-02-2026,20710.12,GBP,Hughes Inc,3050,booked
ERP-302454,REF-836312,04-01-2026,21834.25,EUR,Colon Group,2002,booked
ERP-302455,,11-04-2026,7352.6,GBP,Johnson-Newton,3050,booked
ERP-302456,REF-267075,25-04-2026,20225.25,EUR,Lee-Taylor,2001,booked
ERP-302457,REF-850902,05-01-2026,21469.9,GBP,Welch-Peck,2001,booked
ERP-302458,REF-460966,23-04-2026,7917.89,GBP,Gonzalez-Mcdaniel,3050,booked
ERP-302459,REF-502835,01-05-2026,12735.36,GBP,"Fox, Hernandez and Ryan",2001,booked
ERP-302460,REF-373881,15-02-2026,1305.51,USD,"Curtis, Turner and Soto",2001,booked
ERP-302461,REF-136937,17-02-2026,7183.95,USD,Todd-Oconnor,2002,booked
ERP-302462,REF-746804,25-03-2026,13382.06,EUR,"Snow, Rodgers and Miller",4010,booked
ERP-302463,REF-213188,01-01-2026,17977.05,USD,Lawrence-Lee,4010,booked
ERP-302464,REF-535815,29-03-2026,2506.56,EUR,Orozco Ltd,4010,booked
ERP-302465,REF-652016,31-03-2026,2060.35,GBP,Anderson LLC,2001,booked
ERP-302466,REF-138042,05-04-2026,22632.07,EUR,Randall-Kerr,3050,booked
ERP-302467,REF-899557,10-03-2026,23162.77,GBP,Shaw-Stuart,2001,booked
ERP-302468,REF-709769,14-02-2026,19537.77,GBP,Esparza-Carroll,2002,booked
ERP-302469,REF-206560,10-01-2026,7242.15,EUR,Cooper PLC,2001,booked
ERP-302470,REF-764743,02-02-2026,3867.62,USD,Moore LLC,4010,booked
ERP-302471,REF-484450,03-04-2026,24263.16,USD,Brown and Sons,2002,booked
ERP-302472,REF-781176,17-01-2026,23679.04,USD,Moore LLC,2002,booked
ERP-302473,REF-276640,20-01-2026,8361.69,GBP,Allen Ltd,2001,booked
ERP-302474,REF-733670,27-04-2026,6676.89,GBP,Wilson and Sons,3050,booked
ERP-302475,,07-03-2026,23751.82,EUR,"Johnson, Meyer and Hanna",3050,booked
ERP-302476,,16-04-2026,17921.36,EUR,Ingram PLC,4010,booked
ERP-302477,REF-812410,22-02-2026,20187.44,USD,"Rogers, Anderson and Campos",2002,booked
ERP-302478,REF-119024,31-01-2026,7254.59,USD,Kim Group,2001,booked
ERP-302479,REF-254124,02-04-2026,19050.31,USD,Church Inc,3050,booked
ERP-302480,REF-723504,05-04-2026,7466.22,USD,"Hansen, Herrera and Taylor",2002,booked
ERP-302481,REF-771816,08-01-2026,6637.31,USD,"Rogers, Anderson and Campos",3050,booked
ERP-302482,,05-02-2026,22359.42,GBP,Garcia Ltd,4010,booked
ERP-302483,REF-349017,01-02-2026,1017.59,USD,"Ball, Henderson and Caldwell",2002,booked
ERP-302484,REF-593558,15-03-2026,7304.69,GBP,Prince-Martinez,2002,booked
ERP-302485,REF-855730,08-03-2026,23654.93,USD,Lopez-Stout,2001,booked
ERP-302486,REF-413832,05-02-2026,21939.24,GBP,Li-Martinez,2002,booked
ERP-302487,REF-393120,05-01-2026,22628.76,GBP,Mitchell-Byrd,2002,booked
ERP-302488,,07-03-2026,5200.39,GBP,Hays-Dalton,2002,booked
ERP-302489,REF-290740,29-01-2026,8650.46,EUR,Allen and Sons,3050,booked
ERP-302490,REF-674317,04-02-2026,4225.49,GBP,"Evans, Conway and Hall",3050,booked
ERP-302491,REF-940710,13-04-2026,20473.57,GBP,Shaw-Stuart,2002,booked
ERP-302492,REF-776177,23-02-2026,10584.95,EUR,Hays-Dalton,2002,booked
ERP-302493,REF-263454,02-04-2026,21038.15,EUR,Mullins-Cabrera,2002,booked
ERP-302494,REF-982775,24-04-2026,11974.43,EUR,Schneider Ltd,2002,booked
ERP-302495,,05-04-2026,4109.23,EUR,Li-Montoya,2001,booked
ERP-302496,REF-172546,04-04-2026,11518.57,USD,Reynolds LLC,2001,booked
ERP-302497,,09-01-2026,662.33,EUR,Austin-Bonilla,4010,booked
ERP-302498,REF-176949,17-01-2026,7246.85,EUR,White Group,2001,booked
ERP-302499,REF-949197,26-02-2026,9691.26,USD,"Fleming, King and Herring",4010,booked
