transaction_id,payout_batch_id,reference,date,amount,currency,payee,description,source_status
TXN-100000,BATCH-1000,REF-334053,2026-02-01,15994.68,USD,Vincent-Mcclure,Vendor payout,approved
TXN-100001,BATCH-1000,REF-106814,2026-04-14,5530.5,GBP,"Yu, Nguyen and Wood",Vendor payout,approved
TXN-100002,BATCH-1000,REF-301629,2026-03-15,1993.03,EUR,Howard-Mcdonald,Vendor payout,approved
TXN-100003,BATCH-1000,REF-765822,2026-03-19,16762.62,GBP,"Chavez, Davis and Walton",Vendor payout,approved
TXN-100004,BATCH-1000,REF-694731,2026-04-27,10044.09,USD,Brown LLC,Vendor payout,approved
TXN-100005,BATCH-1000,REF-214975,2026-04-21,12750.42,USD,Gordon-Roberts,Vendor payout,approved
TXN-100006,BATCH-1000,REF-772097,2026-04-09,17050.72,GBP,Matthews PLC,Vendor payout,approved
TXN-100007,BATCH-1000,REF-439902,2026-03-18,13495.99,GBP,Joseph Group,Vendor payout,approved
TXN-100008,BATCH-1000,REF-736059,2026-03-09,23672.55,USD,Hodge PLC,Vendor payout,approved
TXN-100009,BATCH-1000,REF-330914,2026-03-17,550.33,GBP,Nguyen-Roberts,Vendor payout,approved
TXN-100010,BATCH-1000,REF-198907,2026-01-25,6093.86,EUR,Lewis-Robinson,Vendor payout,approved
TXN-100011,BATCH-1000,REF-392075,2026-01-24,13418.74,USD,Best Inc,Vendor payout,approved
TXN-100012,BATCH-1000,REF-497382,2026-01-22,5363.34,EUR,"Pena, Jones and Sanchez",Vendor payout,approved
TXN-100013,BATCH-1000,REF-599948,2026-03-16,18705.69,USD,"Luna, Morris and Gill",Vendor payout,approved
TXN-100014,BATCH-1000,REF-648177,2026-03-14,15494.05,EUR,"Clarke, Johnson and Watson",Vendor payout,approved
TXN-100015,BATCH-1000,REF-238890,2026-02-03,1854.69,USD,"Owens, Peters and White",Vendor payout,approved
TXN-100016,BATCH-1000,REF-212235,2026-01-15,23474.78,USD,Hodge PLC,Vendor payout,approved
TXN-100017,BATCH-1000,REF-908577,2026-02-12,20737.97,USD,"Malone, Bell and Bryant",Vendor payout,approved
TXN-100018,BATCH-1000,REF-815198,2026-01-27,7723.75,USD,Robinson Group,Vendor payout,approved
TXN-100019,BATCH-1000,REF-266931,2026-02-04,19565.1,EUR,"Martinez, Henderson and Osborne",Vendor payout,approved
TXN-100020,BATCH-1000,REF-392683,2026-04-09,9976.69,EUR,"Adams, Rodriguez and Walker",Vendor payout,approved
TXN-100021,BATCH-1000,REF-636265,2026-03-19,8658.54,EUR,"Moss, Atkins and Daniels",Vendor payout,approved
TXN-100022,BATCH-1000,REF-799287,2026-02-09,18000.86,EUR,"Owens, Peters and White",Vendor payout,approved
TXN-100023,BATCH-1000,REF-563246,2026-03-01,19649.33,GBP,Jimenez-Bradley,Vendor payout,approved
TXN-100024,BATCH-1000,REF-740967,2026-03-02,3705.17,USD,Brown and Sons,Vendor payout,approved
TXN-100025,BATCH-1001,REF-940346,2026-01-18,22938.81,USD,Reed PLC,Vendor payout,approved
TXN-100026,BATCH-1001,REF-757193,2026-03-04,21000.58,EUR,Lawrence-Lee,Vendor payout,approved
TXN-100027,BATCH-1001,REF-316881,2026-01-08,8288.76,EUR,Kirk-Henson,Vendor payout,approved
TXN-100028,BATCH-1001,REF-732556,2026-04-13,13467.06,GBP,Prince-Martinez,Vendor payout,approved
TXN-100029,BATCH-1001,REF-584125,2026-04-21,2121.59,EUR,Ramsey-Caldwell,Vendor payout,approved
TXN-100030,BATCH-1001,REF-171951,2026-03-25,24997.7,EUR,Orozco Ltd,Vendor payout,approved
TXN-100031,BATCH-1001,REF-959099,2026-04-10,15157.17,GBP,Davenport PLC,Vendor payout,approved
TXN-100032,BATCH-1001,REF-630538,2026-01-09,8696.41,EUR,Goodwin-Martinez,Vendor payout,approved
TXN-100033,BATCH-1001,REF-993085,2026-02-11,11635.22,GBP,Allen Inc,Vendor payout,approved
TXN-100034,BATCH-1001,REF-725113,2026-04-23,19950.86,EUR,Robbins LLC,Vendor payout,approved
TXN-100035,BATCH-1001,REF-355123,2026-03-30,2349.01,USD,Mccoy-Mccarthy,Vendor payout,approved
TXN-100036,BATCH-1001,REF-823688,2026-04-08,7905.81,GBP,Wilson Group,Vendor payout,approved
TXN-100037,BATCH-1001,REF-889359,2026-03-23,13845.14,GBP,Kennedy-Marks,Vendor payout,approved
TXN-100038,BATCH-1001,REF-360247,2026-01-11,3814.38,GBP,Wilson Ltd,Vendor payout,approved
TXN-100039,BATCH-1001,REF-317881,2026-04-08,15250.53,GBP,"Evans, Conway and Hall",Vendor payout,approved
TXN-100040,BATCH-1001,REF-344762,2026-03-29,17582.11,EUR,"Chavez, Davis and Walton",Vendor payout,approved
TXN-100041,BATCH-1001,REF-522060,2026-03-31,10992.86,EUR,Wilson Ltd,Vendor payout,approved
TXN-100042,BATCH-1001,REF-783157,2026-03-08,14416.77,USD,Allen Ltd,Vendor payout,approved
TXN-100043,BATCH-1001,REF-576919,2026-01-05,7223.24,EUR,"Walker, Garcia and Mcguire",Vendor payout,approved
TXN-100044,BATCH-1001,REF-675898,2026-02-04,15644.58,USD,Walter Inc,Vendor payout,approved
TXN-100045,BATCH-1001,REF-851413,2026-03-05,11549.66,USD,Smith Ltd,Vendor payout,approved
TXN-100046,BATCH-1001,REF-925981,2026-04-30,19322.56,EUR,"Wilson, Robertson and Gonzalez",Vendor payout,approved
TXN-100047,BATCH-1001,REF-501574,2026-03-15,21743.3,GBP,"Johnson, Meyer and Hanna",Vendor payout,approved
TXN-100048,BATCH-1001,REF-251157,2026-04-03,2515.3,EUR,"Robinson, Bauer and Brown",Vendor payout,approved
TXN-100049,BATCH-1001,REF-761820,2026-01-31,21812.77,USD,"Adams, Rodriguez and Walker",Vendor payout,approved
TXN-100050,BATCH-1002,REF-356059,2026-01-19,7351.86,EUR,"Fleming, King and Herring",Vendor payout,approved
TXN-100051,BATCH-1002,REF-401603,2026-04-26,6401.78,USD,Cox-Hickman,Vendor payout,approved
TXN-100052,BATCH-1002,REF-410244,2026-03-15,5949.21,GBP,Robinson Group,Vendor payout,approved
TXN-100053,BATCH-1002,REF-892280,2026-03-28,5494.64,USD,Davis Group,Vendor payout,approved
TXN-100054,BATCH-1002,REF-238579,2026-01-26,8184.81,EUR,Bryant LLC,Vendor payout,approved
TXN-100055,BATCH-1002,REF-943671,2026-04-19,3540.41,USD,Fitzpatrick-Henderson,Vendor payout,approved
TXN-100056,BATCH-1002,REF-739717,2026-04-28,649.99,GBP,Thompson-Washington,Vendor payout,approved
TXN-100057,BATCH-1002,REF-715870,2026-02-23,9731.43,EUR,Stone and Sons,Vendor payout,approved
TXN-100058,BATCH-1002,REF-776149,2026-03-11,2506.38,GBP,Shaw-Stuart,Vendor payout,approved
TXN-100059,BATCH-1002,REF-326441,2026-03-17,1738.54,GBP,Ingram PLC,Vendor payout,approved
TXN-100060,BATCH-1002,REF-282710,2026-01-03,19754.87,USD,"Fox, Hernandez and Ryan",Vendor payout,approved
TXN-100061,BATCH-1002,REF-988456,2026-03-03,11464.61,USD,Roach and Sons,Vendor payout,approved
TXN-100062,BATCH-1002,REF-931621,2026-01-13,11356.54,GBP,"Fleming, King and Herring",Vendor payout,approved
TXN-100063,BATCH-1002,REF-597305,2026-03-29,16636.07,EUR,Smith Ltd,Vendor payout,approved
TXN-100064,BATCH-1002,REF-208633,2026-02-15,24210.76,GBP,Todd-Oconnor,Vendor payout,approved
TXN-100065,BATCH-1002,REF-456331,2026-04-28,748.11,EUR,Newman-Thomas,Vendor payout,approved
TXN-100066,BATCH-1002,REF-695164,2026-04-10,9267.08,GBP,"Martinez, Joseph and Simmons",Vendor payout,approved
TXN-100067,BATCH-1002,REF-811444,2026-03-28,8645.69,USD,"Rodriguez, Sutton and Santiago",Vendor payout,approved
TXN-100068,BATCH-1002,REF-341288,2026-04-01,4412.98,EUR,"Bryant, Harrison and Carter",Vendor payout,approved
TXN-100069,BATCH-1002,REF-280222,2026-02-11,7255.64,EUR,Holmes and Sons,Vendor payout,approved
TXN-100070,BATCH-1002,REF-634723,2026-03-09,1932.57,GBP,Davenport PLC,Vendor payout,approved
TXN-100071,BATCH-1002,REF-814220,2026-02-27,11612.23,GBP,Gomez-Cardenas,Vendor payout,approved
TXN-100072,BATCH-1002,REF-972097,2026-02-17,11557.02,USD,Welch-Peck,Vendor payout,approved
TXN-100073,BATCH-1002,REF-950360,2026-01-14,12546.65,USD,"Shaw, Baker and Scott",Vendor payout,approved
TXN-100074,BATCH-1002,REF-761532,2026-04-12,10234.02,EUR,Flynn-Matthews,Vendor payout,approved
TXN-100075,BATCH-1003,REF-686072,2026-02-09,3245.57,GBP,White Group,Vendor payout,approved
TXN-100076,BATCH-1003,REF-410160,2026-01-10,4820.33,USD,"Frey, Mcgee and Bailey",Vendor payout,approved
TXN-100077,BATCH-1003,REF-740255,2026-02-26,10286.19,GBP,Lane-Hines,Vendor payout,approved
TXN-100078,BATCH-1003,REF-269930,2026-02-23,19458.65,GBP,"Waller, Bass and Mitchell",Vendor payout,approved
TXN-100079,BATCH-1003,REF-573041,2026-04-15,20780.39,USD,Mann Group,Vendor payout,approved
TXN-100080,BATCH-1003,REF-839808,2026-04-08,981.62,EUR,"Cox, Fernandez and Baker",Vendor payout,approved
TXN-100081,BATCH-1003,REF-216242,2026-01-09,15982.82,GBP,Farrell-Willis,Vendor payout,approved
TXN-100082,BATCH-1003,REF-924613,2026-03-06,1715.29,GBP,"Rice, Wallace and Castillo",Vendor payout,approved
TXN-100083,BATCH-1003,REF-953025,2026-02-13,3356.9,EUR,Prince-Martinez,Vendor payout,approved
TXN-100084,BATCH-1003,REF-669408,2026-04-15,23335.94,GBP,Fitzpatrick-Henderson,Vendor payout,approved
TXN-100085,BATCH-1003,REF-621691,2026-03-30,8492.44,USD,Arroyo-Pope,Vendor payout,approved
TXN-100086,BATCH-1003,REF-144412,2026-02-27,4186.95,EUR,Flynn Group,Vendor payout,approved
TXN-100087,BATCH-1003,REF-232361,2026-01-05,21220.52,GBP,Robinson and Sons,Vendor payout,approved
TXN-100088,BATCH-1003,REF-127172,2026-01-15,7876.78,EUR,"Martinez, Henderson and Osborne",Vendor payout,approved
TXN-100089,BATCH-1003,REF-848022,2026-04-26,21324.34,EUR,Anderson-Parks,Vendor payout,approved
TXN-100090,BATCH-1003,REF-928766,2026-01-31,3056.03,USD,"Cox, Fernandez and Baker",Vendor payout,approved
TXN-100091,BATCH-1003,REF-588461,2026-02-27,3155.04,EUR,Gonzalez-Pennington,Vendor payout,approved
TXN-100092,BATCH-1003,REF-182690,2026-04-19,8666.93,GBP,"Rodriguez, Sutton and Santiago",Vendor payout,approved
TXN-100093,BATCH-1003,REF-772612,2026-01-06,20635.28,USD,Cochran Inc,Vendor payout,approved
TXN-100094,BATCH-1003,REF-607774,2026-02-23,17223.12,USD,Rhodes Ltd,Vendor payout,approved
TXN-100095,BATCH-1003,REF-201514,2026-01-19,3084.98,EUR,Zimmerman Group,Vendor payout,approved
TXN-100096,BATCH-1003,REF-579441,2026-03-06,12446.82,USD,"Garner, Lawson and Richard",Vendor payout,approved
TXN-100097,BATCH-1003,REF-520040,2026-01-06,18194.51,EUR,Johnson-Ruiz,Vendor payout,approved
TXN-100098,BATCH-1003,REF-731728,2026-01-26,13956.85,EUR,"Dorsey, Patterson and Harrison",Vendor payout,approved
TXN-100099,BATCH-1003,REF-613641,2026-03-10,14853.27,GBP,Jones-Fuentes,Vendor payout,approved
TXN-100100,BATCH-1004,REF-961574,2026-01-19,4283.54,GBP,Wagner Ltd,Vendor payout,approved
TXN-100101,BATCH-1004,REF-440839,2026-03-13,17651.74,GBP,Ingram PLC,Vendor payout,approved
TXN-100102,BATCH-1004,REF-317346,2026-04-01,5641.05,EUR,"Jackson, Romero and Mendez",Vendor payout,approved
TXN-100103,BATCH-1004,REF-563864,2026-04-29,23883.96,USD,Pierce Inc,Vendor payout,approved
TXN-100104,BATCH-1004,REF-446337,2026-02-22,15957.67,USD,Cobb Group,Vendor payout,approved
TXN-100105,BATCH-1004,REF-661147,2026-01-30,22700.73,USD,Brown Ltd,Vendor payout,approved
TXN-100106,BATCH-1004,REF-451317,2026-04-29,7477.35,GBP,Kelly-Murphy,Vendor payout,approved
TXN-100107,BATCH-1004,REF-894068,2026-03-28,18422.03,EUR,"George, Lewis and Mitchell",Vendor payout,approved
TXN-100108,BATCH-1004,REF-710754,2026-02-08,5907.14,EUR,Harvey Inc,Vendor payout,approved
TXN-100109,BATCH-1004,REF-601410,2026-01-18,9204.41,USD,Jones Group,Vendor payout,approved
TXN-100110,BATCH-1004,REF-969032,2026-01-08,1975.62,GBP,Reynolds-Harris,Vendor payout,approved
TXN-100111,BATCH-1004,REF-160541,2026-03-14,3320.31,EUR,Reed PLC,Vendor payout,approved
TXN-100112,BATCH-1004,REF-401036,2026-01-05,23366.21,USD,Bowers Ltd,Vendor payout,approved
TXN-100113,BATCH-1004,REF-233533,2026-03-09,2987.86,GBP,"Garner, Lawson and Richard",Vendor payout,approved
TXN-100114,BATCH-1004,REF-948799,2026-01-05,4732.3,GBP,Reynolds-Harris,Vendor payout,approved
TXN-100115,BATCH-1004,REF-891030,2026-01-28,10071.58,USD,Stone and Sons,Vendor payout,approved
TXN-100116,BATCH-1004,REF-811721,2026-03-22,1547.42,GBP,Bryant LLC,Vendor payout,approved
TXN-100117,BATCH-1004,REF-585517,2026-04-14,7535.89,GBP,"Dorsey, Patterson and Harrison",Vendor payout,approved
TXN-100118,BATCH-1004,REF-176319,2026-04-22,1312.13,EUR,Reynolds LLC,Vendor payout,approved
TXN-100119,BATCH-1004,REF-733760,2026-03-31,18678.31,EUR,Jenkins-Henderson,Vendor payout,approved
TXN-100120,BATCH-1004,REF-428122,2026-02-17,19046.68,EUR,Walter Inc,Vendor payout,approved
TXN-100121,BATCH-1004,REF-900441,2026-02-02,12495.05,GBP,"Johnson, Phillips and Brown",Vendor payout,approved
TXN-100122,BATCH-1004,REF-106693,2026-04-08,23631.07,GBP,Gordon-Roberts,Vendor payout,approved
TXN-100123,BATCH-1004,REF-117538,2026-01-02,190.14,GBP,Park-Daniels,Vendor payout,approved
TXN-100124,BATCH-1004,REF-581294,2026-02-21,19878.53,USD,Dudley Ltd,Vendor payout,approved
TXN-100125,BATCH-1005,REF-554987,2026-04-19,17578.56,USD,Cooper PLC,Vendor payout,approved
TXN-100126,BATCH-1005,REF-790077,2026-03-14,17118.61,EUR,"Rice, Wallace and Castillo",Vendor payout,approved
TXN-100127,BATCH-1005,REF-822794,2026-04-12,9611.56,GBP,"Cox, Fernandez and Baker",Vendor payout,approved
TXN-100128,BATCH-1005,REF-493663,2026-05-01,12277.82,EUR,Griffin Inc,Vendor payout,approved
TXN-100129,BATCH-1005,REF-423241,2026-05-01,9033.49,USD,Dickson-Padilla,Vendor payout,approved
TXN-100130,BATCH-1005,REF-506637,2026-02-22,21596.36,USD,"Garcia, Mercado and West",Vendor payout,approved
TXN-100131,BATCH-1005,REF-920685,2026-03-03,10881.04,EUR,Mcclain-Jensen,Vendor payout,approved
TXN-100132,BATCH-1005,REF-551533,2026-02-12,20106.81,EUR,Rhodes Ltd,Vendor payout,approved
TXN-100133,BATCH-1005,REF-219420,2026-02-16,8164.01,EUR,"Garner, Lawson and Richard",Vendor payout,approved
TXN-100134,BATCH-1005,REF-364955,2026-01-31,16832.62,USD,Wilson Ltd,Vendor payout,approved
TXN-100135,BATCH-1005,REF-906306,2026-01-14,17548.32,GBP,White Group,Vendor payout,approved
TXN-100136,BATCH-1005,REF-821068,2026-03-16,12779.14,GBP,Gardner Inc,Vendor payout,approved
TXN-100137,BATCH-1005,REF-316916,2026-04-11,8724.51,EUR,Reed PLC,Vendor payout,approved
TXN-100138,BATCH-1005,REF-687044,2026-02-12,12911.95,GBP,Mcdowell-Watts,Vendor payout,approved
TXN-100139,BATCH-1005,REF-888870,2026-02-05,136.14,USD,"Peterson, Hood and Arroyo",Vendor payout,approved
TXN-100140,BATCH-1005,REF-580101,2026-04-19,14685.44,EUR,"Howell, Hart and Swanson",Vendor payout,approved
TXN-100141,BATCH-1005,REF-294776,2026-02-24,14920.73,GBP,Arnold-Beck,Vendor payout,approved
TXN-100142,BATCH-1005,REF-629990,2026-03-13,12128.11,USD,Arnold-Beck,Vendor payout,approved
TXN-100143,BATCH-1005,REF-218710,2026-03-07,14152.12,EUR,"Walker, Garcia and Mcguire",Vendor payout,approved
TXN-100144,BATCH-1005,REF-223088,2026-02-26,11257.07,EUR,Richard LLC,Vendor payout,approved
TXN-100145,BATCH-1005,REF-700556,2026-02-07,8108.25,GBP,"Garcia, Mercado and West",Vendor payout,approved
TXN-100146,BATCH-1005,REF-359579,2026-04-17,6260.69,GBP,Jimenez-Bradley,Vendor payout,approved
TXN-100147,BATCH-1005,REF-580718,2026-04-04,8199.05,USD,Leach-Walker,Vendor payout,approved
TXN-100148,BATCH-1005,REF-815707,2026-04-25,14164.4,EUR,"Curtis, Turner and Soto",Vendor payout,approved
TXN-100149,BATCH-1005,REF-387330,2026-04-22,22056.64,EUR,Mcdowell-Watts,Vendor payout,approved
TXN-100150,BATCH-1006,REF-566686,2026-03-29,3339.18,USD,Garcia Ltd,Vendor payout,approved
TXN-100151,BATCH-1006,REF-656278,2026-01-09,3449.8,USD,"Dorsey, Patterson and Harrison",Vendor payout,approved
TXN-100152,BATCH-1006,REF-429780,2026-02-24,14749.61,EUR,Flynn Group,Vendor payout,approved
TXN-100153,BATCH-1006,REF-218220,2026-02-19,19600.44,USD,Garcia and Sons,Vendor payout,approved
TXN-100154,BATCH-1006,REF-170813,2026-03-17,19074.08,USD,"Johnson, Harrison and Thomas",Vendor payout,approved
TXN-100155,BATCH-1006,REF-442622,2026-03-10,1998.56,USD,"Frey, Mcgee and Bailey",Vendor payout,approved
TXN-100156,BATCH-1006,REF-113280,2026-01-16,7749.52,GBP,Bryant LLC,Vendor payout,approved
TXN-100157,BATCH-1006,REF-577309,2026-03-05,6592.17,GBP,"Hernandez, Greer and Jackson",Vendor payout,approved
TXN-100158,BATCH-1006,REF-999138,2026-04-30,9115.31,USD,Dickson Inc,Vendor payout,approved
TXN-100159,BATCH-1006,REF-172274,2026-02-21,4504.13,GBP,"Santana, Hoffman and Cobb",Vendor payout,approved
TXN-100160,BATCH-1006,REF-934638,2026-04-08,24944.73,USD,Prince-Martinez,Vendor payout,approved
TXN-100161,BATCH-1006,REF-146032,2026-01-12,24314.67,USD,Robbins LLC,Vendor payout,approved
TXN-100162,BATCH-1006,REF-373668,2026-02-07,10888.7,USD,Lane-Hines,Vendor payout,approved
TXN-100163,BATCH-1006,REF-661957,2026-01-16,11252.93,EUR,Lewis-Robinson,Vendor payout,approved
TXN-100164,BATCH-1006,REF-810078,2026-01-07,24210.79,EUR,Fitzgerald PLC,Vendor payout,approved
TXN-100165,BATCH-1006,REF-760914,2026-03-29,3289.61,EUR,Brown-Huynh,Vendor payout,approved
TXN-100166,BATCH-1006,REF-859620,2026-04-16,1289.68,GBP,"Gray, Williams and Weaver",Vendor payout,approved
TXN-100167,BATCH-1006,REF-191982,2026-01-08,10314.51,GBP,Webster and Sons,Vendor payout,approved
TXN-100168,BATCH-1006,REF-726121,2026-02-10,9724.82,USD,Thornton and Sons,Vendor payout,approved
TXN-100169,BATCH-1006,REF-936124,2026-04-19,19107.14,USD,"Edwards, Anderson and Taylor",Vendor payout,approved
TXN-100170,BATCH-1006,REF-284084,2026-02-09,20921.5,EUR,Morris Inc,Vendor payout,approved
TXN-100171,BATCH-1006,REF-651860,2026-04-19,14675.56,USD,Anderson Inc,Vendor payout,approved
TXN-100172,BATCH-1006,REF-743520,2026-03-30,16238.28,USD,Roberts Group,Vendor payout,approved
TXN-100173,BATCH-1006,REF-693022,2026-03-23,4572.49,EUR,Mann Group,Vendor payout,approved
TXN-100174,BATCH-1006,REF-504684,2026-01-07,6435.03,USD,Joseph Group,Vendor payout,approved
TXN-100175,BATCH-1007,REF-434198,2026-01-03,19984.88,USD,Bowman LLC,Vendor payout,approved
TXN-100176,BATCH-1007,REF-156157,2026-01-21,23562.5,USD,Perez-Neal,Vendor payout,approved
TXN-100177,BATCH-1007,REF-794178,2026-04-16,120.29,USD,Bowman LLC,Vendor payout,approved
TXN-100178,BATCH-1007,REF-567429,2026-01-24,4642.41,EUR,Goodwin-Martinez,Vendor payout,approved
TXN-100179,BATCH-1007,REF-661527,2026-02-23,13851.21,EUR,Pena Inc,Vendor payout,approved
TXN-100180,BATCH-1007,REF-302087,2026-04-14,4342.65,USD,Brown LLC,Vendor payout,approved
TXN-100181,BATCH-1007,REF-539976,2026-04-11,22931.12,USD,Pena Inc,Vendor payout,approved
TXN-100182,BATCH-1007,REF-388792,2026-01-23,14311.28,EUR,"Bates, Diaz and Lowe",Vendor payout,approved
TXN-100183,BATCH-1007,REF-339030,2026-04-22,7790.96,EUR,"Evans, Conway and Hall",Vendor payout,approved
TXN-100184,BATCH-1007,REF-426236,2026-01-09,20529.91,GBP,Mcdowell-Watts,Vendor payout,approved
TXN-100185,BATCH-1007,REF-766275,2026-02-20,9224.59,EUR,Banks-Savage,Vendor payout,approved
TXN-100186,BATCH-1007,REF-332103,2026-04-20,1265.03,GBP,Wright Group,Vendor payout,approved
TXN-100187,BATCH-1007,REF-494763,2026-02-24,17825.69,GBP,Vincent-Mcclure,Vendor payout,approved
TXN-100188,BATCH-1007,REF-845635,2026-03-25,16023.85,EUR,"Hansen, Herrera and Taylor",Vendor payout,approved
TXN-100189,BATCH-1007,REF-137034,2026-04-05,22675.12,EUR,Bauer Inc,Vendor payout,approved
TXN-100190,BATCH-1007,REF-291961,2026-04-08,3220.4,EUR,Walters LLC,Vendor payout,approved
TXN-100191,BATCH-1007,REF-813763,2026-01-16,11818.69,USD,Colon Group,Vendor payout,approved
TXN-100192,BATCH-1007,REF-160831,2026-03-23,8332.42,USD,Davis PLC,Vendor payout,approved
TXN-100193,BATCH-1007,REF-866151,2026-01-26,9598.33,USD,Shaw-Decker,Vendor payout,approved
TXN-100194,BATCH-1007,REF-578073,2026-02-07,4196.33,USD,Davis-Mitchell,Vendor payout,approved
TXN-100195,BATCH-1007,REF-122977,2026-04-04,18186.04,USD,Brown LLC,Vendor payout,approved
TXN-100196,BATCH-1007,REF-365015,2026-03-12,10433.97,EUR,"Pineda, Travis and Jones",Vendor payout,approved
TXN-100197,BATCH-1007,REF-375769,2026-04-10,12456.03,GBP,Walters PLC,Vendor payout,approved
TXN-100198,BATCH-1007,REF-858711,2026-01-10,3749.88,USD,"Liu, Parsons and Delacruz",Vendor payout,approved
TXN-100199,BATCH-1007,REF-245117,2026-04-20,2397.59,USD,"Garza, Barker and Maddox",Vendor payout,approved
TXN-100200,BATCH-1008,REF-935620,2026-03-25,17255.31,EUR,Dickson-Gutierrez,Vendor payout,approved
TXN-100201,BATCH-1008,REF-531262,2026-04-24,12089.91,EUR,Reynolds-Harris,Vendor payout,approved
TXN-100202,BATCH-1008,REF-979789,2026-01-20,12061.19,GBP,Pennington PLC,Vendor payout,approved
TXN-100203,BATCH-1008,REF-346415,2026-04-15,13773.63,EUR,"Graham, Garrett and Caldwell",Vendor payout,approved
TXN-100204,BATCH-1008,REF-804091,2026-03-25,22255.52,GBP,"Peterson, Hood and Arroyo",Vendor payout,approved
TXN-100205,BATCH-1008,REF-492052,2026-03-08,20751.35,EUR,Hunter-Nicholson,Vendor payout,approved
TXN-100206,BATCH-1008,REF-764000,2026-01-06,17926.78,USD,Kirk-Henson,Vendor payout,approved
TXN-100207,BATCH-1008,REF-789461,2026-02-19,18269.1,USD,Hawkins-Saunders,Vendor payout,approved
TXN-100208,BATCH-1008,REF-984027,2026-02-08,3476.05,GBP,Fitzgerald PLC,Vendor payout,approved
TXN-100209,BATCH-1008,REF-711116,2026-03-03,17766.06,EUR,Roberts Group,Vendor payout,approved
TXN-100210,BATCH-1008,REF-362732,2026-03-29,6692.78,USD,Johnson-Newton,Vendor payout,approved
TXN-100211,BATCH-1008,REF-818430,2026-04-11,23163.96,EUR,"Payne, Wall and Hernandez",Vendor payout,approved
TXN-100212,BATCH-1008,REF-495521,2026-01-16,4694.74,USD,Hickman-Walter,Vendor payout,approved
TXN-100213,BATCH-1008,REF-176421,2026-02-15,12276.51,GBP,"Walker, Garcia and Mcguire",Vendor payout,approved
TXN-100214,BATCH-1008,REF-688602,2026-03-02,5480.67,GBP,Wilson and Sons,Vendor payout,approved
TXN-100215,BATCH-1008,REF-941814,2026-03-07,642.03,GBP,Dudley Ltd,Vendor payout,approved
TXN-100216,BATCH-1008,REF-836879,2026-04-17,20895.74,USD,Murray Group,Vendor payout,approved
TXN-100217,BATCH-1008,REF-760830,2026-02-27,22776.89,EUR,Bauer Inc,Vendor payout,approved
TXN-100218,BATCH-1008,REF-514306,2026-02-18,15173.98,EUR,Robinson and Sons,Vendor payout,approved
TXN-100219,BATCH-1008,REF-143802,2026-01-16,13849.27,GBP,Roberts LLC,Vendor payout,approved
TXN-100220,BATCH-1008,REF-290167,2026-01-15,15431.7,EUR,Maxwell-Shepherd,Vendor payout,approved
TXN-100221,BATCH-1008,REF-398987,2026-01-13,3227.17,GBP,Rodriguez LLC,Vendor payout,approved
TXN-100222,BATCH-1008,REF-980919,2026-02-05,19646.86,GBP,"Moss, Atkins and Daniels",Vendor payout,approved
TXN-100223,BATCH-1008,REF-757057,2026-04-04,22285.14,USD,"Hayes, Luna and Miller",Vendor payout,approved
TXN-100224,BATCH-1008,REF-587274,2026-01-18,9161.32,USD,Zimmerman and Sons,Vendor payout,approved
TXN-100225,BATCH-1009,REF-611329,2026-04-08,23480.9,USD,Jones Group,Vendor payout,approved
TXN-100226,BATCH-1009,REF-785428,2026-02-18,14476.32,GBP,Bryant LLC,Vendor payout,approved
TXN-100227,BATCH-1009,REF-341162,2026-01-22,12558.38,USD,Rhodes Ltd,Vendor payout,approved
TXN-100228,BATCH-1009,REF-973846,2026-03-24,11988.55,GBP,White-Wilson,Vendor payout,approved
TXN-100229,BATCH-1009,REF-327114,2026-01-11,21965.76,GBP,"Rodriguez, Sutton and Santiago",Vendor payout,approved
TXN-100230,BATCH-1009,REF-117367,2026-01-14,5764.6,EUR,Reeves Ltd,Vendor payout,approved
TXN-100231,BATCH-1009,REF-541119,2026-03-08,22426.8,GBP,"Fleming, King and Herring",Vendor payout,approved
TXN-100232,BATCH-1009,REF-298202,2026-02-02,7099.59,GBP,Costa and Sons,Vendor payout,approved
TXN-100233,BATCH-1009,REF-483405,2026-03-14,6551.04,GBP,Best Inc,Vendor payout,approved
TXN-100234,BATCH-1009,REF-340932,2026-04-06,18401.17,GBP,Peterson LLC,Vendor payout,approved
TXN-100235,BATCH-1009,REF-375871,2026-01-09,23148.4,EUR,"Best, Simon and Turner",Vendor payout,approved
TXN-100236,BATCH-1009,REF-832377,2026-03-08,4888.79,GBP,"Liu, Parsons and Delacruz",Vendor payout,approved
TXN-100237,BATCH-1009,REF-970071,2026-04-03,22981.46,GBP,"Rodriguez, Sutton and Santiago",Vendor payout,approved
TXN-100238,BATCH-1009,REF-638220,2026-04-13,12591.65,EUR,"Miller, Anderson and Padilla",Vendor payout,approved
TXN-100239,BATCH-1009,REF-764442,2026-02-18,12062.2,EUR,Smith and Sons,Vendor payout,approved
TXN-100240,BATCH-1009,REF-701581,2026-04-25,11926.97,EUR,Hunt PLC,Vendor payout,approved
TXN-100241,BATCH-1009,REF-182300,2026-04-28,3920.99,USD,Barrera Group,Vendor payout,approved
TXN-100242,BATCH-1009,REF-651273,2026-01-07,9962.04,GBP,"Hernandez, Wade and Rodriguez",Vendor payout,approved
TXN-100243,BATCH-1009,REF-742544,2026-02-16,9501.21,USD,"Martinez, Joseph and Simmons",Vendor payout,approved
TXN-100244,BATCH-1009,REF-204721,2026-04-15,14295.96,GBP,Nguyen-Roberts,Vendor payout,approved
TXN-100245,BATCH-1009,REF-695417,2026-03-13,19638.69,EUR,Davis Group,Vendor payout,approved
TXN-100246,BATCH-1009,REF-703869,2026-03-15,3052.91,GBP,Mullins-Cabrera,Vendor payout,approved
TXN-100247,BATCH-1009,REF-990136,2026-02-21,10559.87,GBP,"Roberts, Frazier and Smith",Vendor payout,approved
TXN-100248,BATCH-1009,REF-863124,2026-01-17,10364.38,USD,Hughes Inc,Vendor payout,approved
TXN-100249,BATCH-1009,REF-748127,2026-02-03,13111.47,USD,Hawkins-Saunders,Vendor payout,approved
TXN-100250,BATCH-1010,REF-385647,2026-04-30,21609.42,EUR,Stone and Sons,Vendor payout,approved
TXN-100251,BATCH-1010,REF-532227,2026-02-16,20122.58,EUR,Ibarra-Clark,Vendor payout,approved
TXN-100252,BATCH-1010,REF-297731,2026-02-17,14935.17,USD,Hunter-Nicholson,Vendor payout,approved
TXN-100253,BATCH-1010,REF-403662,2026-01-18,10337.27,USD,Jones-Taylor,Vendor payout,approved
TXN-100254,BATCH-1010,REF-115440,2026-01-20,18184.5,USD,Anderson LLC,Vendor payout,approved
TXN-100255,BATCH-1010,REF-982417,2026-01-25,1807.83,EUR,"Smith, Guerra and Holmes",Vendor payout,approved
TXN-100256,BATCH-1010,REF-438756,2026-04-30,11833.82,GBP,Todd-Oconnor,Vendor payout,approved
TXN-100257,BATCH-1010,REF-225461,2026-03-16,8129.72,USD,Jones-Graham,Vendor payout,approved
TXN-100258,BATCH-1010,REF-662407,2026-03-31,1517.88,GBP,Smith Ltd,Vendor payout,approved
TXN-100259,BATCH-1010,REF-669097,2026-02-07,12145.42,EUR,Walters LLC,Vendor payout,approved
TXN-100260,BATCH-1010,REF-869295,2026-02-18,42.98,GBP,"Owens, Peters and White",Vendor payout,approved
TXN-100261,BATCH-1010,REF-648615,2026-01-13,10259.87,EUR,Anderson Inc,Vendor payout,approved
TXN-100262,BATCH-1010,REF-318877,2026-01-02,1250.91,USD,"Chavez, Davis and Walton",Vendor payout,approved
TXN-100263,BATCH-1010,REF-201836,2026-03-08,20865.55,USD,"Ramirez, Hernandez and Fox",Vendor payout,approved
TXN-100264,BATCH-1010,REF-521063,2026-03-12,22073.53,USD,"Smith, Guerra and Holmes",Vendor payout,approved
TXN-100265,BATCH-1010,REF-574379,2026-02-16,9392.2,GBP,Howard LLC,Vendor payout,approved
TXN-100266,BATCH-1010,REF-699378,2026-03-15,22979.82,GBP,Edwards-Boyd,Vendor payout,approved
TXN-100267,BATCH-1010,REF-605972,2026-04-12,18363.29,GBP,"Martinez, Joseph and Simmons",Vendor payout,approved
TXN-100268,BATCH-1010,REF-784488,2026-04-06,10427.63,USD,Hunt-Whitney,Vendor payout,approved
TXN-100269,BATCH-1010,REF-194458,2026-03-06,24276.73,GBP,"Edwards, Anderson and Taylor",Vendor payout,approved
TXN-100270,BATCH-1010,REF-611559,2026-01-26,19056.77,EUR,Walters LLC,Vendor payout,approved
TXN-100271,BATCH-1010,REF-722725,2026-02-14,9147.56,USD,Jimenez-Bradley,Vendor payout,approved
TXN-100272,BATCH-1010,REF-972881,2026-04-22,6095.13,GBP,Rivera-Stanley,Vendor payout,approved
TXN-100273,BATCH-1010,REF-711324,2026-02-18,17384.4,GBP,Li-Jones,Vendor payout,approved
TXN-100274,BATCH-1010,REF-780956,2026-04-22,21610.45,USD,"Garcia, Mercado and West",Vendor payout,approved
TXN-100275,BATCH-1011,REF-463625,2026-01-03,8355.9,EUR,Mata Inc,Vendor payout,approved
TXN-100276,BATCH-1011,REF-810929,2026-03-08,16431.87,USD,"Rodriguez, Evans and Patterson",Vendor payout,approved
TXN-100277,BATCH-1011,REF-241822,2026-04-27,21568.13,EUR,Simmons-Green,Vendor payout,approved
TXN-100278,BATCH-1011,REF-961613,2026-04-06,24030.87,EUR,Fletcher-Pruitt,Vendor payout,approved
TXN-100279,BATCH-1011,REF-781121,2026-04-02,3373.81,GBP,Allen Ltd,Vendor payout,approved
TXN-100280,BATCH-1011,REF-440677,2026-03-30,4447.53,EUR,Rogers Inc,Vendor payout,approved
TXN-100281,BATCH-1011,REF-506216,2026-03-13,12979.6,EUR,Reynolds LLC,Vendor payout,approved
TXN-100282,BATCH-1011,REF-857750,2026-01-12,11602.88,GBP,"Hernandez, Hill and Hull",Vendor payout,approved
TXN-100283,BATCH-1011,REF-868881,2026-04-02,6270.81,GBP,Li-Montoya,Vendor payout,approved
TXN-100284,BATCH-1011,REF-846635,2026-04-09,4074.05,USD,Dickson Inc,Vendor payout,approved
TXN-100285,BATCH-1011,REF-327408,2026-01-31,13598.94,USD,Skinner Ltd,Vendor payout,approved
TXN-100286,BATCH-1011,REF-191962,2026-02-12,16683.24,GBP,Davis-Mitchell,Vendor payout,approved
TXN-100287,BATCH-1011,REF-548081,2026-04-08,8087.48,EUR,Smith and Sons,Vendor payout,approved
TXN-100288,BATCH-1011,REF-703080,2026-03-09,10690.66,EUR,"Matthews, Howard and Brown",Vendor payout,approved
TXN-100289,BATCH-1011,REF-147702,2026-02-22,18443.27,USD,Kirk-Henson,Vendor payout,approved
TXN-100290,BATCH-1011,REF-130531,2026-03-20,8550.51,GBP,Richards-Johnson,Vendor payout,approved
TXN-100291,BATCH-1011,REF-692385,2026-02-08,23196.55,USD,Lawrence-Lee,Vendor payout,approved
TXN-100292,BATCH-1011,REF-508489,2026-03-19,15672.11,USD,"Roberts, Frazier and Smith",Vendor payout,approved
TXN-100293,BATCH-1011,REF-311915,2026-04-10,4395.94,EUR,"Bates, Diaz and Lowe",Vendor payout,approved
TXN-100294,BATCH-1011,REF-104309,2026-01-15,11497.73,GBP,Pena Inc,Vendor payout,approved
TXN-100295,BATCH-1011,REF-301898,2026-01-26,15980.3,USD,Jimenez-Bradley,Vendor payout,approved
TXN-100296,BATCH-1011,REF-838568,2026-05-01,13745.41,EUR,Roberts LLC,Vendor payout,approved
TXN-100297,BATCH-1011,REF-472899,2026-03-20,9813.12,GBP,Hays-Dalton,Vendor payout,approved
TXN-100298,BATCH-1011,REF-342948,2026-03-02,17119.84,GBP,Cox-Hickman,Vendor payout,approved
TXN-100299,BATCH-1011,REF-465549,2026-04-09,11544.51,USD,"Molina, Wells and Bright",Vendor payout,approved
TXN-100300,BATCH-1012,REF-318353,2026-02-13,24347.95,EUR,"Owen, Gibson and Johnson",Vendor payout,approved
TXN-100301,BATCH-1012,REF-214027,2026-03-18,4424.95,EUR,"Adams, Rodriguez and Walker",Vendor payout,approved
TXN-100302,BATCH-1012,REF-706005,2026-03-20,11338.04,EUR,"Collins, Gardner and Shaw",Vendor payout,approved
TXN-100303,BATCH-1012,REF-837520,2026-01-01,1583.7,GBP,Johnson Inc,Vendor payout,approved
TXN-100304,BATCH-1012,REF-984293,2026-02-19,11884.91,USD,Edwards-Boyd,Vendor payout,approved
TXN-100305,BATCH-1012,REF-578180,2026-04-21,2139.47,GBP,Kirk-Henson,Vendor payout,approved
TXN-100306,BATCH-1012,REF-672696,2026-04-29,17810.45,EUR,Park-Daniels,Vendor payout,approved
TXN-100307,BATCH-1012,REF-595401,2026-02-01,13095.84,GBP,"Best, Simon and Turner",Vendor payout,approved
TXN-100308,BATCH-1012,REF-923154,2026-04-04,7247.98,USD,Wilson Ltd,Vendor payout,approved
TXN-100309,BATCH-1012,REF-999529,2026-02-05,6319.97,GBP,Robbins LLC,Vendor payout,approved
TXN-100310,BATCH-1012,REF-961639,2026-03-18,8587.63,USD,"Brown, Middleton and Williams",Vendor payout,approved
TXN-100311,BATCH-1012,REF-416006,2026-03-02,1336.77,EUR,Smith-Gaines,Vendor payout,approved
TXN-100312,BATCH-1012,REF-143010,2026-03-29,9565.55,EUR,Wilson and Sons,Vendor payout,approved
TXN-100313,BATCH-1012,REF-804527,2026-04-04,11541.19,GBP,Esparza-Carroll,Vendor payout,approved
TXN-100314,BATCH-1012,REF-135695,2026-01-25,5504.92,EUR,Davis Group,Vendor payout,approved
TXN-100315,BATCH-1012,REF-575470,2026-03-23,6352.06,EUR,"Howard, Lynch and Morris",Vendor payout,approved
TXN-100316,BATCH-1012,REF-310416,2026-04-29,4468.79,USD,Randolph and Sons,Vendor payout,approved
TXN-100317,BATCH-1012,REF-139673,2026-04-30,22415.4,USD,Joseph Group,Vendor payout,approved
TXN-100318,BATCH-1012,REF-694798,2026-01-16,9625.99,GBP,"Berry, Rios and Marshall",Vendor payout,approved
TXN-100319,BATCH-1012,REF-502824,2026-01-06,16203.62,USD,Griffin Inc,Vendor payout,approved
TXN-100320,BATCH-1012,REF-659876,2026-03-05,19823.66,GBP,Ibarra-Clark,Vendor payout,approved
TXN-100321,BATCH-1012,REF-748410,2026-04-27,12235.15,USD,Bowers Ltd,Vendor payout,approved
TXN-100322,BATCH-1012,REF-950941,2026-02-13,1601.18,USD,Gardner-Hayes,Vendor payout,approved
TXN-100323,BATCH-1012,REF-559969,2026-01-22,4222.07,EUR,Griffin Inc,Vendor payout,approved
TXN-100324,BATCH-1012,REF-250038,2026-01-27,10420.15,EUR,Kennedy-Marks,Vendor payout,approved
TXN-100325,BATCH-1013,REF-200331,2026-03-09,13953.82,USD,Peterson LLC,Vendor payout,approved
TXN-100326,BATCH-1013,REF-776185,2026-01-07,12450.43,USD,Mckinney-Cooper,Vendor payout,approved
TXN-100327,BATCH-1013,REF-539422,2026-02-11,18042.04,GBP,Gomez-Cardenas,Vendor payout,approved
TXN-100328,BATCH-1013,REF-739037,2026-04-29,22264.96,USD,"Ramirez, Hernandez and Fox",Vendor payout,approved
TXN-100329,BATCH-1013,REF-897273,2026-01-22,21294.99,EUR,Gonzalez Inc,Vendor payout,approved
TXN-100330,BATCH-1013,REF-358635,2026-04-05,6997.29,GBP,Fitzgerald-Watson,Vendor payout,approved
TXN-100331,BATCH-1013,REF-619344,2026-02-27,11994.75,GBP,"Evans, Conway and Hall",Vendor payout,approved
TXN-100332,BATCH-1013,REF-576935,2026-01-04,17590.03,GBP,"Clarke, Johnson and Watson",Vendor payout,approved
TXN-100333,BATCH-1013,REF-933071,2026-03-15,17458.92,GBP,Morris Inc,Vendor payout,approved
TXN-100334,BATCH-1013,REF-843793,2026-03-13,16213.11,GBP,Smith and Sons,Vendor payout,approved
TXN-100335,BATCH-1013,REF-652266,2026-03-06,9336.02,EUR,Lee-Taylor,Vendor payout,approved
TXN-100336,BATCH-1013,REF-389346,2026-01-22,7227.11,USD,Gallegos-Stewart,Vendor payout,approved
TXN-100337,BATCH-1013,REF-452192,2026-03-24,575.36,USD,Lawrence-Lee,Vendor payout,approved
TXN-100338,BATCH-1013,REF-986585,2026-04-09,5688.88,EUR,"Jackson, Romero and Mendez",Vendor payout,approved
TXN-100339,BATCH-1013,REF-841484,2026-03-13,6528.67,USD,"Peterson, Hood and Arroyo",Vendor payout,approved
TXN-100340,BATCH-1013,REF-672675,2026-04-05,23197.09,USD,Dickson-Padilla,Vendor payout,approved
TXN-100341,BATCH-1013,REF-521139,2026-01-04,16958.26,USD,Ibarra-Clark,Vendor payout,approved
TXN-100342,BATCH-1013,REF-433193,2026-03-04,24396.59,EUR,Maxwell-Shepherd,Vendor payout,approved
TXN-100343,BATCH-1013,REF-565798,2026-04-04,21860.69,USD,"Ramirez, Hernandez and Fox",Vendor payout,approved
TXN-100344,BATCH-1013,REF-283388,2026-02-23,2234.0,EUR,Jackson LLC,Vendor payout,approved
TXN-100345,BATCH-1013,REF-414750,2026-02-03,5632.39,USD,Smith Ltd,Vendor payout,approved
TXN-100346,BATCH-1013,REF-370439,2026-04-22,14537.12,GBP,"Moss, Atkins and Daniels",Vendor payout,approved
TXN-100347,BATCH-1013,REF-539892,2026-02-16,8950.7,USD,Jackson LLC,Vendor payout,approved
TXN-100348,BATCH-1013,REF-660380,2026-01-13,6804.69,GBP,Howard-Mcdonald,Vendor payout,approved
TXN-100349,BATCH-1013,REF-237606,2026-04-15,10448.22,USD,"Miller, Anderson and Padilla",Vendor payout,approved
TXN-100350,BATCH-1014,REF-236543,2026-01-27,17208.98,EUR,Kennedy-Marks,Vendor payout,approved
TXN-100351,BATCH-1014,REF-201191,2026-04-07,1105.96,EUR,Price PLC,Vendor payout,approved
TXN-100352,BATCH-1014,REF-706217,2026-04-15,12635.11,USD,"Evans, Conway and Hall",Vendor payout,approved
TXN-100353,BATCH-1014,REF-472058,2026-04-17,11005.65,USD,"Smith, Guerra and Holmes",Vendor payout,approved
TXN-100354,BATCH-1014,REF-871934,2026-03-18,2915.17,EUR,Reed PLC,Vendor payout,approved
TXN-100355,BATCH-1014,REF-790537,2026-03-08,16810.58,EUR,Robinson and Sons,Vendor payout,approved
TXN-100356,BATCH-1014,REF-901968,2026-02-05,3090.99,EUR,Cooper PLC,Vendor payout,approved
TXN-100357,BATCH-1014,REF-204441,2026-01-04,12246.3,USD,Thompson-Campbell,Vendor payout,approved
TXN-100358,BATCH-1014,REF-374375,2026-03-06,7356.73,EUR,Randolph and Sons,Vendor payout,approved
TXN-100359,BATCH-1014,REF-840356,2026-04-24,4442.31,GBP,Wilson Ltd,Vendor payout,approved
TXN-100360,BATCH-1014,REF-398254,2026-04-09,14786.35,EUR,"Howell, Hart and Swanson",Vendor payout,approved
TXN-100361,BATCH-1014,REF-427260,2026-03-24,16539.47,USD,Rodriguez LLC,Vendor payout,approved
TXN-100362,BATCH-1014,REF-509260,2026-03-15,14710.03,EUR,"Lewis, Joyce and Robertson",Vendor payout,approved
TXN-100363,BATCH-1014,REF-378035,2026-02-06,21013.5,GBP,Wright Group,Vendor payout,approved
TXN-100364,BATCH-1014,REF-943187,2026-03-06,19896.4,GBP,Church Inc,Vendor payout,approved
TXN-100365,BATCH-1014,REF-768914,2026-02-04,16528.64,GBP,"Williams, Oneill and Torres",Vendor payout,approved
TXN-100366,BATCH-1014,REF-532472,2026-04-19,7983.36,USD,Walter Inc,Vendor payout,approved
TXN-100367,BATCH-1014,REF-385959,2026-01-21,10564.93,USD,Juarez-Jones,Vendor payout,approved
TXN-100368,BATCH-1014,REF-789365,2026-03-27,22516.86,EUR,"Snow, Rodgers and Miller",Vendor payout,approved
TXN-100369,BATCH-1014,REF-972765,2026-02-12,5970.97,USD,Davis PLC,Vendor payout,approved
TXN-100370,BATCH-1014,REF-544366,2026-03-11,17497.95,USD,Washington-West,Vendor payout,approved
TXN-100371,BATCH-1014,REF-679577,2026-02-02,17274.79,GBP,"Johnson, Meyer and Hanna",Vendor payout,approved
TXN-100372,BATCH-1014,REF-432591,2026-03-22,7453.14,USD,Robinson and Sons,Vendor payout,approved
TXN-100373,BATCH-1014,REF-442641,2026-04-05,8812.61,GBP,Hunter-Nicholson,Vendor payout,approved
TXN-100374,BATCH-1014,REF-722871,2026-04-19,3966.62,GBP,Allen and Sons,Vendor payout,approved
TXN-100375,BATCH-1015,REF-124085,2026-01-03,23620.31,GBP,Orozco Ltd,Vendor payout,approved
TXN-100376,BATCH-1015,REF-853489,2026-01-02,4273.82,GBP,Peterson LLC,Vendor payout,approved
TXN-100377,BATCH-1015,REF-289131,2026-02-23,15012.07,EUR,Wade PLC,Vendor payout,approved
TXN-100378,BATCH-1015,REF-543852,2026-04-01,17179.14,GBP,Arnold-Beck,Vendor payout,approved
TXN-100379,BATCH-1015,REF-708684,2026-01-06,16789.77,USD,Walters LLC,Vendor payout,approved
TXN-100380,BATCH-1015,REF-376002,2026-04-26,18701.89,EUR,"Molina, Wells and Bright",Vendor payout,approved
TXN-100381,BATCH-1015,REF-372864,2026-03-02,1387.82,USD,Hamilton-Bautista,Vendor payout,approved
TXN-100382,BATCH-1015,REF-276470,2026-04-17,5113.25,EUR,"Smith, Guerra and Holmes",Vendor payout,approved
TXN-100383,BATCH-1015,REF-491704,2026-02-20,673.41,GBP,Phillips-Wyatt,Vendor payout,approved
TXN-100384,BATCH-1015,REF-869989,2026-04-04,16412.91,EUR,"Martinez, Joseph and Simmons",Vendor payout,approved
TXN-100385,BATCH-1015,REF-917357,2026-02-19,2252.48,USD,Li-Montoya,Vendor payout,approved
TXN-100386,BATCH-1015,REF-690408,2026-02-04,11149.92,EUR,Moore LLC,Vendor payout,approved
TXN-100387,BATCH-1015,REF-404824,2026-01-11,23268.42,GBP,Simmons-Green,Vendor payout,approved
TXN-100388,BATCH-1015,REF-199074,2026-02-22,12847.53,GBP,"Nguyen, Williams and Smith",Vendor payout,approved
TXN-100389,BATCH-1015,REF-715732,2026-02-10,2105.18,GBP,Davis-Mitchell,Vendor payout,approved
TXN-100390,BATCH-1015,REF-222346,2026-02-20,10859.13,USD,Dickson-Padilla,Vendor payout,approved
TXN-100391,BATCH-1015,REF-128117,2026-04-20,20403.81,GBP,Wade PLC,Vendor payout,approved
TXN-100392,BATCH-1015,REF-571351,2026-04-21,24097.58,EUR,Holmes and Sons,Vendor payout,approved
TXN-100393,BATCH-1015,REF-848987,2026-01-30,12165.37,GBP,"Salinas, Barnes and Cooper",Vendor payout,approved
TXN-100394,BATCH-1015,REF-460550,2026-03-02,544.65,EUR,King-George,Vendor payout,approved
TXN-100395,BATCH-1015,REF-824248,2026-02-06,19904.42,USD,Ingram PLC,Vendor payout,approved
TXN-100396,BATCH-1015,REF-968167,2026-01-23,22025.63,EUR,Mcdowell-Watts,Vendor payout,approved
TXN-100397,BATCH-1015,REF-892476,2026-04-18,17667.46,EUR,Farrell-Willis,Vendor payout,approved
TXN-100398,BATCH-1015,REF-204117,2026-04-04,17711.38,GBP,Cooper PLC,Vendor payout,approved
TXN-100399,BATCH-1015,REF-760016,2026-02-16,6668.74,GBP,Kirk-Henson,Vendor payout,approved
TXN-100400,BATCH-1016,REF-172961,2026-05-01,3660.97,USD,"Drake, Torres and Murray",Vendor payout,approved
TXN-100401,BATCH-1016,REF-967176,2026-01-02,18045.74,EUR,Hammond Ltd,Vendor payout,approved
TXN-100402,BATCH-1016,REF-860321,2026-02-19,2129.92,GBP,Charles-Butler,Vendor payout,approved
TXN-100403,BATCH-1016,REF-215806,2026-03-06,6052.46,EUR,Best Inc,Vendor payout,approved
TXN-100404,BATCH-1016,REF-758237,2026-04-02,20139.55,GBP,Coffey-Howell,Vendor payout,approved
TXN-100405,BATCH-1016,REF-253672,2026-01-13,20575.5,EUR,Allen-Taylor,Vendor payout,approved
TXN-100406,BATCH-1016,REF-537174,2026-04-04,15920.62,EUR,Rogers Inc,Vendor payout,approved
TXN-100407,BATCH-1016,REF-226737,2026-01-15,23044.39,USD,Costa and Sons,Vendor payout,approved
TXN-100408,BATCH-1016,REF-875590,2026-04-15,22229.2,USD,Jones-Taylor,Vendor payout,approved
TXN-100409,BATCH-1016,REF-863220,2026-01-20,19047.93,GBP,Howe and Sons,Vendor payout,approved
TXN-100410,BATCH-1016,REF-301774,2026-01-11,14037.08,USD,Walters LLC,Vendor payout,approved
TXN-100411,BATCH-1016,REF-188759,2026-02-26,6151.04,GBP,Gomez-Cardenas,Vendor payout,approved
TXN-100412,BATCH-1016,REF-193982,2026-04-09,7151.66,USD,Howard LLC,Vendor payout,approved
TXN-100413,BATCH-1016,REF-633328,2026-03-05,1320.66,USD,Lane-Hines,Vendor payout,approved
TXN-100414,BATCH-1016,REF-695848,2026-02-08,6176.74,GBP,Kennedy-Marks,Vendor payout,approved
TXN-100415,BATCH-1016,REF-275512,2026-03-25,24028.83,GBP,Zimmerman and Sons,Vendor payout,approved
TXN-100416,BATCH-1016,REF-246433,2026-04-17,7533.44,EUR,Phillips-Wyatt,Vendor payout,approved
TXN-100417,BATCH-1016,REF-825452,2026-04-27,23975.84,EUR,"Johnson, Harrison and Thomas",Vendor payout,approved
TXN-100418,BATCH-1016,REF-730520,2026-04-16,16814.34,EUR,"Bell, Pollard and Berry",Vendor payout,approved
TXN-100419,BATCH-1016,REF-852677,2026-04-14,4808.0,GBP,Wilson Ltd,Vendor payout,approved
TXN-100420,BATCH-1016,REF-303182,2026-03-12,14238.33,EUR,Dorsey Group,Vendor payout,approved
TXN-100421,BATCH-1016,REF-810656,2026-03-30,4816.49,GBP,Hughes Inc,Vendor payout,approved
TXN-100422,BATCH-1016,REF-856254,2026-04-24,12401.98,GBP,Mckinney-Cooper,Vendor payout,approved
TXN-100423,BATCH-1016,REF-756403,2026-01-09,4942.0,EUR,Todd-Oconnor,Vendor payout,approved
TXN-100424,BATCH-1016,REF-200318,2026-04-08,23590.1,GBP,Robinson and Sons,Vendor payout,approved
TXN-100425,BATCH-1017,REF-154738,2026-03-13,1668.11,GBP,Nguyen-White,Vendor payout,approved
TXN-100426,BATCH-1017,REF-207677,2026-01-14,11365.57,EUR,King-George,Vendor payout,approved
TXN-100427,BATCH-1017,REF-638051,2026-02-25,1535.77,EUR,Austin-Bonilla,Vendor payout,approved
TXN-100428,BATCH-1017,REF-311037,2026-03-23,10565.98,USD,Walters PLC,Vendor payout,approved
TXN-100429,BATCH-1017,REF-341459,2026-03-30,12410.87,USD,Orozco Ltd,Vendor payout,approved
TXN-100430,BATCH-1017,REF-303846,2026-02-26,13878.42,USD,Zimmerman and Sons,Vendor payout,approved
TXN-100431,BATCH-1017,REF-810360,2026-04-17,21075.96,USD,Holmes and Sons,Vendor payout,approved
TXN-100432,BATCH-1017,REF-658424,2026-01-25,2984.37,USD,Mitchell-Jones,Vendor payout,approved
TXN-100433,BATCH-1017,REF-612743,2026-04-24,21824.47,GBP,Austin-Bonilla,Vendor payout,approved
TXN-100434,BATCH-1017,REF-709418,2026-02-04,17898.36,EUR,Davis PLC,Vendor payout,approved
TXN-100435,BATCH-1017,REF-188109,2026-04-07,6381.87,USD,Thompson-Campbell,Vendor payout,approved
TXN-100436,BATCH-1017,REF-776703,2026-02-03,642.34,EUR,Gray PLC,Vendor payout,approved
TXN-100437,BATCH-1017,REF-839919,2026-01-25,6269.34,GBP,Vincent-Mcclure,Vendor payout,approved
TXN-100438,BATCH-1017,REF-885527,2026-04-03,21640.02,USD,Hunt-Whitney,Vendor payout,approved
TXN-100439,BATCH-1017,REF-705561,2026-01-18,21327.28,USD,Dudley Ltd,Vendor payout,approved
TXN-100440,BATCH-1017,REF-937965,2026-03-22,24431.65,EUR,"George, Lewis and Mitchell",Vendor payout,approved
TXN-100441,BATCH-1017,REF-133616,2026-01-23,2353.71,USD,Griffin Inc,Vendor payout,approved
TXN-100442,BATCH-1017,REF-538738,2026-03-10,9792.85,USD,Allen and Sons,Vendor payout,approved
TXN-100443,BATCH-1017,REF-167077,2026-02-27,6904.14,USD,"Dorsey, Patterson and Harrison",Vendor payout,approved
TXN-100444,BATCH-1017,REF-288301,2026-02-01,9792.48,USD,Kirk-Henson,Vendor payout,approved
TXN-100445,BATCH-1017,REF-617459,2026-04-27,17458.65,GBP,Hunt PLC,Vendor payout,approved
TXN-100446,BATCH-1017,REF-460351,2026-02-18,15980.69,GBP,Jacobs PLC,Vendor payout,approved
TXN-100447,BATCH-1017,REF-979226,2026-01-22,3527.89,EUR,White-Wilson,Vendor payout,approved
TXN-100448,BATCH-1017,REF-794723,2026-03-24,11065.4,USD,Pena Inc,Vendor payout,approved
TXN-100449,BATCH-1017,REF-301485,2026-04-16,10556.53,USD,"Johnson, Phillips and Brown",Vendor payout,approved
TXN-100450,BATCH-1018,REF-211028,2026-01-28,23474.61,USD,Ford Ltd,Vendor payout,approved
TXN-100451,BATCH-1018,REF-991777,2026-04-12,24577.98,USD,Wilson Group,Vendor payout,approved
TXN-100452,BATCH-1018,REF-500945,2026-02-27,1711.15,USD,Austin-Bonilla,Vendor payout,approved
TXN-100453,BATCH-1018,REF-259038,2026-01-26,3460.45,EUR,"Thompson, Cooper and Young",Vendor payout,approved
TXN-100454,BATCH-1018,REF-354016,2026-02-13,18770.01,USD,"Davis, Kim and Ingram",Vendor payout,approved
TXN-100455,BATCH-1018,REF-248407,2026-03-23,1772.87,USD,Flynn-Matthews,Vendor payout,approved
TXN-100456,BATCH-1018,REF-311184,2026-03-23,7594.94,GBP,Howe and Sons,Vendor payout,approved
TXN-100457,BATCH-1018,REF-187275,2026-04-20,519.78,EUR,Gardner-Hayes,Vendor payout,approved
TXN-100458,BATCH-1018,REF-625021,2026-01-02,4913.0,USD,Dickson-Padilla,Vendor payout,approved
TXN-100459,BATCH-1018,REF-900011,2026-01-25,9636.03,GBP,Li-Montoya,Vendor payout,approved
TXN-100460,BATCH-1018,REF-798011,2026-03-31,23038.68,EUR,Peters-Ward,Vendor payout,approved
TXN-100461,BATCH-1018,REF-970055,2026-01-22,12975.46,USD,Best Inc,Vendor payout,approved
TXN-100462,BATCH-1018,REF-423066,2026-03-31,18724.53,GBP,Fitzpatrick-Henderson,Vendor payout,approved
TXN-100463,BATCH-1018,REF-953929,2026-03-14,12577.78,USD,"Shaw, Baker and Scott",Vendor payout,approved
TXN-100464,BATCH-1018,REF-131107,2026-02-13,9458.77,EUR,Cooper Ltd,Vendor payout,approved
TXN-100465,BATCH-1018,REF-550314,2026-03-19,23304.91,EUR,"Johnson, Phillips and Brown",Vendor payout,approved
TXN-100466,BATCH-1018,REF-228864,2026-03-19,18137.37,USD,Thornton and Sons,Vendor payout,approved
TXN-100467,BATCH-1018,REF-565888,2026-03-28,21839.03,GBP,"Martinez, Joseph and Simmons",Vendor payout,approved
TXN-100468,BATCH-1018,REF-805756,2026-04-17,3218.34,USD,Church Inc,Vendor payout,approved
TXN-100469,BATCH-1018,REF-393976,2026-04-09,4026.88,EUR,Arnold-Beck,Vendor payout,approved
TXN-100470,BATCH-1018,REF-773292,2026-03-25,16108.56,EUR,"Rodriguez, Evans and Patterson",Vendor payout,approved
TXN-100471,BATCH-1018,REF-101760,2026-04-05,21336.92,EUR,Young-Hudson,Vendor payout,approved
TXN-100472,BATCH-1018,REF-813011,2026-03-05,7915.26,EUR,Jones Group,Vendor payout,approved
TXN-100473,BATCH-1018,REF-949566,2026-01-08,12388.26,GBP,"Bell, Pollard and Berry",Vendor payout,approved
TXN-100474,BATCH-1018,REF-894520,2026-02-14,8451.82,GBP,Davis PLC,Vendor payout,approved
TXN-100475,BATCH-1019,REF-563348,2026-01-18,11451.87,USD,Young-Hudson,Vendor payout,approved
TXN-100476,BATCH-1019,REF-155021,2026-05-01,8905.71,EUR,Dickson Inc,Vendor payout,approved
TXN-100477,BATCH-1019,REF-586197,2026-04-10,19401.85,GBP,"Best, Simon and Turner",Vendor payout,approved
TXN-100478,BATCH-1019,REF-775908,2026-03-03,19863.73,USD,Arnold-Beck,Vendor payout,approved
TXN-100479,BATCH-1019,REF-728204,2026-01-24,18843.87,USD,Peterson LLC,Vendor payout,approved
TXN-100480,BATCH-1019,REF-543601,2026-01-22,12666.05,EUR,"Rice, Wallace and Castillo",Vendor payout,approved
TXN-100481,BATCH-1019,REF-138518,2026-01-31,17206.06,GBP,Mckinney-Cooper,Vendor payout,approved
TXN-100482,BATCH-1019,REF-187298,2026-02-28,9560.01,USD,Smith-Gaines,Vendor payout,approved
TXN-100483,BATCH-1019,REF-732928,2026-01-04,7926.1,EUR,Wagner Ltd,Vendor payout,approved
TXN-100484,BATCH-1019,REF-920755,2026-01-14,9444.47,USD,"Lewis, Joyce and Robertson",Vendor payout,approved
TXN-100485,BATCH-1019,REF-723501,2026-03-12,4537.3,GBP,"Bryant, Harrison and Carter",Vendor payout,approved
TXN-100486,BATCH-1019,REF-560282,2026-01-24,16963.43,EUR,Farrell-Willis,Vendor payout,approved
TXN-100487,BATCH-1019,REF-865411,2026-01-10,21135.01,GBP,Rose-Gonzales,Vendor payout,approved
TXN-100488,BATCH-1019,REF-971783,2026-04-27,10151.65,GBP,Mitchell-Jones,Vendor payout,approved
TXN-100489,BATCH-1019,REF-543256,2026-01-07,20989.24,GBP,"Howell, Hart and Swanson",Vendor payout,approved
TXN-100490,BATCH-1019,REF-137150,2026-04-16,5456.14,EUR,Hickman-Walter,Vendor payout,approved
TXN-100491,BATCH-1019,REF-654797,2026-01-11,2555.91,EUR,Mullins-Cabrera,Vendor payout,approved
TXN-100492,BATCH-1019,REF-246668,2026-01-21,2739.66,EUR,Robinson and Sons,Vendor payout,approved
TXN-100493,BATCH-1019,REF-938672,2026-03-05,2991.84,EUR,"Walker, Garcia and Mcguire",Vendor payout,approved
TXN-100494,BATCH-1019,REF-811259,2026-01-07,12512.52,GBP,Lane-Hines,Vendor payout,approved
TXN-100495,BATCH-1019,REF-596912,2026-01-26,24856.57,USD,Fitzgerald-Watson,Vendor payout,approved
TXN-100496,BATCH-1019,REF-153430,2026-01-12,10671.92,GBP,Walters PLC,Vendor payout,approved
TXN-100497,BATCH-1019,REF-435377,2026-02-01,23576.39,GBP,Gonzalez Inc,Vendor payout,approved
TXN-100498,BATCH-1019,REF-236637,2026-04-09,2444.76,USD,Mccoy Ltd,Vendor payout,approved
TXN-100499,BATCH-1019,REF-673129,2026-01-10,4843.36,EUR,"Evans, Conway and Hall",Vendor payout,approved
TXN-100500,BATCH-1020,REF-606274,2026-01-09,15755.87,USD,"Moss, Atkins and Daniels",Vendor payout,approved
TXN-100501,BATCH-1020,REF-273558,2026-01-10,12388.27,GBP,Fitzgerald PLC,Vendor payout,approved
TXN-100502,BATCH-1020,REF-418148,2026-02-03,12607.85,GBP,Simmons-Green,Vendor payout,approved
TXN-100503,BATCH-1020,REF-221828,2026-03-10,16069.27,USD,Kirk-Morales,Vendor payout,approved
TXN-100504,BATCH-1020,REF-368422,2026-01-23,20602.7,USD,Robbins LLC,Vendor payout,approved
TXN-100505,BATCH-1020,REF-255539,2026-02-17,3912.15,USD,Perez-Neal,Vendor payout,approved
TXN-100506,BATCH-1020,REF-577127,2026-02-01,1759.62,USD,Gardner-Hayes,Vendor payout,approved
TXN-100507,BATCH-1020,REF-109852,2026-04-12,6709.72,GBP,Green Ltd,Vendor payout,approved
TXN-100508,BATCH-1020,REF-146688,2026-04-16,15696.46,USD,Holmes and Sons,Vendor payout,approved
TXN-100509,BATCH-1020,REF-277795,2026-03-04,17176.99,GBP,Reynolds-Harris,Vendor payout,approved
TXN-100510,BATCH-1020,REF-957276,2026-03-21,3776.75,GBP,Church Inc,Vendor payout,approved
TXN-100511,BATCH-1020,REF-705912,2026-01-15,11181.22,EUR,Smith and Sons,Vendor payout,approved
TXN-100512,BATCH-1020,REF-538996,2026-02-19,3477.08,GBP,Brown and Sons,Vendor payout,approved
TXN-100513,BATCH-1020,REF-685498,2026-02-16,9058.69,USD,"Johnson, Harrison and Thomas",Vendor payout,approved
TXN-100514,BATCH-1020,REF-838158,2026-03-31,1420.25,USD,Peterson LLC,Vendor payout,approved
TXN-100515,BATCH-1020,REF-246918,2026-04-06,3764.19,USD,Allen Ltd,Vendor payout,approved
TXN-100516,BATCH-1020,REF-544198,2026-04-17,12594.8,USD,Spears-Beck,Vendor payout,approved
TXN-100517,BATCH-1020,REF-511346,2026-01-29,18584.79,EUR,Nguyen-White,Vendor payout,approved
TXN-100518,BATCH-1020,REF-732490,2026-02-16,6766.24,USD,"Hernandez, Greer and Jackson",Vendor payout,approved
TXN-100519,BATCH-1020,REF-928611,2026-03-14,24417.16,GBP,Mckinney-Cooper,Vendor payout,approved
TXN-100520,BATCH-1020,REF-626570,2026-01-13,8299.67,GBP,"Ward, Garcia and Henry",Vendor payout,approved
TXN-100521,BATCH-1020,REF-864118,2026-03-08,19226.42,USD,Colon Group,Vendor payout,approved
TXN-100522,BATCH-1020,REF-943816,2026-01-13,23951.44,GBP,Arroyo-Pope,Vendor payout,approved
TXN-100523,BATCH-1020,REF-368463,2026-03-02,4500.18,EUR,"Matthews, Howard and Brown",Vendor payout,approved
TXN-100524,BATCH-1020,REF-571955,2026-03-06,9357.74,GBP,"Howard, Russo and Smith",Vendor payout,approved
TXN-100525,BATCH-1021,REF-588508,2026-02-14,5595.71,EUR,Leach-Walker,Vendor payout,approved
TXN-100526,BATCH-1021,REF-391897,2026-01-15,5335.56,GBP,Moore LLC,Vendor payout,approved
TXN-100527,BATCH-1021,REF-364315,2026-02-04,1375.59,USD,Best Inc,Vendor payout,approved
TXN-100528,BATCH-1021,REF-411327,2026-04-07,22376.54,EUR,"Curtis, Turner and Soto",Vendor payout,approved
TXN-100529,BATCH-1021,REF-257817,2026-01-02,8110.22,GBP,Washington-West,Vendor payout,approved
TXN-100530,BATCH-1021,REF-495896,2026-03-18,10518.9,GBP,Schneider Ltd,Vendor payout,approved
TXN-100531,BATCH-1021,REF-668817,2026-04-17,10365.99,EUR,"Howell, Hart and Swanson",Vendor payout,approved
TXN-100532,BATCH-1021,REF-117224,2026-03-25,24884.2,USD,"Best, Simon and Turner",Vendor payout,approved
TXN-100533,BATCH-1021,REF-932308,2026-02-14,4909.12,EUR,"Pineda, Travis and Jones",Vendor payout,approved
TXN-100534,BATCH-1021,REF-116284,2026-01-05,16840.69,USD,Kirk-Henson,Vendor payout,approved
TXN-100535,BATCH-1021,REF-282155,2026-04-04,3243.54,GBP,"Collins, Gardner and Shaw",Vendor payout,approved
TXN-100536,BATCH-1021,REF-126885,2026-01-12,23718.79,USD,Leach-Walker,Vendor payout,approved
TXN-100537,BATCH-1021,REF-917919,2026-04-03,7440.64,GBP,Brown and Sons,Vendor payout,approved
TXN-100538,BATCH-1021,REF-985652,2026-03-05,22367.75,USD,"Hernandez, Greer and Jackson",Vendor payout,approved
TXN-100539,BATCH-1021,REF-287356,2026-01-02,20218.51,USD,Davis-Mitchell,Vendor payout,approved
TXN-100540,BATCH-1021,REF-259746,2026-04-08,13410.46,GBP,Fitzgerald PLC,Vendor payout,approved
TXN-100541,BATCH-1021,REF-519369,2026-03-07,11689.42,EUR,"Moss, Atkins and Daniels",Vendor payout,approved
TXN-100542,BATCH-1021,REF-434232,2026-04-15,10607.84,GBP,Jackson LLC,Vendor payout,approved
TXN-100543,BATCH-1021,REF-517654,2026-02-15,15106.96,GBP,Wilson and Sons,Vendor payout,approved
TXN-100544,BATCH-1021,REF-933868,2026-03-14,17927.15,USD,Cox-Hickman,Vendor payout,approved
TXN-100545,BATCH-1021,REF-149064,2026-03-05,4973.81,USD,Skinner Ltd,Vendor payout,approved
TXN-100546,BATCH-1021,REF-659380,2026-04-25,3298.17,EUR,Hamilton-Bautista,Vendor payout,approved
TXN-100547,BATCH-1021,REF-830288,2026-02-08,12358.12,USD,"Garner, Lawson and Richard",Vendor payout,approved
TXN-100548,BATCH-1021,REF-951739,2026-04-03,5677.87,USD,Mitchell-Jones,Vendor payout,approved
TXN-100549,BATCH-1021,REF-583072,2026-03-16,6766.05,USD,Elliott-Wallace,Vendor payout,approved
TXN-100550,BATCH-1022,REF-186816,2026-04-02,5665.12,EUR,"Thompson, Cooper and Young",Vendor payout,approved
TXN-100551,BATCH-1022,REF-719208,2026-04-15,12203.95,EUR,Ingram PLC,Vendor payout,approved
TXN-100552,BATCH-1022,REF-543646,2026-02-05,19506.03,USD,"Adams, Rodriguez and Walker",Vendor payout,approved
TXN-100553,BATCH-1022,REF-471643,2026-01-11,8815.12,USD,"Walker, Garcia and Mcguire",Vendor payout,approved
TXN-100554,BATCH-1022,REF-736955,2026-03-09,10082.24,GBP,Jones-Graham,Vendor payout,approved
TXN-100555,BATCH-1022,REF-964098,2026-04-04,9812.9,USD,Jones Group,Vendor payout,approved
TXN-100556,BATCH-1022,REF-296444,2026-01-22,4276.56,GBP,"Adams, Rodriguez and Walker",Vendor payout,approved
TXN-100557,BATCH-1022,REF-147371,2026-01-15,12220.48,USD,Bowers Ltd,Vendor payout,approved
TXN-100558,BATCH-1022,REF-114219,2026-02-28,16593.63,EUR,"Snow, Rodgers and Miller",Vendor payout,approved
TXN-100559,BATCH-1022,REF-316329,2026-02-16,6128.09,GBP,"Fleming, King and Herring",Vendor payout,approved
TXN-100560,BATCH-1022,REF-143096,2026-01-25,14738.97,EUR,Newman-Thomas,Vendor payout,approved
TXN-100561,BATCH-1022,REF-270505,2026-03-27,13091.57,EUR,Gardner Inc,Vendor payout,approved
TXN-100562,BATCH-1022,REF-906234,2026-03-27,8771.7,EUR,"Ward, Garcia and Henry",Vendor payout,approved
TXN-100563,BATCH-1022,REF-416693,2026-04-28,10578.52,USD,"Hansen, Herrera and Taylor",Vendor payout,approved
TXN-100564,BATCH-1022,REF-292279,2026-03-11,14177.46,GBP,Jacobs PLC,Vendor payout,approved
TXN-100565,BATCH-1022,REF-247414,2026-04-07,23938.36,EUR,"Best, Simon and Turner",Vendor payout,approved
TXN-100566,BATCH-1022,REF-156986,2026-04-18,20191.84,GBP,Jones-Turner,Vendor payout,approved
TXN-100567,BATCH-1022,REF-808502,2026-01-29,14062.18,EUR,Ramsey-Caldwell,Vendor payout,approved
TXN-100568,BATCH-1022,REF-630374,2026-04-17,5127.23,EUR,"Murphy, Jordan and Whitney",Vendor payout,approved
TXN-100569,BATCH-1022,REF-636362,2026-01-22,4640.58,GBP,Esparza-Carroll,Vendor payout,approved
TXN-100570,BATCH-1022,REF-691616,2026-01-16,3725.46,EUR,Farrell-Willis,Vendor payout,approved
TXN-100571,BATCH-1022,REF-840530,2026-02-14,12528.44,GBP,Kirk-Morales,Vendor payout,approved
TXN-100572,BATCH-1022,REF-842916,2026-03-15,9428.66,EUR,"Smith, Guerra and Holmes",Vendor payout,approved
TXN-100573,BATCH-1022,REF-896822,2026-02-11,12498.36,GBP,Moore LLC,Vendor payout,approved
TXN-100574,BATCH-1022,REF-282522,2026-04-29,11052.17,EUR,"Savage, Garcia and Robinson",Vendor payout,approved
TXN-100575,BATCH-1023,REF-134853,2026-01-27,15737.16,GBP,Li-Martinez,Vendor payout,approved
TXN-100576,BATCH-1023,REF-170416,2026-04-13,15471.51,GBP,Elliott-Wallace,Vendor payout,approved
TXN-100577,BATCH-1023,REF-475290,2026-04-01,23058.78,EUR,"Collins, Gardner and Shaw",Vendor payout,approved
TXN-100578,BATCH-1023,REF-373553,2026-02-23,16339.47,USD,"Taylor, Zavala and Bates",Vendor payout,approved
TXN-100579,BATCH-1023,REF-678211,2026-04-24,23748.95,GBP,Cochran Inc,Vendor payout,approved
TXN-100580,BATCH-1023,REF-605595,2026-03-12,17056.48,GBP,Li-Jones,Vendor payout,approved
TXN-100581,BATCH-1023,REF-889125,2026-04-06,14725.72,USD,"Howard, Russo and Smith",Vendor payout,approved
TXN-100582,BATCH-1023,REF-180534,2026-03-26,15162.94,EUR,Phillips-Wyatt,Vendor payout,approved
TXN-100583,BATCH-1023,REF-667719,2026-03-31,13182.93,EUR,Mccoy Ltd,Vendor payout,approved
TXN-100584,BATCH-1023,REF-901313,2026-03-25,920.8,USD,Rhodes Ltd,Vendor payout,approved
TXN-100585,BATCH-1023,REF-293385,2026-02-18,11114.39,USD,"Peterson, Hood and Arroyo",Vendor payout,approved
TXN-100586,BATCH-1023,REF-214515,2026-04-14,21646.91,GBP,Welch-Peck,Vendor payout,approved
TXN-100587,BATCH-1023,REF-362073,2026-01-11,7035.49,GBP,Vincent-Mcclure,Vendor payout,approved
TXN-100588,BATCH-1023,REF-138801,2026-03-01,11581.54,EUR,"Garza, Barker and Maddox",Vendor payout,approved
TXN-100589,BATCH-1023,REF-747966,2026-01-19,3202.38,GBP,Bryant LLC,Vendor payout,approved
TXN-100590,BATCH-1023,REF-214466,2026-02-14,13522.52,USD,Rodriguez LLC,Vendor payout,approved
TXN-100591,BATCH-1023,REF-408347,2026-03-02,8391.27,EUR,Dudley Ltd,Vendor payout,approved
TXN-100592,BATCH-1023,REF-899656,2026-02-18,20772.4,USD,Schneider Ltd,Vendor payout,approved
TXN-100593,BATCH-1023,REF-904932,2026-04-13,22778.96,EUR,Jenkins-Henderson,Vendor payout,approved
TXN-100594,BATCH-1023,REF-696998,2026-01-30,15140.33,EUR,Gonzalez Inc,Vendor payout,approved
TXN-100595,BATCH-1023,REF-226656,2026-01-22,22499.31,EUR,"Robinson, Bauer and Brown",Vendor payout,approved
TXN-100596,BATCH-1023,REF-830782,2026-02-21,22608.9,EUR,"Hernandez, Wade and Rodriguez",Vendor payout,approved
TXN-100597,BATCH-1023,REF-600281,2026-04-07,18523.92,EUR,Zimmerman and Sons,Vendor payout,approved
TXN-100598,BATCH-1023,REF-691534,2026-01-07,5825.78,EUR,"Wilson, Robertson and Gonzalez",Vendor payout,approved
TXN-100599,BATCH-1023,REF-464218,2026-01-13,14389.07,GBP,Davis PLC,Vendor payout,approved
TXN-100600,BATCH-1024,REF-937803,2026-03-10,708.07,USD,Stone and Sons,Vendor payout,approved
TXN-100601,BATCH-1024,REF-867173,2026-02-05,12344.06,USD,Elliott-Wallace,Vendor payout,approved
TXN-100602,BATCH-1024,REF-839354,2026-01-13,22309.51,USD,"Gray, Williams and Weaver",Vendor payout,approved
TXN-100603,BATCH-1024,REF-620855,2026-04-04,11766.13,EUR,"Russell, Scott and Ramsey",Vendor payout,approved
TXN-100604,BATCH-1024,REF-288811,2026-03-26,15951.92,EUR,Wilson and Sons,Vendor payout,approved
TXN-100605,BATCH-1024,REF-284753,2026-01-15,8151.79,GBP,"Nguyen, Williams and Smith",Vendor payout,approved
TXN-100606,BATCH-1024,REF-909289,2026-03-13,22248.02,EUR,Roach and Sons,Vendor payout,approved
TXN-100607,BATCH-1024,REF-917419,2026-01-27,5552.22,USD,Wilson Group,Vendor payout,approved
TXN-100608,BATCH-1024,REF-661483,2026-02-16,16381.92,GBP,Kirk-Morales,Vendor payout,approved
TXN-100609,BATCH-1024,REF-517267,2026-03-06,21140.91,GBP,"Nelson, Bowers and Cooper",Vendor payout,approved
TXN-100610,BATCH-1024,REF-115457,2026-01-03,1870.41,GBP,Kirk-Henson,Vendor payout,approved
TXN-100611,BATCH-1024,REF-494873,2026-03-02,2514.49,GBP,Young-Hudson,Vendor payout,approved
TXN-100612,BATCH-1024,REF-908667,2026-02-20,11320.45,GBP,"Murphy, Jordan and Whitney",Vendor payout,approved
TXN-100613,BATCH-1024,REF-858154,2026-03-08,3554.73,GBP,Davis PLC,Vendor payout,approved
TXN-100614,BATCH-1024,REF-428221,2026-03-05,18882.07,EUR,Prince-Martinez,Vendor payout,approved
TXN-100615,BATCH-1024,REF-544787,2026-04-24,21746.99,USD,"Bates, Diaz and Lowe",Vendor payout,approved
TXN-100616,BATCH-1024,REF-648668,2026-02-07,14106.16,USD,Roberts LLC,Vendor payout,approved
TXN-100617,BATCH-1024,REF-426988,2026-01-01,4501.16,EUR,Smith and Sons,Vendor payout,approved
TXN-100618,BATCH-1024,REF-546867,2026-04-16,23198.79,EUR,"Rodriguez, Sutton and Santiago",Vendor payout,approved
TXN-100619,BATCH-1024,REF-776153,2026-03-17,14102.4,USD,Pena Inc,Vendor payout,approved
TXN-100620,BATCH-1024,REF-181566,2026-02-11,3604.75,EUR,Joseph Group,Vendor payout,approved
TXN-100621,BATCH-1024,REF-181998,2026-03-09,7811.25,GBP,Washington-West,Vendor payout,approved
TXN-100622,BATCH-1024,REF-483450,2026-04-21,16311.0,USD,"Murphy, Jordan and Whitney",Vendor payout,approved
TXN-100623,BATCH-1024,REF-113625,2026-03-06,2375.36,EUR,Kim Group,Vendor payout,approved
TXN-100624,BATCH-1024,REF-282212,2026-03-04,24930.86,GBP,Allen-Taylor,Vendor payout,approved
TXN-100625,BATCH-1025,REF-202210,2026-02-10,1424.8,GBP,Roach and Sons,Vendor payout,approved
TXN-100626,BATCH-1025,REF-302312,2026-01-09,10424.06,GBP,Roach and Sons,Vendor payout,approved
TXN-100627,BATCH-1025,REF-830115,2026-04-18,2964.92,EUR,"George, Lewis and Mitchell",Vendor payout,approved
TXN-100628,BATCH-1025,REF-977981,2026-02-09,2054.84,GBP,Zimmerman Group,Vendor payout,approved
TXN-100629,BATCH-1025,REF-371952,2026-02-07,6838.17,USD,"Curry, Wolfe and Ramirez",Vendor payout,approved
TXN-100630,BATCH-1025,REF-950299,2026-03-24,24844.05,EUR,Pierce Inc,Vendor payout,approved
TXN-100631,BATCH-1025,REF-691155,2026-02-17,11893.37,EUR,"Fox, Hernandez and Ryan",Vendor payout,approved
TXN-100632,BATCH-1025,REF-888576,2026-01-24,7674.23,EUR,Prince-Martinez,Vendor payout,approved
TXN-100633,BATCH-1025,REF-541435,2026-01-14,1027.22,USD,"Owens, Peters and White",Vendor payout,approved
TXN-100634,BATCH-1025,REF-931377,2026-02-09,19719.52,USD,Anderson LLC,Vendor payout,approved
TXN-100635,BATCH-1025,REF-600531,2026-01-01,3874.59,GBP,Dudley Ltd,Vendor payout,approved
TXN-100636,BATCH-1025,REF-807526,2026-04-15,10012.09,EUR,"Molina, Wells and Bright",Vendor payout,approved
TXN-100637,BATCH-1025,REF-181023,2026-04-28,12548.86,USD,Fitzpatrick-Henderson,Vendor payout,approved
TXN-100638,BATCH-1025,REF-211600,2026-04-17,4508.46,EUR,"Drake, Torres and Murray",Vendor payout,approved
TXN-100639,BATCH-1025,REF-371213,2026-02-24,10575.87,USD,Wilson Ltd,Vendor payout,approved
TXN-100640,BATCH-1025,REF-453491,2026-01-01,21761.1,USD,Schneider Ltd,Vendor payout,approved
TXN-100641,BATCH-1025,REF-958961,2026-04-09,6326.86,EUR,"Thompson, Cooper and Young",Vendor payout,approved
TXN-100642,BATCH-1025,REF-617420,2026-03-23,13386.26,USD,"Brown, Middleton and Williams",Vendor payout,approved
TXN-100643,BATCH-1025,REF-767671,2026-02-13,9563.28,GBP,Rose-Gonzales,Vendor payout,approved
TXN-100644,BATCH-1025,REF-595890,2026-03-15,17364.07,USD,Dudley Ltd,Vendor payout,approved
TXN-100645,BATCH-1025,REF-728180,2026-03-01,16438.89,EUR,Matthews PLC,Vendor payout,approved
TXN-100646,BATCH-1025,REF-565969,2026-04-16,8590.19,EUR,Pierce Inc,Vendor payout,approved
TXN-100647,BATCH-1025,REF-590083,2026-03-28,7618.22,EUR,"Hernandez, Hill and Hull",Vendor payout,approved
TXN-100648,BATCH-1025,REF-698469,2026-01-15,2447.07,USD,Brown LLC,Vendor payout,approved
TXN-100649,BATCH-1025,REF-523589,2026-01-29,12570.06,GBP,"Ball, Henderson and Caldwell",Vendor payout,approved
TXN-100650,BATCH-1026,REF-530224,2026-02-23,9599.25,GBP,Gonzalez Inc,Vendor payout,approved
TXN-100651,BATCH-1026,REF-636174,2026-03-12,592.42,GBP,"Collins, Gardner and Shaw",Vendor payout,approved
TXN-100652,BATCH-1026,REF-935456,2026-01-31,11493.34,GBP,Crawford Ltd,Vendor payout,approved
TXN-100653,BATCH-1026,REF-921079,2026-01-10,21679.89,EUR,Pennington PLC,Vendor payout,approved
TXN-100654,BATCH-1026,REF-988217,2026-01-19,10729.0,USD,Hawkins-Saunders,Vendor payout,approved
TXN-100655,BATCH-1026,REF-356616,2026-04-07,11469.59,GBP,Randolph and Sons,Vendor payout,approved
TXN-100656,BATCH-1026,REF-764686,2026-03-14,17852.23,EUR,Mcdowell-Watts,Vendor payout,approved
TXN-100657,BATCH-1026,REF-633296,2026-04-03,14616.26,EUR,"Snow, Rodgers and Miller",Vendor payout,approved
TXN-100658,BATCH-1026,REF-167898,2026-03-27,4405.3,EUR,"Robinson, Bauer and Brown",Vendor payout,approved
TXN-100659,BATCH-1026,REF-632064,2026-02-12,16614.5,EUR,"Evans, Conway and Hall",Vendor payout,approved
TXN-100660,BATCH-1026,REF-390955,2026-03-12,4456.33,GBP,Matthews PLC,Vendor payout,approved
TXN-100661,BATCH-1026,REF-601532,2026-01-26,7988.49,GBP,Gonzalez-Pennington,Vendor payout,approved
TXN-100662,BATCH-1026,REF-363976,2026-01-01,14733.72,GBP,Reed PLC,Vendor payout,approved
TXN-100663,BATCH-1026,REF-106833,2026-03-04,15657.4,USD,Jones-Taylor,Vendor payout,approved
TXN-100664,BATCH-1026,REF-420218,2026-03-06,19077.24,USD,Ibarra-Clark,Vendor payout,approved
TXN-100665,BATCH-1026,REF-724143,2026-03-25,8158.89,GBP,Davis PLC,Vendor payout,approved
TXN-100666,BATCH-1026,REF-523709,2026-04-08,14093.08,EUR,Dickson-Padilla,Vendor payout,approved
TXN-100667,BATCH-1026,REF-874915,2026-03-13,19778.23,EUR,Gardner Inc,Vendor payout,approved
TXN-100668,BATCH-1026,REF-393750,2026-02-01,17202.83,GBP,"Salinas, Barnes and Cooper",Vendor payout,approved
TXN-100669,BATCH-1026,REF-309709,2026-03-15,20612.16,USD,Mcclain-Jensen,Vendor payout,approved
TXN-100670,BATCH-1026,REF-436873,2026-01-24,22629.96,EUR,Wright Group,Vendor payout,approved
TXN-100671,BATCH-1026,REF-116988,2026-02-17,20796.07,USD,Fitzgerald PLC,Vendor payout,approved
TXN-100672,BATCH-1026,REF-176633,2026-04-07,14358.78,EUR,Mitchell-Jones,Vendor payout,approved
TXN-100673,BATCH-1026,REF-108952,2026-01-03,14379.08,USD,"Collins, Gardner and Shaw",Vendor payout,approved
TXN-100674,BATCH-1026,REF-659333,2026-01-04,5173.45,USD,Cobb Group,Vendor payout,approved
TXN-100675,BATCH-1027,REF-560996,2026-04-23,19314.32,USD,Elliott-Wallace,Vendor payout,approved
TXN-100676,BATCH-1027,REF-270795,2026-01-16,12679.92,GBP,"Drake, Torres and Murray",Vendor payout,approved
TXN-100677,BATCH-1027,REF-204926,2026-04-20,206.21,EUR,Smith-Gaines,Vendor payout,approved
TXN-100678,BATCH-1027,REF-263324,2026-03-08,4454.53,USD,"Hernandez, Wade and Rodriguez",Vendor payout,approved
TXN-100679,BATCH-1027,REF-214705,2026-02-16,18555.62,GBP,"Smith, Guerra and Holmes",Vendor payout,approved
TXN-100680,BATCH-1027,REF-899541,2026-02-18,22841.58,USD,Stone and Sons,Vendor payout,approved
TXN-100681,BATCH-1027,REF-599377,2026-02-09,3381.77,GBP,Joseph Group,Vendor payout,approved
TXN-100682,BATCH-1027,REF-186181,2026-03-26,20141.05,USD,Hernandez-Diaz,Vendor payout,approved
TXN-100683,BATCH-1027,REF-872182,2026-03-16,8215.4,EUR,"Brown, Middleton and Williams",Vendor payout,approved
TXN-100684,BATCH-1027,REF-325272,2026-02-27,4714.01,GBP,Mccoy-Mccarthy,Vendor payout,approved
TXN-100685,BATCH-1027,REF-997805,2026-03-27,19305.89,EUR,Li-Martinez,Vendor payout,approved
TXN-100686,BATCH-1027,REF-557351,2026-02-27,3179.32,EUR,Ibarra-Clark,Vendor payout,approved
TXN-100687,BATCH-1027,REF-656334,2026-04-21,13151.23,USD,Randall-Kerr,Vendor payout,approved
TXN-100688,BATCH-1027,REF-410899,2026-02-21,21460.92,EUR,"Luna, Morris and Gill",Vendor payout,approved
TXN-100689,BATCH-1027,REF-604293,2026-01-19,1504.08,EUR,"Cox, Fernandez and Baker",Vendor payout,approved
TXN-100690,BATCH-1027,REF-875584,2026-04-03,3532.5,EUR,"Pineda, Travis and Jones",Vendor payout,approved
TXN-100691,BATCH-1027,REF-739668,2026-04-06,7488.08,USD,Morris Inc,Vendor payout,approved
TXN-100692,BATCH-1027,REF-405247,2026-04-08,21909.15,GBP,"Salinas, Barnes and Cooper",Vendor payout,approved
TXN-100693,BATCH-1027,REF-540030,2026-02-12,22620.67,GBP,Jones-Fuentes,Vendor payout,approved
TXN-100694,BATCH-1027,REF-644176,2026-03-19,14027.75,GBP,"Bell, Pollard and Berry",Vendor payout,approved
TXN-100695,BATCH-1027,REF-648159,2026-03-15,8698.93,EUR,Jones-Turner,Vendor payout,approved
TXN-100696,BATCH-1027,REF-816189,2026-04-15,18233.21,EUR,Robinson Group,Vendor payout,approved
TXN-100697,BATCH-1027,REF-193186,2026-04-20,19529.68,USD,Cooper PLC,Vendor payout,approved
TXN-100698,BATCH-1027,REF-453371,2026-02-14,6635.39,GBP,Lee-Taylor,Vendor payout,approved
TXN-100699,BATCH-1027,REF-376163,2026-04-20,4985.52,USD,Mccoy-Mccarthy,Vendor payout,approved
TXN-100700,BATCH-1028,REF-335372,2026-03-05,16696.35,EUR,Thornton and Sons,Vendor payout,approved
TXN-100701,BATCH-1028,REF-935502,2026-04-01,15690.7,EUR,"Hansen, Herrera and Taylor",Vendor payout,approved
TXN-100702,BATCH-1028,REF-428712,2026-03-10,2438.12,GBP,Moore LLC,Vendor payout,approved
TXN-100703,BATCH-1028,REF-160341,2026-03-25,577.33,EUR,Walters LLC,Vendor payout,approved
TXN-100704,BATCH-1028,REF-807440,2026-03-31,16553.48,EUR,Murray Group,Vendor payout,approved
TXN-100705,BATCH-1028,REF-269038,2026-04-04,15355.92,GBP,"Howard, Russo and Smith",Vendor payout,approved
TXN-100706,BATCH-1028,REF-988422,2026-01-18,20127.73,EUR,Davis PLC,Vendor payout,approved
TXN-100707,BATCH-1028,REF-162019,2026-03-13,13108.59,USD,Roach and Sons,Vendor payout,approved
TXN-100708,BATCH-1028,REF-816367,2026-01-13,4565.12,USD,Hammond Ltd,Vendor payout,approved
TXN-100709,BATCH-1028,REF-289180,2026-03-29,23377.44,USD,Mitchell-Byrd,Vendor payout,approved
TXN-100710,BATCH-1028,REF-523923,2026-04-12,3556.0,EUR,Wade PLC,Vendor payout,approved
TXN-100711,BATCH-1028,REF-307661,2026-04-08,7081.97,USD,Howe and Sons,Vendor payout,approved
TXN-100712,BATCH-1028,REF-422038,2026-01-12,13200.56,USD,Wade PLC,Vendor payout,approved
TXN-100713,BATCH-1028,REF-488837,2026-03-07,18470.04,GBP,Dickson Inc,Vendor payout,approved
TXN-100714,BATCH-1028,REF-404550,2026-04-29,5170.6,GBP,"Miller, Anderson and Padilla",Vendor payout,approved
TXN-100715,BATCH-1028,REF-698254,2026-03-29,15553.55,EUR,Best Inc,Vendor payout,approved
TXN-100716,BATCH-1028,REF-904390,2026-03-31,15672.76,EUR,Allen Group,Vendor payout,approved
TXN-100717,BATCH-1028,REF-697801,2026-04-20,7138.05,EUR,"Rodriguez, Sutton and Santiago",Vendor payout,approved
TXN-100718,BATCH-1028,REF-899582,2026-01-11,5735.41,EUR,"Short, Moore and Douglas",Vendor payout,approved
TXN-100719,BATCH-1028,REF-362985,2026-04-21,14230.81,USD,"Wilson, Robertson and Gonzalez",Vendor payout,approved
TXN-100720,BATCH-1028,REF-683902,2026-02-06,1757.84,USD,"Waller, Bass and Mitchell",Vendor payout,approved
TXN-100721,BATCH-1028,REF-506351,2026-04-15,9545.8,GBP,Welch-Peck,Vendor payout,approved
TXN-100722,BATCH-1028,REF-767625,2026-02-14,17079.96,GBP,Davis Group,Vendor payout,approved
TXN-100723,BATCH-1028,REF-530305,2026-02-28,20141.13,USD,Allen Group,Vendor payout,approved
TXN-100724,BATCH-1028,REF-518259,2026-03-27,11601.34,EUR,"Martinez, Joseph and Simmons",Vendor payout,approved
TXN-100725,BATCH-1029,REF-669197,2026-01-14,5357.5,USD,Allen Ltd,Vendor payout,approved
TXN-100726,BATCH-1029,REF-882208,2026-02-04,9664.62,GBP,Anderson-Parks,Vendor payout,approved
TXN-100727,BATCH-1029,REF-994016,2026-02-12,2166.61,USD,Johnson Inc,Vendor payout,approved
TXN-100728,BATCH-1029,REF-259401,2026-01-21,7261.28,USD,Roberts Group,Vendor payout,approved
TXN-100729,BATCH-1029,REF-497798,2026-03-02,18897.95,USD,"Rodriguez, Evans and Patterson",Vendor payout,approved
TXN-100730,BATCH-1029,REF-754344,2026-01-18,22165.11,USD,"Curry, Wolfe and Ramirez",Vendor payout,approved
TXN-100731,BATCH-1029,REF-638362,2026-01-25,24792.75,EUR,Kim Group,Vendor payout,approved
TXN-100732,BATCH-1029,REF-236996,2026-01-05,16493.78,EUR,Mccoy Ltd,Vendor payout,approved
TXN-100733,BATCH-1029,REF-302273,2026-03-12,3330.19,EUR,"Hansen, Herrera and Taylor",Vendor payout,approved
TXN-100734,BATCH-1029,REF-348455,2026-04-13,9350.37,USD,"Roberts, Frazier and Smith",Vendor payout,approved
TXN-100735,BATCH-1029,REF-196158,2026-01-24,17611.09,USD,Cochran Inc,Vendor payout,approved
TXN-100736,BATCH-1029,REF-293910,2026-02-26,11743.53,GBP,Roach and Sons,Vendor payout,approved
TXN-100737,BATCH-1029,REF-532308,2026-03-18,4081.53,GBP,"Thompson, Cooper and Young",Vendor payout,approved
TXN-100738,BATCH-1029,REF-901566,2026-03-28,15505.64,EUR,Rose-Gonzales,Vendor payout,approved
TXN-100739,BATCH-1029,REF-672435,2026-02-10,9276.82,EUR,Rogers Inc,Vendor payout,approved
TXN-100740,BATCH-1029,REF-432108,2026-04-11,10504.44,USD,"Cox, Fernandez and Baker",Vendor payout,approved
TXN-100741,BATCH-1029,REF-621480,2026-01-03,3768.75,EUR,Mullins-Cabrera,Vendor payout,approved
TXN-100742,BATCH-1029,REF-840319,2026-02-11,8850.4,USD,Smith and Sons,Vendor payout,approved
TXN-100743,BATCH-1029,REF-395590,2026-03-09,15300.38,GBP,Allen and Sons,Vendor payout,approved
TXN-100744,BATCH-1029,REF-457309,2026-03-13,15855.94,EUR,Robbins LLC,Vendor payout,approved
TXN-100745,BATCH-1029,REF-255561,2026-04-07,12786.24,USD,Arnold-Beck,Vendor payout,approved
TXN-100746,BATCH-1029,REF-750801,2026-04-16,15835.92,EUR,Morgan-Mckinney,Vendor payout,approved
TXN-100747,BATCH-1029,REF-628617,2026-04-13,18393.98,USD,Simmons-Green,Vendor payout,approved
TXN-100748,BATCH-1029,REF-500576,2026-03-22,19400.53,USD,Hays-Dalton,Vendor payout,approved
TXN-100749,BATCH-1029,REF-972210,2026-02-10,13825.56,EUR,Roberts LLC,Vendor payout,approved
TXN-100750,BATCH-1030,REF-166980,2026-03-05,18076.35,GBP,Reeves Ltd,Vendor payout,approved
TXN-100751,BATCH-1030,REF-262512,2026-03-30,13128.87,GBP,Spears-Beck,Vendor payout,approved
TXN-100752,BATCH-1030,REF-343967,2026-04-08,11980.36,USD,Jones Group,Vendor payout,approved
TXN-100753,BATCH-1030,REF-711046,2026-01-30,5023.11,USD,Ingram PLC,Vendor payout,approved
TXN-100754,BATCH-1030,REF-737134,2026-04-07,12784.22,USD,Juarez-Jones,Vendor payout,approved
TXN-100755,BATCH-1030,REF-697905,2026-04-08,18576.76,USD,Walters PLC,Vendor payout,approved
TXN-100756,BATCH-1030,REF-507446,2026-04-03,21512.44,USD,Cooper PLC,Vendor payout,approved
TXN-100757,BATCH-1030,REF-566679,2026-02-08,21432.72,EUR,Joseph Group,Vendor payout,approved
TXN-100758,BATCH-1030,REF-579123,2026-02-03,22465.58,EUR,Roberts LLC,Vendor payout,approved
TXN-100759,BATCH-1030,REF-166357,2026-03-03,6769.92,GBP,Randall-Kerr,Vendor payout,approved
TXN-100760,BATCH-1030,REF-940896,2026-01-26,17754.8,GBP,Webster and Sons,Vendor payout,approved
TXN-100761,BATCH-1030,REF-960581,2026-02-28,7180.76,USD,Shaw-Stuart,Vendor payout,approved
TXN-100762,BATCH-1030,REF-477832,2026-02-22,20360.33,EUR,Morris Inc,Vendor payout,approved
TXN-100763,BATCH-1030,REF-930763,2026-04-15,21281.17,GBP,"Cox, Fernandez and Baker",Vendor payout,approved
TXN-100764,BATCH-1030,REF-514146,2026-03-12,12242.27,EUR,Dudley Ltd,Vendor payout,approved
TXN-100765,BATCH-1030,REF-892514,2026-01-31,12392.69,USD,Wong PLC,Vendor payout,approved
TXN-100766,BATCH-1030,REF-522576,2026-03-26,23776.54,EUR,Robinson Group,Vendor payout,approved
TXN-100767,BATCH-1030,REF-665200,2026-04-07,6413.16,EUR,Arnold-Beck,Vendor payout,approved
TXN-100768,BATCH-1030,REF-732929,2026-01-31,11380.79,GBP,"Johnson, Phillips and Brown",Vendor payout,approved
TXN-100769,BATCH-1030,REF-830994,2026-02-05,1750.76,USD,Moore LLC,Vendor payout,approved
TXN-100770,BATCH-1030,REF-180552,2026-04-18,10682.62,GBP,"Frey, Mcgee and Bailey",Vendor payout,approved
TXN-100771,BATCH-1030,REF-245967,2026-01-22,20215.25,USD,Cobb Group,Vendor payout,approved
TXN-100772,BATCH-1030,REF-684352,2026-02-25,10480.15,USD,"Yu, Nguyen and Wood",Vendor payout,approved
TXN-100773,BATCH-1030,REF-375782,2026-03-13,16505.05,GBP,Dudley Ltd,Vendor payout,approved
TXN-100774,BATCH-1030,REF-798258,2026-03-09,12767.15,USD,Reynolds-Harris,Vendor payout,approved
TXN-100775,BATCH-1031,REF-897460,2026-01-19,3674.16,USD,"Liu, Parsons and Delacruz",Vendor payout,approved
TXN-100776,BATCH-1031,REF-861785,2026-03-27,19521.28,USD,King-George,Vendor payout,approved
TXN-100777,BATCH-1031,REF-188963,2026-03-13,15005.55,EUR,"Owen, Gibson and Johnson",Vendor payout,approved
TXN-100778,BATCH-1031,REF-815321,2026-04-29,12798.21,EUR,Walters LLC,Vendor payout,approved
TXN-100779,BATCH-1031,REF-428258,2026-01-30,21871.92,GBP,Fitzgerald PLC,Vendor payout,approved
TXN-100780,BATCH-1031,REF-820480,2026-01-25,20061.05,GBP,"Thompson, Cooper and Young",Vendor payout,approved
TXN-100781,BATCH-1031,REF-383891,2026-04-02,9390.59,EUR,Reynolds-Torres,Vendor payout,approved
TXN-100782,BATCH-1031,REF-390551,2026-04-16,23370.41,GBP,"Clarke, Johnson and Watson",Vendor payout,approved
TXN-100783,BATCH-1031,REF-173693,2026-04-19,19009.11,USD,Allen Group,Vendor payout,approved
TXN-100784,BATCH-1031,REF-748347,2026-01-29,7122.6,USD,Ford Ltd,Vendor payout,approved
TXN-100785,BATCH-1031,REF-743964,2026-04-05,23862.97,USD,"Roberts, Frazier and Smith",Vendor payout,approved
TXN-100786,BATCH-1031,REF-323753,2026-02-27,10893.95,GBP,Pennington PLC,Vendor payout,approved
TXN-100787,BATCH-1031,REF-506743,2026-03-20,8068.95,EUR,"Owens, Peters and White",Vendor payout,approved
TXN-100788,BATCH-1031,REF-690672,2026-03-29,15020.88,EUR,"Murphy, Jordan and Whitney",Vendor payout,approved
TXN-100789,BATCH-1031,REF-372482,2026-04-27,8722.05,EUR,Johnson-Ruiz,Vendor payout,approved
TXN-100790,BATCH-1031,REF-256268,2026-02-27,6278.52,GBP,Howard LLC,Vendor payout,approved
TXN-100791,BATCH-1031,REF-946964,2026-01-03,23551.85,USD,Rodriguez LLC,Vendor payout,approved
TXN-100792,BATCH-1031,REF-121724,2026-04-15,21388.8,EUR,Fitzgerald PLC,Vendor payout,approved
TXN-100793,BATCH-1031,REF-242505,2026-02-18,16012.4,USD,Smith and Sons,Vendor payout,approved
TXN-100794,BATCH-1031,REF-138185,2026-04-14,4193.22,EUR,Kennedy-Marks,Vendor payout,approved
TXN-100795,BATCH-1031,REF-719110,2026-02-27,10902.55,GBP,Rivera-Stanley,Vendor payout,approved
TXN-100796,BATCH-1031,REF-252607,2026-02-01,11595.9,EUR,Flynn-Matthews,Vendor payout,approved
TXN-100797,BATCH-1031,REF-631331,2026-02-09,1717.2,EUR,Maxwell-Shepherd,Vendor payout,approved
TXN-100798,BATCH-1031,REF-229287,2026-03-16,7141.06,USD,"Drake, Torres and Murray",Vendor payout,approved
TXN-100799,BATCH-1031,REF-330935,2026-02-20,2352.41,EUR,Jones-Graham,Vendor payout,approved
TXN-100800,BATCH-1032,REF-606110,2026-04-04,4105.7,USD,Hodge PLC,Vendor payout,approved
TXN-100801,BATCH-1032,REF-800188,2026-01-20,15797.32,EUR,"Graham, Ferguson and Hill",Vendor payout,approved
TXN-100802,BATCH-1032,REF-370157,2026-04-13,1305.88,GBP,Mcclain-Jensen,Vendor payout,approved
TXN-100803,BATCH-1032,REF-270336,2026-02-01,14175.16,EUR,Cochran Inc,Vendor payout,approved
TXN-100804,BATCH-1032,REF-615753,2026-04-23,2977.7,USD,"Salinas, Barnes and Cooper",Vendor payout,approved
TXN-100805,BATCH-1032,REF-549359,2026-03-11,19909.95,USD,Schneider Ltd,Vendor payout,approved
TXN-100806,BATCH-1032,REF-424814,2026-01-22,16659.8,USD,Reynolds LLC,Vendor payout,approved
TXN-100807,BATCH-1032,REF-742501,2026-04-17,15395.49,GBP,"Chavez, Davis and Walton",Vendor payout,approved
TXN-100808,BATCH-1032,REF-574489,2026-04-14,16633.59,GBP,Davis PLC,Vendor payout,approved
TXN-100809,BATCH-1032,REF-570726,2026-01-14,14702.39,USD,Rivera-Stanley,Vendor payout,approved
TXN-100810,BATCH-1032,REF-151288,2026-01-09,3934.36,USD,Hammond Ltd,Vendor payout,approved
TXN-100811,BATCH-1032,REF-197744,2026-02-23,210.78,USD,Davis Group,Vendor payout,approved
TXN-100812,BATCH-1032,REF-964366,2026-04-09,8446.07,USD,Reynolds-Torres,Vendor payout,approved
TXN-100813,BATCH-1032,REF-448762,2026-02-06,13481.34,EUR,Mckinney-Cooper,Vendor payout,approved
TXN-100814,BATCH-1032,REF-707716,2026-03-27,22290.54,USD,Nguyen-Roberts,Vendor payout,approved
TXN-100815,BATCH-1032,REF-708358,2026-03-05,19228.3,GBP,Flynn-Matthews,Vendor payout,approved
TXN-100816,BATCH-1032,REF-885813,2026-01-17,23665.8,USD,"Evans, Conway and Hall",Vendor payout,approved
TXN-100817,BATCH-1032,REF-103489,2026-04-20,1928.74,USD,Phillips-Wyatt,Vendor payout,approved
TXN-100818,BATCH-1032,REF-927326,2026-02-15,16708.26,EUR,"Hobbs, Blanchard and Porter",Vendor payout,approved
TXN-100819,BATCH-1032,REF-946489,2026-01-14,768.98,EUR,"Gray, Williams and Weaver",Vendor payout,approved
TXN-100820,BATCH-1032,REF-144003,2026-01-26,9697.21,GBP,Shaw-Stuart,Vendor payout,approved
TXN-100821,BATCH-1032,REF-678399,2026-03-12,14832.32,EUR,Garcia and Sons,Vendor payout,approved
TXN-100822,BATCH-1032,REF-456454,2026-02-05,17405.27,EUR,Smith Ltd,Vendor payout,approved
TXN-100823,BATCH-1032,REF-449999,2026-04-09,9079.24,USD,Hodge PLC,Vendor payout,approved
TXN-100824,BATCH-1032,REF-449455,2026-03-26,7814.51,EUR,Leach-Walker,Vendor payout,approved
TXN-100825,BATCH-1033,REF-696655,2026-03-25,2073.17,USD,"Short, Moore and Douglas",Vendor payout,approved
TXN-100826,BATCH-1033,REF-321257,2026-02-25,12329.0,USD,"Pena, Jones and Sanchez",Vendor payout,approved
TXN-100827,BATCH-1033,REF-525244,2026-01-15,16217.23,EUR,Joseph Group,Vendor payout,approved
TXN-100828,BATCH-1033,REF-218083,2026-02-05,17109.6,USD,Hunt PLC,Vendor payout,approved
TXN-100829,BATCH-1033,REF-388426,2026-03-29,24431.82,EUR,Garcia Ltd,Vendor payout,approved
TXN-100830,BATCH-1033,REF-581031,2026-04-06,11602.97,USD,"Pena, Jones and Sanchez",Vendor payout,approved
TXN-100831,BATCH-1033,REF-599997,2026-04-18,11247.34,GBP,Jones-Graham,Vendor payout,approved
TXN-100832,BATCH-1033,REF-790271,2026-02-04,13062.66,GBP,"Evans, Conway and Hall",Vendor payout,approved
TXN-100833,BATCH-1033,REF-695539,2026-02-23,8201.23,GBP,Griffin Inc,Vendor payout,approved
TXN-100834,BATCH-1033,REF-999464,2026-01-06,15624.87,USD,"Martinez, Joseph and Simmons",Vendor payout,approved
TXN-100835,BATCH-1033,REF-176130,2026-04-05,5143.86,EUR,Shaw-Decker,Vendor payout,approved
TXN-100836,BATCH-1033,REF-457369,2026-01-12,16084.41,EUR,Kirk-Morales,Vendor payout,approved
TXN-100837,BATCH-1033,REF-703638,2026-01-30,2524.84,GBP,"Clarke, Johnson and Watson",Vendor payout,approved
TXN-100838,BATCH-1033,REF-239070,2026-01-26,18317.69,USD,Kirk-Morales,Vendor payout,approved
TXN-100839,BATCH-1033,REF-496452,2026-03-02,3869.39,USD,Mcdowell-Watts,Vendor payout,approved
TXN-100840,BATCH-1033,REF-810034,2026-04-24,6671.85,GBP,Edwards-Boyd,Vendor payout,approved
TXN-100841,BATCH-1033,REF-525529,2026-01-26,15166.88,GBP,Holmes and Sons,Vendor payout,approved
TXN-100842,BATCH-1033,REF-643114,2026-01-07,22735.59,GBP,Ramsey-Caldwell,Vendor payout,approved
TXN-100843,BATCH-1033,REF-614335,2026-02-24,13733.96,USD,Mckinney-Cooper,Vendor payout,approved
TXN-100844,BATCH-1033,REF-902663,2026-01-05,24818.98,EUR,"Savage, Garcia and Robinson",Vendor payout,approved
TXN-100845,BATCH-1033,REF-257050,2026-04-03,1454.76,GBP,Thornton and Sons,Vendor payout,approved
TXN-100846,BATCH-1033,REF-926602,2026-03-21,3785.67,EUR,Colon Group,Vendor payout,approved
TXN-100847,BATCH-1033,REF-228914,2026-03-14,13262.63,EUR,"Lewis, Joyce and Robertson",Vendor payout,approved
TXN-100848,BATCH-1033,REF-352067,2026-01-27,15634.8,USD,Lewis-Robinson,Vendor payout,approved
TXN-100849,BATCH-1033,REF-682791,2026-04-24,6339.06,GBP,"Pineda, Travis and Jones",Vendor payout,approved
TXN-100850,BATCH-1034,REF-168713,2026-03-28,10007.73,USD,"Frey, Mcgee and Bailey",Vendor payout,approved
TXN-100851,BATCH-1034,REF-324263,2026-02-25,9222.21,GBP,"Waller, Bass and Mitchell",Vendor payout,approved
TXN-100852,BATCH-1034,REF-669868,2026-02-13,4685.06,USD,Shaw-Stuart,Vendor payout,approved
TXN-100853,BATCH-1034,REF-287123,2026-03-08,9225.09,GBP,Colon Group,Vendor payout,approved
TXN-100854,BATCH-1034,REF-651773,2026-04-17,24244.05,EUR,Maxwell-Shepherd,Vendor payout,approved
TXN-100855,BATCH-1034,REF-722138,2026-01-31,13620.84,GBP,Mullins-Cabrera,Vendor payout,approved
TXN-100856,BATCH-1034,REF-584141,2026-01-13,18966.0,EUR,"Collins, Gardner and Shaw",Vendor payout,approved
TXN-100857,BATCH-1034,REF-821836,2026-02-01,20943.98,GBP,Green Ltd,Vendor payout,approved
TXN-100858,BATCH-1034,REF-733016,2026-02-09,3369.81,USD,"Hernandez, Greer and Jackson",Vendor payout,approved
TXN-100859,BATCH-1034,REF-326057,2026-05-01,4887.78,GBP,Mata Inc,Vendor payout,approved
TXN-100860,BATCH-1034,REF-122286,2026-03-22,23518.18,USD,Johnson-Ruiz,Vendor payout,approved
TXN-100861,BATCH-1034,REF-517155,2026-02-19,13018.41,USD,Smith-Ortiz,Vendor payout,approved
TXN-100862,BATCH-1034,REF-292312,2026-03-12,1325.0,EUR,Jones-Fuentes,Vendor payout,approved
TXN-100863,BATCH-1034,REF-932371,2026-01-01,2917.82,EUR,Griffin Inc,Vendor payout,approved
TXN-100864,BATCH-1034,REF-824679,2026-02-27,1358.67,GBP,Goodwin-Martinez,Vendor payout,approved
TXN-100865,BATCH-1034,REF-756369,2026-03-21,10086.31,GBP,Brown Ltd,Vendor payout,approved
TXN-100866,BATCH-1034,REF-122306,2026-02-07,3694.62,GBP,"Nelson, Bowers and Cooper",Vendor payout,approved
TXN-100867,BATCH-1034,REF-687043,2026-03-14,19412.31,EUR,"Graham, Garrett and Caldwell",Vendor payout,approved
TXN-100868,BATCH-1034,REF-736203,2026-03-08,7754.81,GBP,Hunt-Whitney,Vendor payout,approved
TXN-100869,BATCH-1034,REF-555237,2026-03-20,24540.41,GBP,Coffey-Howell,Vendor payout,approved
TXN-100870,BATCH-1034,REF-689083,2026-01-02,10187.95,USD,"Ramirez, Hernandez and Fox",Vendor payout,approved
TXN-100871,BATCH-1034,REF-934963,2026-03-17,9981.8,USD,Esparza-Carroll,Vendor payout,approved
TXN-100872,BATCH-1034,REF-900329,2026-04-17,1588.56,USD,"Miller, Anderson and Padilla",Vendor payout,approved
TXN-100873,BATCH-1034,REF-873566,2026-04-20,2025.61,GBP,Gonzalez-Pennington,Vendor payout,approved
TXN-100874,BATCH-1034,REF-270196,2026-02-20,11030.22,GBP,"Molina, Wells and Bright",Vendor payout,approved
TXN-100875,BATCH-1035,REF-150011,2026-04-29,18131.58,EUR,Arnold-Beck,Vendor payout,approved
TXN-100876,BATCH-1035,REF-279567,2026-04-02,23855.98,EUR,Robinson Group,Vendor payout,approved
TXN-100877,BATCH-1035,REF-590448,2026-01-17,5968.38,GBP,Washington-West,Vendor payout,approved
TXN-100878,BATCH-1035,REF-145090,2026-03-07,1218.45,EUR,Bowman LLC,Vendor payout,approved
TXN-100879,BATCH-1035,REF-114694,2026-01-10,16690.23,USD,"Russell, Scott and Ramsey",Vendor payout,approved
TXN-100880,BATCH-1035,REF-962500,2026-04-22,5865.77,EUR,Ford Ltd,Vendor payout,approved
TXN-100881,BATCH-1035,REF-620580,2026-02-21,11353.0,GBP,Roach and Sons,Vendor payout,approved
TXN-100882,BATCH-1035,REF-791593,2026-03-28,16855.23,USD,"Garner, Lawson and Richard",Vendor payout,approved
TXN-100883,BATCH-1035,REF-723033,2026-04-07,8201.63,EUR,Reed PLC,Vendor payout,approved
TXN-100884,BATCH-1035,REF-982653,2026-03-26,23786.21,GBP,Nguyen-Roberts,Vendor payout,approved
TXN-100885,BATCH-1035,REF-580127,2026-03-06,8685.81,GBP,Prince-Martinez,Vendor payout,approved
TXN-100886,BATCH-1035,REF-758315,2026-04-03,6890.63,USD,Cooper Ltd,Vendor payout,approved
TXN-100887,BATCH-1035,REF-774554,2026-04-12,12360.33,GBP,"Bates, Diaz and Lowe",Vendor payout,approved
TXN-100888,BATCH-1035,REF-578816,2026-03-29,9538.96,GBP,"Davis, Kim and Ingram",Vendor payout,approved
TXN-100889,BATCH-1035,REF-769307,2026-01-24,4922.78,EUR,Bowman LLC,Vendor payout,approved
TXN-100890,BATCH-1035,REF-658933,2026-01-24,6536.69,GBP,Thompson-Washington,Vendor payout,approved
TXN-100891,BATCH-1035,REF-845134,2026-03-13,2577.96,GBP,Kelly-Murphy,Vendor payout,approved
TXN-100892,BATCH-1035,REF-808236,2026-04-23,214.87,EUR,Barrera Group,Vendor payout,approved
TXN-100893,BATCH-1035,REF-442640,2026-01-14,2227.98,EUR,Allen-Taylor,Vendor payout,approved
TXN-100894,BATCH-1035,REF-907151,2026-02-06,23819.45,USD,Gallegos-Stewart,Vendor payout,approved
TXN-100895,BATCH-1035,REF-948400,2026-03-13,10069.79,USD,"Davis, Kim and Ingram",Vendor payout,approved
TXN-100896,BATCH-1035,REF-762880,2026-03-11,24579.27,GBP,Robbins LLC,Vendor payout,approved
TXN-100897,BATCH-1035,REF-992351,2026-04-30,24635.02,USD,Ramsey-Caldwell,Vendor payout,approved
TXN-100898,BATCH-1035,REF-603871,2026-02-13,1754.33,USD,"Fox, Hernandez and Ryan",Vendor payout,approved
TXN-100899,BATCH-1035,REF-406884,2026-04-03,10591.23,GBP,Rhodes Ltd,Vendor payout,approved
TXN-100900,BATCH-1036,REF-250169,2026-03-19,20912.56,USD,Walters PLC,Vendor payout,approved
TXN-100901,BATCH-1036,REF-191322,2026-04-01,19179.2,EUR,Garcia Ltd,Vendor payout,approved
TXN-100902,BATCH-1036,REF-789625,2026-02-18,12785.43,GBP,Allen-Taylor,Vendor payout,approved
TXN-100903,BATCH-1036,REF-978560,2026-01-24,23146.73,GBP,"Clarke, Johnson and Watson",Vendor payout,approved
TXN-100904,BATCH-1036,REF-274654,2026-04-25,13839.58,USD,Lane-Hines,Vendor payout,approved
TXN-100905,BATCH-1036,REF-120510,2026-02-01,5491.18,EUR,Zimmerman and Sons,Vendor payout,approved
TXN-100906,BATCH-1036,REF-358462,2026-02-12,11017.54,USD,Nguyen-White,Vendor payout,approved
TXN-100907,BATCH-1036,REF-482003,2026-04-12,20312.71,USD,Thompson-Campbell,Vendor payout,approved
TXN-100908,BATCH-1036,REF-639318,2026-03-27,8749.09,USD,Brown-Huynh,Vendor payout,approved
TXN-100909,BATCH-1036,REF-582570,2026-01-15,20371.45,GBP,Jimenez-Bradley,Vendor payout,approved
TXN-100910,BATCH-1036,REF-535771,2026-03-15,1440.8,USD,Dickson-Padilla,Vendor payout,approved
TXN-100911,BATCH-1036,REF-218184,2026-01-15,1361.25,GBP,"Best, Simon and Turner",Vendor payout,approved
TXN-100912,BATCH-1036,REF-407874,2026-01-05,23138.94,GBP,Wright Group,Vendor payout,approved
TXN-100913,BATCH-1036,REF-650309,2026-03-22,7129.15,GBP,Spears-Beck,Vendor payout,approved
TXN-100914,BATCH-1036,REF-929398,2026-04-18,24864.31,EUR,Wagner Ltd,Vendor payout,approved
TXN-100915,BATCH-1036,REF-665852,2026-02-11,4789.14,EUR,"Walker, Garcia and Mcguire",Vendor payout,approved
TXN-100916,BATCH-1036,REF-618895,2026-03-13,15365.92,EUR,Ford Ltd,Vendor payout,approved
TXN-100917,BATCH-1036,REF-817696,2026-04-16,8576.2,EUR,Mcdowell-Watts,Vendor payout,approved
TXN-100918,BATCH-1036,REF-564322,2026-02-17,9229.94,EUR,"Owen, Gibson and Johnson",Vendor payout,approved
TXN-100919,BATCH-1036,REF-224266,2026-04-09,2786.24,GBP,"Pena, Jones and Sanchez",Vendor payout,approved
TXN-100920,BATCH-1036,REF-862066,2026-04-14,13620.71,GBP,Li-Martinez,Vendor payout,approved
TXN-100921,BATCH-1036,REF-150120,2026-01-11,11562.11,USD,"Rogers, Anderson and Campos",Vendor payout,approved
TXN-100922,BATCH-1036,REF-366087,2026-03-18,11184.33,GBP,Fitzgerald-Watson,Vendor payout,approved
TXN-100923,BATCH-1036,REF-971044,2026-01-31,8847.01,USD,Simmons-Green,Vendor payout,approved
TXN-100924,BATCH-1036,REF-120602,2026-01-05,16671.75,USD,Kim Group,Vendor payout,approved
TXN-100925,BATCH-1037,REF-947073,2026-01-05,1081.37,GBP,Colon Group,Vendor payout,approved
TXN-100926,BATCH-1037,REF-530846,2026-01-14,9570.98,GBP,"Garcia, Mercado and West",Vendor payout,approved
TXN-100927,BATCH-1037,REF-115372,2026-04-14,14582.03,USD,Hays-Dalton,Vendor payout,approved
TXN-100928,BATCH-1037,REF-266050,2026-04-18,2664.64,EUR,Nguyen-White,Vendor payout,approved
TXN-100929,BATCH-1037,REF-976903,2026-04-04,2110.43,EUR,Hughes Inc,Vendor payout,approved
TXN-100930,BATCH-1037,REF-561744,2026-03-15,13060.61,GBP,Gray PLC,Vendor payout,approved
TXN-100931,BATCH-1037,REF-414106,2026-01-11,21056.92,EUR,Randall-Kerr,Vendor payout,approved
TXN-100932,BATCH-1037,REF-766253,2026-03-27,14475.43,GBP,Gonzalez-Mcdaniel,Vendor payout,approved
TXN-100933,BATCH-1037,REF-335018,2026-03-13,16862.96,GBP,Griffin Inc,Vendor payout,approved
TXN-100934,BATCH-1037,REF-360733,2026-03-11,20881.29,EUR,Arnold-Beck,Vendor payout,approved
TXN-100935,BATCH-1037,REF-673268,2026-03-11,20642.36,EUR,Vincent-Mcclure,Vendor payout,approved
TXN-100936,BATCH-1037,REF-703717,2026-03-19,24765.12,GBP,Crawford Ltd,Vendor payout,approved
TXN-100937,BATCH-1037,REF-598189,2026-01-28,17875.5,USD,Gray PLC,Vendor payout,approved
TXN-100938,BATCH-1037,REF-251670,2026-03-05,22663.07,EUR,Church Inc,Vendor payout,approved
TXN-100939,BATCH-1037,REF-640842,2026-04-09,22416.98,GBP,"Owen, Gibson and Johnson",Vendor payout,approved
TXN-100940,BATCH-1037,REF-337475,2026-04-11,6789.98,GBP,Hawkins-Saunders,Vendor payout,approved
TXN-100941,BATCH-1037,REF-456814,2026-02-11,14191.35,GBP,Anderson LLC,Vendor payout,approved
TXN-100942,BATCH-1037,REF-173802,2026-01-15,22231.62,USD,Flynn Group,Vendor payout,approved
TXN-100943,BATCH-1037,REF-722977,2026-01-04,9490.1,USD,"Luna, Morris and Gill",Vendor payout,approved
TXN-100944,BATCH-1037,REF-115052,2026-01-21,1273.81,EUR,"Hayes, Luna and Miller",Vendor payout,approved
TXN-100945,BATCH-1037,REF-937738,2026-02-03,10643.16,USD,Goodwin-Martinez,Vendor payout,approved
TXN-100946,BATCH-1037,REF-997135,2026-01-21,253.67,GBP,"Nguyen, Williams and Smith",Vendor payout,approved
TXN-100947,BATCH-1037,REF-490604,2026-01-12,1999.65,EUR,Cobb Group,Vendor payout,approved
TXN-100948,BATCH-1037,REF-182976,2026-04-22,24791.13,USD,Lopez-Stout,Vendor payout,approved
TXN-100949,BATCH-1037,REF-363432,2026-03-09,22990.06,USD,Walter Inc,Vendor payout,approved
TXN-100950,BATCH-1038,REF-229400,2026-01-17,23701.0,USD,Newman-Thomas,Vendor payout,approved
TXN-100951,BATCH-1038,REF-252716,2026-04-05,7148.04,EUR,"Taylor, Zavala and Bates",Vendor payout,approved
TXN-100952,BATCH-1038,REF-772677,2026-03-24,19109.83,USD,Bowman LLC,Vendor payout,approved
TXN-100953,BATCH-1038,REF-143728,2026-04-16,15178.34,EUR,Zimmerman Group,Vendor payout,approved
TXN-100954,BATCH-1038,REF-172481,2026-03-07,918.2,GBP,Hawkins-Saunders,Vendor payout,approved
TXN-100955,BATCH-1038,REF-661072,2026-04-15,1360.84,GBP,Kirk-Morales,Vendor payout,approved
TXN-100956,BATCH-1038,REF-752317,2026-04-13,21856.48,GBP,Pennington PLC,Vendor payout,approved
TXN-100957,BATCH-1038,REF-495147,2026-02-02,6874.17,EUR,Elliott-Wallace,Vendor payout,approved
TXN-100958,BATCH-1038,REF-777454,2026-01-15,5975.72,USD,Contreras LLC,Vendor payout,approved
TXN-100959,BATCH-1038,REF-825263,2026-01-09,4413.84,USD,"Johnson, Harrison and Thomas",Vendor payout,approved
TXN-100960,BATCH-1038,REF-859699,2026-04-28,19926.57,EUR,Roach and Sons,Vendor payout,approved
TXN-100961,BATCH-1038,REF-809132,2026-04-17,10231.48,GBP,Brady-Ford,Vendor payout,approved
TXN-100962,BATCH-1038,REF-822502,2026-01-03,10952.43,USD,"Davis, Kim and Ingram",Vendor payout,approved
TXN-100963,BATCH-1038,REF-439666,2026-03-11,24669.87,USD,Hays-Dalton,Vendor payout,approved
TXN-100964,BATCH-1038,REF-860863,2026-03-10,7372.67,USD,"Lewis, Joyce and Robertson",Vendor payout,approved
TXN-100965,BATCH-1038,REF-489017,2026-01-04,19545.19,USD,"Snow, Rodgers and Miller",Vendor payout,approved
TXN-100966,BATCH-1038,REF-686225,2026-03-15,11377.44,GBP,Pena Inc,Vendor payout,approved
TXN-100967,BATCH-1038,REF-579113,2026-03-04,24288.6,USD,Jones-Turner,Vendor payout,approved
TXN-100968,BATCH-1038,REF-270623,2026-01-23,23500.64,EUR,Matthews PLC,Vendor payout,approved
TXN-100969,BATCH-1038,REF-917367,2026-02-25,12165.51,USD,Mccoy Ltd,Vendor payout,approved
TXN-100970,BATCH-1038,REF-988792,2026-02-05,11497.47,USD,Ramsey-Caldwell,Vendor payout,approved
TXN-100971,BATCH-1038,REF-540071,2026-01-18,17933.99,USD,Anderson LLC,Vendor payout,approved
TXN-100972,BATCH-1038,REF-294961,2026-02-10,22150.57,USD,Richard LLC,Vendor payout,approved
TXN-100973,BATCH-1038,REF-115420,2026-03-29,20246.31,GBP,Davis PLC,Vendor payout,approved
TXN-100974,BATCH-1038,REF-999115,2026-01-28,10344.78,GBP,Brown Ltd,Vendor payout,approved
TXN-100975,BATCH-1039,REF-370340,2026-01-05,5350.1,GBP,"Chavez, Davis and Walton",Vendor payout,approved
TXN-100976,BATCH-1039,REF-163413,2026-03-09,8451.44,USD,Dickson-Gutierrez,Vendor payout,approved
TXN-100977,BATCH-1039,REF-936547,2026-04-28,7965.04,USD,"Rodriguez, Evans and Patterson",Vendor payout,approved
TXN-100978,BATCH-1039,REF-691995,2026-01-27,2024.54,EUR,Mcdowell-Watts,Vendor payout,approved
TXN-100979,BATCH-1039,REF-585175,2026-01-13,22239.84,USD,"Hobbs, Blanchard and Porter",Vendor payout,approved
TXN-100980,BATCH-1039,REF-957287,2026-02-10,17934.24,EUR,Gray PLC,Vendor payout,approved
TXN-100981,BATCH-1039,REF-435027,2026-01-11,289.13,EUR,"Luna, Morris and Gill",Vendor payout,approved
TXN-100982,BATCH-1039,REF-564458,2026-04-08,23897.64,EUR,Cobb Group,Vendor payout,approved
TXN-100983,BATCH-1039,REF-910403,2026-02-08,7213.94,GBP,"Ramirez, Hernandez and Fox",Vendor payout,approved
TXN-100984,BATCH-1039,REF-453171,2026-03-25,15680.85,USD,Mann Group,Vendor payout,approved
TXN-100985,BATCH-1039,REF-775414,2026-01-02,24094.76,GBP,Young-Hudson,Vendor payout,approved
TXN-100986,BATCH-1039,REF-303261,2026-03-26,17367.35,USD,Hunt PLC,Vendor payout,approved
TXN-100987,BATCH-1039,REF-111591,2026-04-17,5468.71,GBP,Mitchell-Byrd,Vendor payout,approved
TXN-100988,BATCH-1039,REF-997593,2026-02-12,5490.41,USD,Ibarra-Clark,Vendor payout,approved
TXN-100989,BATCH-1039,REF-511652,2026-02-19,373.26,USD,"Best, Simon and Turner",Vendor payout,approved
TXN-100990,BATCH-1039,REF-275622,2026-02-09,2215.98,GBP,Best Inc,Vendor payout,approved
TXN-100991,BATCH-1039,REF-566529,2026-01-01,22250.96,GBP,Kennedy-Marks,Vendor payout,approved
TXN-100992,BATCH-1039,REF-483822,2026-03-29,13068.29,EUR,Dickson-Padilla,Vendor payout,approved
TXN-100993,BATCH-1039,REF-152789,2026-04-01,9558.45,GBP,Mckinney-Cooper,Vendor payout,approved
TXN-100994,BATCH-1039,REF-200636,2026-03-26,8309.18,EUR,Johnson Inc,Vendor payout,approved
TXN-100995,BATCH-1039,REF-610944,2026-02-05,1502.51,USD,"Yu, Nguyen and Wood",Vendor payout,approved
TXN-100996,BATCH-1039,REF-993780,2026-01-29,24467.42,EUR,Schneider Ltd,Vendor payout,approved
TXN-100997,BATCH-1039,REF-515102,2026-02-02,8403.24,USD,Lewis-Robinson,Vendor payout,approved
TXN-100998,BATCH-1039,REF-194014,2026-03-18,17102.58,GBP,White-Wilson,Vendor payout,approved
TXN-100999,BATCH-1039,REF-389308,2026-04-16,6610.17,GBP,Morris Inc,Vendor payout,approved
TXN-101000,BATCH-1040,REF-889727,2026-02-28,24221.75,EUR,"Garner, Lawson and Richard",Vendor payout,approved
TXN-101001,BATCH-1040,REF-818125,2026-01-26,11038.36,EUR,"Ball, Henderson and Caldwell",Vendor payout,approved
TXN-101002,BATCH-1040,REF-253991,2026-02-07,22054.55,USD,"Best, Simon and Turner",Vendor payout,approved
TXN-101003,BATCH-1040,REF-753026,2026-04-05,23729.86,GBP,"Evans, Conway and Hall",Vendor payout,approved
TXN-101004,BATCH-1040,REF-160401,2026-03-27,23682.19,USD,Johnson-Ruiz,Vendor payout,approved
TXN-101005,BATCH-1040,REF-589584,2026-04-21,24503.94,EUR,Goodwin-Martinez,Vendor payout,approved
TXN-101006,BATCH-1040,REF-863503,2026-02-19,24778.43,EUR,"Garner, Lawson and Richard",Vendor payout,approved
TXN-101007,BATCH-1040,REF-518487,2026-04-08,12713.44,EUR,"Short, Moore and Douglas",Vendor payout,approved
TXN-101008,BATCH-1040,REF-290413,2026-02-04,3439.3,EUR,Peterson LLC,Vendor payout,approved
TXN-101009,BATCH-1040,REF-532694,2026-03-14,5356.94,USD,"Hernandez, Hill and Hull",Vendor payout,approved
TXN-101010,BATCH-1040,REF-196865,2026-02-27,2008.04,GBP,"Walker, Garcia and Mcguire",Vendor payout,approved
TXN-101011,BATCH-1040,REF-654735,2026-03-30,4870.04,USD,"Murphy, Jordan and Whitney",Vendor payout,approved
TXN-101012,BATCH-1040,REF-900264,2026-04-29,2809.09,USD,"Santana, Hoffman and Cobb",Vendor payout,approved
TXN-101013,BATCH-1040,REF-424207,2026-01-09,21411.96,USD,"Hernandez, Wade and Rodriguez",Vendor payout,approved
TXN-101014,BATCH-1040,REF-227531,2026-01-26,12372.07,USD,Thomas PLC,Vendor payout,approved
TXN-101015,BATCH-1040,REF-346028,2026-04-27,20685.49,GBP,Wright Group,Vendor payout,approved
TXN-101016,BATCH-1040,REF-631917,2026-01-12,3251.84,EUR,Gardner-Hayes,Vendor payout,approved
TXN-101017,BATCH-1040,REF-203463,2026-01-05,20748.38,USD,"Rodriguez, Evans and Patterson",Vendor payout,approved
TXN-101018,BATCH-1040,REF-310034,2026-03-03,13364.96,EUR,"Graham, Garrett and Caldwell",Vendor payout,approved
TXN-101019,BATCH-1040,REF-802916,2026-03-13,6362.56,USD,Pierce Inc,Vendor payout,approved
TXN-101020,BATCH-1040,REF-937537,2026-04-21,22507.95,USD,Webster and Sons,Vendor payout,approved
TXN-101021,BATCH-1040,REF-255710,2026-02-11,19309.95,GBP,Roberts Group,Vendor payout,approved
TXN-101022,BATCH-1040,REF-433888,2026-02-16,18269.18,EUR,"Santana, Hoffman and Cobb",Vendor payout,approved
TXN-101023,BATCH-1040,REF-855914,2026-03-15,447.25,GBP,Anderson LLC,Vendor payout,approved
TXN-101024,BATCH-1040,REF-242559,2026-01-13,16674.92,USD,Arroyo-Pope,Vendor payout,approved
TXN-101025,BATCH-1041,REF-607377,2026-03-04,5410.1,USD,Gardner-Hayes,Vendor payout,approved
TXN-101026,BATCH-1041,REF-761614,2026-05-01,8826.61,GBP,Ingram PLC,Vendor payout,approved
TXN-101027,BATCH-1041,REF-172617,2026-03-17,3639.67,USD,Barrera Group,Vendor payout,approved
TXN-101028,BATCH-1041,REF-899555,2026-03-27,9906.19,EUR,"Rice, Wallace and Castillo",Vendor payout,approved
TXN-101029,BATCH-1041,REF-526462,2026-01-03,6441.87,EUR,King LLC,Vendor payout,approved
TXN-101030,BATCH-1041,REF-436693,2026-01-29,3455.4,GBP,Wagner Ltd,Vendor payout,approved
TXN-101031,BATCH-1041,REF-649999,2026-04-28,24686.52,EUR,Zimmerman and Sons,Vendor payout,approved
TXN-101032,BATCH-1041,REF-176539,2026-04-11,18639.59,EUR,"Rollins, Charles and Black",Vendor payout,approved
TXN-101033,BATCH-1041,REF-253201,2026-01-22,453.98,GBP,Roberts Group,Vendor payout,approved
TXN-101034,BATCH-1041,REF-601992,2026-01-15,3248.99,GBP,Anderson-Parks,Vendor payout,approved
TXN-101035,BATCH-1041,REF-391648,2026-02-08,956.38,USD,Allen Group,Vendor payout,approved
TXN-101036,BATCH-1041,REF-512596,2026-04-20,5120.9,EUR,"Rogers, Anderson and Campos",Vendor payout,approved
TXN-101037,BATCH-1041,REF-371974,2026-01-25,17652.76,GBP,Davis-Mitchell,Vendor payout,approved
TXN-101038,BATCH-1041,REF-579743,2026-02-09,861.3,USD,Maxwell-Shepherd,Vendor payout,approved
TXN-101039,BATCH-1041,REF-842230,2026-04-01,840.92,GBP,Davis PLC,Vendor payout,approved
TXN-101040,BATCH-1041,REF-339474,2026-01-20,7569.9,EUR,Welch-Peck,Vendor payout,approved
TXN-101041,BATCH-1041,REF-753900,2026-01-20,4994.28,USD,Lawrence-Lee,Vendor payout,approved
TXN-101042,BATCH-1041,REF-955412,2026-02-16,16766.43,EUR,Reed PLC,Vendor payout,approved
TXN-101043,BATCH-1041,REF-906965,2026-03-13,22758.12,GBP,"Mooney, Black and Roach",Vendor payout,approved
TXN-101044,BATCH-1041,REF-154650,2026-02-07,23941.36,GBP,Reeves Ltd,Vendor payout,approved
TXN-101045,BATCH-1041,REF-376519,2026-04-29,2669.12,GBP,Jones-Taylor,Vendor payout,approved
TXN-101046,BATCH-1041,REF-513351,2026-02-19,20071.54,GBP,"Curtis, Turner and Soto",Vendor payout,approved
TXN-101047,BATCH-1041,REF-580132,2026-03-09,2171.67,USD,Barrera Group,Vendor payout,approved
TXN-101048,BATCH-1041,REF-208599,2026-02-15,19953.5,USD,Contreras LLC,Vendor payout,approved
TXN-101049,BATCH-1041,REF-271494,2026-01-24,6263.09,GBP,Allen-Taylor,Vendor payout,approved
TXN-101050,BATCH-1042,REF-408729,2026-02-07,17316.59,USD,Juarez-Jones,Vendor payout,approved
TXN-101051,BATCH-1042,REF-466331,2026-03-29,15355.9,EUR,"Owens, Peters and White",Vendor payout,approved
TXN-101052,BATCH-1042,REF-622199,2026-02-27,10367.52,EUR,"Short, Moore and Douglas",Vendor payout,approved
TXN-101053,BATCH-1042,REF-399722,2026-03-17,14328.3,USD,Contreras LLC,Vendor payout,approved
TXN-101054,BATCH-1042,REF-528453,2026-03-24,11595.23,GBP,Smith Ltd,Vendor payout,approved
TXN-101055,BATCH-1042,REF-992687,2026-04-08,18103.19,USD,Murray Group,Vendor payout,approved
TXN-101056,BATCH-1042,REF-490583,2026-04-02,18735.85,GBP,Reynolds-Harris,Vendor payout,approved
TXN-101057,BATCH-1042,REF-977469,2026-04-18,9751.85,EUR,Thompson-Campbell,Vendor payout,approved
TXN-101058,BATCH-1042,REF-881562,2026-04-10,23644.65,EUR,Todd-Oconnor,Vendor payout,approved
TXN-101059,BATCH-1042,REF-327497,2026-03-10,1160.67,USD,Kim Group,Vendor payout,approved
TXN-101060,BATCH-1042,REF-871076,2026-01-15,16300.9,GBP,Mullins-Cabrera,Vendor payout,approved
TXN-101061,BATCH-1042,REF-201042,2026-04-22,4854.96,EUR,Wade PLC,Vendor payout,approved
TXN-101062,BATCH-1042,REF-553189,2026-03-31,1514.54,EUR,Shaw-Decker,Vendor payout,approved
TXN-101063,BATCH-1042,REF-452554,2026-03-06,10202.54,GBP,"Hobbs, Blanchard and Porter",Vendor payout,approved
TXN-101064,BATCH-1042,REF-264470,2026-04-12,4767.05,GBP,Banks-Savage,Vendor payout,approved
TXN-101065,BATCH-1042,REF-892217,2026-02-24,12337.88,USD,Mckinney-Cooper,Vendor payout,approved
TXN-101066,BATCH-1042,REF-722246,2026-02-15,11529.59,GBP,Anderson Inc,Vendor payout,approved
TXN-101067,BATCH-1042,REF-198776,2026-04-17,15300.6,EUR,"Edwards, Anderson and Taylor",Vendor payout,approved
TXN-101068,BATCH-1042,REF-381141,2026-02-26,14493.81,GBP,Hughes Inc,Vendor payout,approved
TXN-101069,BATCH-1042,REF-525331,2026-02-06,6391.38,EUR,"Roberts, Frazier and Smith",Vendor payout,approved
TXN-101070,BATCH-1042,REF-129312,2026-03-10,24931.11,EUR,Austin-Bonilla,Vendor payout,approved
TXN-101071,BATCH-1042,REF-731063,2026-03-12,1001.14,EUR,Zimmerman and Sons,Vendor payout,approved
TXN-101072,BATCH-1042,REF-348471,2026-03-12,8263.75,EUR,Stone and Sons,Vendor payout,approved
TXN-101073,BATCH-1042,REF-509340,2026-04-03,40.78,USD,Hammond Ltd,Vendor payout,approved
TXN-101074,BATCH-1042,REF-898144,2026-03-06,10814.03,GBP,Flynn-Matthews,Vendor payout,approved
TXN-101075,BATCH-1043,REF-364309,2026-02-08,1213.95,EUR,"Thompson, Cooper and Young",Vendor payout,approved
TXN-101076,BATCH-1043,REF-600890,2026-04-22,2942.81,EUR,"Moss, Atkins and Daniels",Vendor payout,approved
TXN-101077,BATCH-1043,REF-507683,2026-04-26,6484.03,EUR,Webster and Sons,Vendor payout,approved
TXN-101078,BATCH-1043,REF-206564,2026-01-28,7204.56,GBP,Mitchell-Byrd,Vendor payout,approved
TXN-101079,BATCH-1043,REF-546272,2026-01-21,15841.85,EUR,Garcia and Sons,Vendor payout,approved
TXN-101080,BATCH-1043,REF-221274,2026-02-21,3520.08,EUR,Cobb Group,Vendor payout,approved
TXN-101081,BATCH-1043,REF-909896,2026-02-15,11803.61,EUR,Wright Group,Vendor payout,approved
TXN-101082,BATCH-1043,REF-449563,2026-01-05,21188.95,GBP,Walter Inc,Vendor payout,approved
TXN-101083,BATCH-1043,REF-283587,2026-04-24,12836.67,GBP,Shaw-Decker,Vendor payout,approved
TXN-101084,BATCH-1043,REF-443343,2026-04-29,10229.63,GBP,Brown LLC,Vendor payout,approved
TXN-101085,BATCH-1043,REF-878365,2026-02-26,12426.69,GBP,Webster and Sons,Vendor payout,approved
TXN-101086,BATCH-1043,REF-716082,2026-03-20,6568.28,EUR,Flynn-Matthews,Vendor payout,approved
TXN-101087,BATCH-1043,REF-390387,2026-02-19,22617.44,USD,Bowman LLC,Vendor payout,approved
TXN-101088,BATCH-1043,REF-721109,2026-04-18,23637.56,GBP,Anderson Inc,Vendor payout,approved
TXN-101089,BATCH-1043,REF-203684,2026-04-14,22899.7,EUR,Harvey Inc,Vendor payout,approved
TXN-101090,BATCH-1043,REF-185895,2026-04-10,18805.84,GBP,Davenport PLC,Vendor payout,approved
TXN-101091,BATCH-1043,REF-254986,2026-02-10,11713.56,USD,Goodwin-Martinez,Vendor payout,approved
TXN-101092,BATCH-1043,REF-232683,2026-01-25,19225.83,GBP,Mccoy Ltd,Vendor payout,approved
TXN-101093,BATCH-1043,REF-701848,2026-01-06,8755.3,USD,Gardner-Hayes,Vendor payout,approved
TXN-101094,BATCH-1043,REF-831025,2026-04-30,5184.44,USD,"Curtis, Turner and Soto",Vendor payout,approved
TXN-101095,BATCH-1043,REF-763611,2026-02-16,13625.2,EUR,Anderson LLC,Vendor payout,approved
TXN-101096,BATCH-1043,REF-240534,2026-03-26,6171.33,GBP,Allen Group,Vendor payout,approved
TXN-101097,BATCH-1043,REF-956686,2026-01-09,9458.33,EUR,"Rollins, Charles and Black",Vendor payout,approved
TXN-101098,BATCH-1043,REF-298085,2026-01-05,1095.27,EUR,"Pineda, Travis and Jones",Vendor payout,approved
TXN-101099,BATCH-1043,REF-891651,2026-03-09,16918.89,EUR,"Miller, Anderson and Padilla",Vendor payout,approved
TXN-101100,BATCH-1044,REF-902434,2026-02-28,12653.77,EUR,Jones-Fuentes,Vendor payout,approved
TXN-101101,BATCH-1044,REF-225638,2026-03-13,16054.04,EUR,Griffin Inc,Vendor payout,approved
TXN-101102,BATCH-1044,REF-524361,2026-01-28,24045.97,USD,Gray PLC,Vendor payout,approved
TXN-101103,BATCH-1044,REF-377356,2026-02-14,13635.15,EUR,Thompson-Campbell,Vendor payout,approved
TXN-101104,BATCH-1044,REF-841632,2026-01-08,18955.1,USD,Holmes and Sons,Vendor payout,approved
TXN-101105,BATCH-1044,REF-887116,2026-01-19,2492.3,GBP,"Dorsey, Patterson and Harrison",Vendor payout,approved
TXN-101106,BATCH-1044,REF-377888,2026-01-02,19841.44,USD,Zimmerman and Sons,Vendor payout,approved
TXN-101107,BATCH-1044,REF-518755,2026-03-11,1280.26,USD,Schneider Ltd,Vendor payout,approved
TXN-101108,BATCH-1044,REF-110461,2026-01-04,4934.93,GBP,"Clarke, Johnson and Watson",Vendor payout,approved
TXN-101109,BATCH-1044,REF-214459,2026-01-12,16367.35,USD,White-Wilson,Vendor payout,approved
TXN-101110,BATCH-1044,REF-697142,2026-01-15,18593.45,USD,Garcia and Sons,Vendor payout,approved
TXN-101111,BATCH-1044,REF-251230,2026-02-16,21424.29,USD,"Short, Moore and Douglas",Vendor payout,approved
TXN-101112,BATCH-1044,REF-772716,2026-02-23,15435.18,USD,Jones-Taylor,Vendor payout,approved
TXN-101113,BATCH-1044,REF-138855,2026-02-18,14619.04,EUR,Reynolds-Harris,Vendor payout,approved
TXN-101114,BATCH-1044,REF-324284,2026-01-17,19784.31,GBP,Dickson-Gutierrez,Vendor payout,approved
TXN-101115,BATCH-1044,REF-987484,2026-03-21,14307.88,EUR,"Garcia, Mercado and West",Vendor payout,approved
TXN-101116,BATCH-1044,REF-222964,2026-01-21,6778.72,USD,Banks-Savage,Vendor payout,approved
TXN-101117,BATCH-1044,REF-318247,2026-01-01,21658.84,EUR,Harvey Inc,Vendor payout,approved
TXN-101118,BATCH-1044,REF-102778,2026-04-13,3054.92,USD,Mccoy-Mccarthy,Vendor payout,approved
TXN-101119,BATCH-1044,REF-669719,2026-02-08,9720.41,GBP,"Johnson, Phillips and Brown",Vendor payout,approved
TXN-101120,BATCH-1044,REF-186488,2026-02-27,10878.19,USD,Brown and Sons,Vendor payout,approved
TXN-101121,BATCH-1044,REF-350791,2026-04-08,1733.63,USD,"Fox, Hernandez and Ryan",Vendor payout,approved
TXN-101122,BATCH-1044,REF-246044,2026-04-14,6693.24,GBP,"Johnson, Harrison and Thomas",Vendor payout,approved
TXN-101123,BATCH-1044,REF-822287,2026-02-03,12532.41,USD,Arroyo-Pope,Vendor payout,approved
TXN-101124,BATCH-1044,REF-687216,2026-04-09,2202.57,GBP,Smith-Abbott,Vendor payout,approved
TXN-101125,BATCH-1045,REF-158071,2026-01-29,1544.29,GBP,Anderson-Parks,Vendor payout,approved
TXN-101126,BATCH-1045,REF-467890,2026-01-09,14205.76,GBP,Gardner-Hayes,Vendor payout,approved
TXN-101127,BATCH-1045,REF-251337,2026-04-25,24266.86,EUR,"Curry, Wolfe and Ramirez",Vendor payout,approved
TXN-101128,BATCH-1045,REF-466710,2026-01-31,12308.16,USD,"Matthews, Howard and Brown",Vendor payout,approved
TXN-101129,BATCH-1045,REF-468136,2026-04-30,12746.96,EUR,Bauer Inc,Vendor payout,approved
TXN-101130,BATCH-1045,REF-163008,2026-03-16,11845.79,USD,Mcdowell-Watts,Vendor payout,approved
TXN-101131,BATCH-1045,REF-874814,2026-04-23,7707.3,EUR,Gonzalez Inc,Vendor payout,approved
TXN-101132,BATCH-1045,REF-958113,2026-03-24,16506.62,EUR,"Molina, Wells and Bright",Vendor payout,approved
TXN-101133,BATCH-1045,REF-627108,2026-03-06,8450.65,GBP,"Jackson, Romero and Mendez",Vendor payout,approved
TXN-101134,BATCH-1045,REF-305597,2026-02-09,4564.08,USD,Goodwin-Martinez,Vendor payout,approved
TXN-101135,BATCH-1045,REF-155439,2026-02-19,12429.36,USD,Banks-Savage,Vendor payout,approved
TXN-101136,BATCH-1045,REF-823369,2026-04-07,20336.95,USD,Kelly-Murphy,Vendor payout,approved
TXN-101137,BATCH-1045,REF-767033,2026-04-19,2485.59,GBP,"Rodriguez, Sutton and Santiago",Vendor payout,approved
TXN-101138,BATCH-1045,REF-880850,2026-03-08,13963.84,GBP,Crawford Ltd,Vendor payout,approved
TXN-101139,BATCH-1045,REF-312653,2026-04-25,24399.3,USD,Allen and Sons,Vendor payout,approved
TXN-101140,BATCH-1045,REF-937045,2026-01-24,14002.46,USD,Buckley and Sons,Vendor payout,approved
TXN-101141,BATCH-1045,REF-964278,2026-01-21,5351.85,EUR,"Russell, Scott and Ramsey",Vendor payout,approved
TXN-101142,BATCH-1045,REF-706144,2026-02-01,1680.67,GBP,Peterson LLC,Vendor payout,approved
TXN-101143,BATCH-1045,REF-952880,2026-05-01,5459.2,EUR,"Santana, Hoffman and Cobb",Vendor payout,approved
TXN-101144,BATCH-1045,REF-545735,2026-04-05,614.04,EUR,Kelly-Murphy,Vendor payout,approved
TXN-101145,BATCH-1045,REF-744312,2026-03-27,17830.06,USD,Ford Ltd,Vendor payout,approved
TXN-101146,BATCH-1045,REF-358769,2026-03-02,21391.68,USD,Mccoy Ltd,Vendor payout,approved
TXN-101147,BATCH-1045,REF-262282,2026-02-03,12679.57,EUR,Howard-Mcdonald,Vendor payout,approved
TXN-101148,BATCH-1045,REF-475498,2026-01-05,19334.77,EUR,Roberts LLC,Vendor payout,approved
TXN-101149,BATCH-1045,REF-339359,2026-02-09,5432.41,EUR,Washington-West,Vendor payout,approved
TXN-101150,BATCH-1046,REF-254665,2026-02-21,6507.52,EUR,"Waller, Bass and Mitchell",Vendor payout,approved
TXN-101151,BATCH-1046,REF-454688,2026-05-01,21495.18,GBP,"Peterson, Hood and Arroyo",Vendor payout,approved
TXN-101152,BATCH-1046,REF-376033,2026-04-13,22400.62,GBP,"Savage, Garcia and Robinson",Vendor payout,approved
TXN-101153,BATCH-1046,REF-187879,2026-04-06,11869.78,GBP,Gonzalez Inc,Vendor payout,approved
TXN-101154,BATCH-1046,REF-180713,2026-04-19,8622.94,USD,"Moss, Atkins and Daniels",Vendor payout,approved
TXN-101155,BATCH-1046,REF-587366,2026-04-17,12066.58,USD,"Howard, Lynch and Morris",Vendor payout,approved
TXN-101156,BATCH-1046,REF-284257,2026-02-17,14438.68,USD,King LLC,Vendor payout,approved
TXN-101157,BATCH-1046,REF-672907,2026-02-24,6734.22,USD,Roach and Sons,Vendor payout,approved
TXN-101158,BATCH-1046,REF-318815,2026-01-26,23535.52,EUR,"Clarke, Johnson and Watson",Vendor payout,approved
TXN-101159,BATCH-1046,REF-690161,2026-01-29,22899.1,USD,Stone and Sons,Vendor payout,approved
TXN-101160,BATCH-1046,REF-191233,2026-03-11,24782.88,EUR,"Smith, Guerra and Holmes",Vendor payout,approved
TXN-101161,BATCH-1046,REF-775829,2026-03-12,20605.97,EUR,Schneider Ltd,Vendor payout,approved
TXN-101162,BATCH-1046,REF-672145,2026-01-06,21166.03,USD,Silva-Green,Vendor payout,approved
TXN-101163,BATCH-1046,REF-336108,2026-03-16,6494.73,GBP,Thomas PLC,Vendor payout,approved
TXN-101164,BATCH-1046,REF-864816,2026-03-21,8617.71,USD,Davenport PLC,Vendor payout,approved
TXN-101165,BATCH-1046,REF-271139,2026-04-28,7381.22,USD,"Garner, Lawson and Richard",Vendor payout,approved
TXN-101166,BATCH-1046,REF-741443,2026-04-27,18790.14,EUR,Davis PLC,Vendor payout,approved
TXN-101167,BATCH-1046,REF-197419,2026-03-24,9613.67,GBP,Allen Inc,Vendor payout,approved
TXN-101168,BATCH-1046,REF-433973,2026-03-02,3224.52,EUR,Vincent-Mcclure,Vendor payout,approved
TXN-101169,BATCH-1046,REF-877861,2026-03-26,685.58,GBP,Mcdowell-Watts,Vendor payout,approved
TXN-101170,BATCH-1046,REF-710152,2026-01-13,6790.87,GBP,"Cox, Fernandez and Baker",Vendor payout,approved
TXN-101171,BATCH-1046,REF-671742,2026-03-06,21502.74,USD,Leach-Walker,Vendor payout,approved
TXN-101172,BATCH-1046,REF-500769,2026-03-23,12328.64,EUR,Skinner Ltd,Vendor payout,approved
TXN-101173,BATCH-1046,REF-388292,2026-02-25,17917.38,GBP,Zimmerman and Sons,Vendor payout,approved
TXN-101174,BATCH-1046,REF-605681,2026-02-20,474.29,GBP,Matthews PLC,Vendor payout,approved
TXN-101175,BATCH-1047,REF-211452,2026-04-07,4609.58,EUR,"Garza, Barker and Maddox",Vendor payout,approved
TXN-101176,BATCH-1047,REF-386813,2026-02-01,2288.73,USD,Li-Montoya,Vendor payout,approved
TXN-101177,BATCH-1047,REF-478857,2026-03-16,6575.35,EUR,Flynn-Matthews,Vendor payout,approved
TXN-101178,BATCH-1047,REF-191062,2026-01-12,3383.36,EUR,Moore LLC,Vendor payout,approved
TXN-101179,BATCH-1047,REF-981373,2026-04-17,23088.64,GBP,Gonzalez Inc,Vendor payout,approved
TXN-101180,BATCH-1047,REF-253735,2026-03-26,10605.89,EUR,"Nguyen, Williams and Smith",Vendor payout,approved
TXN-101181,BATCH-1047,REF-956820,2026-02-05,17892.52,EUR,Mitchell-Byrd,Vendor payout,approved
TXN-101182,BATCH-1047,REF-753971,2026-01-24,19756.23,GBP,"Garcia, Mercado and West",Vendor payout,approved
TXN-101183,BATCH-1047,REF-276894,2026-01-06,4331.58,GBP,Jones-Taylor,Vendor payout,approved
TXN-101184,BATCH-1047,REF-111303,2026-04-08,14325.67,EUR,Richards-Johnson,Vendor payout,approved
TXN-101185,BATCH-1047,REF-455366,2026-03-18,1603.9,USD,"Malone, Bell and Bryant",Vendor payout,approved
TXN-101186,BATCH-1047,REF-181424,2026-03-10,14549.24,USD,Gonzalez-Mcdaniel,Vendor payout,approved
TXN-101187,BATCH-1047,REF-888992,2026-03-11,9919.58,EUR,"Hobbs, Blanchard and Porter",Vendor payout,approved
TXN-101188,BATCH-1047,REF-490874,2026-03-08,9209.38,EUR,Richard LLC,Vendor payout,approved
TXN-101189,BATCH-1047,REF-404145,2026-01-03,16254.06,GBP,Pennington PLC,Vendor payout,approved
TXN-101190,BATCH-1047,REF-957130,2026-01-03,12089.1,EUR,Brown LLC,Vendor payout,approved
TXN-101191,BATCH-1047,REF-328621,2026-02-12,12714.43,GBP,"Fleming, King and Herring",Vendor payout,approved
TXN-101192,BATCH-1047,REF-122971,2026-04-19,18553.73,EUR,"Fox, Hernandez and Ryan",Vendor payout,approved
TXN-101193,BATCH-1047,REF-900069,2026-02-21,5168.17,USD,"Adams, Rodriguez and Walker",Vendor payout,approved
TXN-101194,BATCH-1047,REF-943351,2026-04-09,10481.52,EUR,Walter Inc,Vendor payout,approved
TXN-101195,BATCH-1047,REF-417180,2026-02-11,24312.59,USD,Lane-Hines,Vendor payout,approved
TXN-101196,BATCH-1047,REF-384745,2026-01-21,6480.13,GBP,Wilson and Sons,Vendor payout,approved
TXN-101197,BATCH-1047,REF-332567,2026-03-26,9674.46,EUR,Arellano-Whitaker,Vendor payout,approved
TXN-101198,BATCH-1047,REF-157041,2026-03-02,23488.57,USD,Davenport PLC,Vendor payout,approved
TXN-101199,BATCH-1047,REF-282298,2026-03-12,3776.81,USD,Kirk-Henson,Vendor payout,approved
TXN-101200,BATCH-1048,REF-178917,2026-01-12,16048.61,EUR,Jones-Graham,Vendor payout,approved
TXN-101201,BATCH-1048,REF-225878,2026-03-21,13271.33,USD,"Johnson, Meyer and Hanna",Vendor payout,approved
TXN-101202,BATCH-1048,REF-961216,2026-03-29,16057.08,EUR,Pena Inc,Vendor payout,approved
TXN-101203,BATCH-1048,REF-109389,2026-02-01,23921.69,EUR,"Snow, Rodgers and Miller",Vendor payout,approved
TXN-101204,BATCH-1048,REF-469025,2026-01-06,21115.43,GBP,Ibarra-Clark,Vendor payout,approved
TXN-101205,BATCH-1048,REF-224630,2026-01-19,21013.99,GBP,Prince-Martinez,Vendor payout,approved
TXN-101206,BATCH-1048,REF-397485,2026-02-22,9544.46,EUR,"Waller, Bass and Mitchell",Vendor payout,approved
TXN-101207,BATCH-1048,REF-235067,2026-03-21,4633.36,EUR,Randall-Kerr,Vendor payout,approved
TXN-101208,BATCH-1048,REF-586530,2026-03-07,21632.4,EUR,Edwards-Boyd,Vendor payout,approved
TXN-101209,BATCH-1048,REF-298809,2026-04-06,2413.75,USD,"Waller, Bass and Mitchell",Vendor payout,approved
TXN-101210,BATCH-1048,REF-419773,2026-04-12,21005.89,GBP,Smith and Sons,Vendor payout,approved
TXN-101211,BATCH-1048,REF-775731,2026-02-25,3331.57,GBP,Stone and Sons,Vendor payout,approved
TXN-101212,BATCH-1048,REF-373698,2026-03-21,24833.32,EUR,"Nelson, Bowers and Cooper",Vendor payout,approved
TXN-101213,BATCH-1048,REF-528334,2026-03-20,15707.99,USD,Howe and Sons,Vendor payout,approved
TXN-101214,BATCH-1048,REF-788545,2026-01-10,17777.76,EUR,Hernandez-Diaz,Vendor payout,approved
TXN-101215,BATCH-1048,REF-253734,2026-01-06,2176.87,GBP,Dickson Inc,Vendor payout,approved
TXN-101216,BATCH-1048,REF-738513,2026-03-12,6894.67,EUR,Johnson-Newton,Vendor payout,approved
TXN-101217,BATCH-1048,REF-594106,2026-04-11,19440.37,GBP,"Chavez, Davis and Walton",Vendor payout,approved
TXN-101218,BATCH-1048,REF-471214,2026-04-12,15135.34,USD,Gardner Inc,Vendor payout,approved
TXN-101219,BATCH-1048,REF-595761,2026-04-16,23047.59,USD,Randolph and Sons,Vendor payout,approved
TXN-101220,BATCH-1048,REF-319158,2026-03-29,4475.82,GBP,"Murphy, Jordan and Whitney",Vendor payout,approved
TXN-101221,BATCH-1048,REF-831711,2026-03-19,3810.01,EUR,Mata Inc,Vendor payout,approved
TXN-101222,BATCH-1048,REF-991294,2026-02-03,15132.41,EUR,Mcclain-Jensen,Vendor payout,approved
TXN-101223,BATCH-1048,REF-333159,2026-04-21,13532.76,GBP,"Molina, Wells and Bright",Vendor payout,approved
TXN-101224,BATCH-1048,REF-409611,2026-01-05,2808.17,GBP,"Graham, Garrett and Caldwell",Vendor payout,approved
TXN-101225,BATCH-1049,REF-657656,2026-04-21,12019.19,GBP,Welch-Peck,Vendor payout,approved
TXN-101226,BATCH-1049,REF-238695,2026-02-22,10545.08,EUR,Bauer Inc,Vendor payout,approved
TXN-101227,BATCH-1049,REF-326578,2026-01-01,12166.89,GBP,Howe and Sons,Vendor payout,approved
TXN-101228,BATCH-1049,REF-226545,2026-03-17,6667.9,USD,Prince-Martinez,Vendor payout,approved
TXN-101229,BATCH-1049,REF-590199,2026-03-14,19190.63,EUR,Goodwin-Martinez,Vendor payout,approved
TXN-101230,BATCH-1049,REF-950730,2026-02-02,23362.76,GBP,Jimenez-Bradley,Vendor payout,approved
TXN-101231,BATCH-1049,REF-508199,2026-03-18,15774.78,USD,Hunter-Nicholson,Vendor payout,approved
TXN-101232,BATCH-1049,REF-527191,2026-03-31,15422.86,USD,Brady-Ford,Vendor payout,approved
TXN-101233,BATCH-1049,REF-165942,2026-04-13,425.48,USD,"Howell, Hart and Swanson",Vendor payout,approved
TXN-101234,BATCH-1049,REF-368079,2026-01-23,14312.74,EUR,Allen and Sons,Vendor payout,approved
TXN-101235,BATCH-1049,REF-434829,2026-01-07,17367.56,EUR,"Clarke, Johnson and Watson",Vendor payout,approved
TXN-101236,BATCH-1049,REF-757668,2026-02-03,4890.34,EUR,Garcia and Sons,Vendor payout,approved
TXN-101237,BATCH-1049,REF-773593,2026-04-14,13562.97,USD,Buckley and Sons,Vendor payout,approved
TXN-101238,BATCH-1049,REF-687906,2026-04-22,7245.17,USD,"Russell, Scott and Ramsey",Vendor payout,approved
TXN-101239,BATCH-1049,REF-247525,2026-03-25,5615.26,GBP,"Taylor, Zavala and Bates",Vendor payout,approved
TXN-101240,BATCH-1049,REF-737647,2026-01-20,16504.58,GBP,Simmons-Green,Vendor payout,approved
TXN-101241,BATCH-1049,REF-103963,2026-01-04,5063.44,USD,"Pineda, Travis and Jones",Vendor payout,approved
TXN-101242,BATCH-1049,REF-135410,2026-03-31,23482.36,EUR,"Owens, Peters and White",Vendor payout,approved
TXN-101243,BATCH-1049,REF-964122,2026-04-04,3403.42,EUR,White Group,Vendor payout,approved
TXN-101244,BATCH-1049,REF-550573,2026-04-18,3464.56,GBP,"Malone, Bell and Bryant",Vendor payout,approved
TXN-101245,BATCH-1049,REF-648110,2026-01-14,7893.66,EUR,Ingram PLC,Vendor payout,approved
TXN-101246,BATCH-1049,REF-836310,2026-03-18,20351.34,USD,"Molina, Wells and Bright",Vendor payout,approved
TXN-101247,BATCH-1049,REF-402321,2026-03-20,16521.81,USD,Harvey Inc,Vendor payout,approved
TXN-101248,BATCH-1049,REF-517009,2026-02-13,4336.31,GBP,White-Wilson,Vendor payout,approved
TXN-101249,BATCH-1049,REF-831411,2026-02-19,1708.13,GBP,"Luna, Morris and Gill",Vendor payout,approved
TXN-101250,BATCH-1050,REF-811218,2026-04-24,14195.04,EUR,King-George,Vendor payout,approved
TXN-101251,BATCH-1050,REF-438324,2026-02-23,10034.38,USD,"Evans, Conway and Hall",Vendor payout,approved
TXN-101252,BATCH-1050,REF-107181,2026-01-01,6387.77,EUR,Vincent-Mcclure,Vendor payout,approved
TXN-101253,BATCH-1050,REF-172048,2026-02-03,3868.81,EUR,Church Inc,Vendor payout,approved
TXN-101254,BATCH-1050,REF-166608,2026-04-04,20916.52,EUR,Allen Group,Vendor payout,approved
TXN-101255,BATCH-1050,REF-131873,2026-01-29,18289.77,GBP,Shaw-Decker,Vendor payout,approved
TXN-101256,BATCH-1050,REF-682209,2026-01-20,3394.86,EUR,"Johnson, Phillips and Brown",Vendor payout,approved
TXN-101257,BATCH-1050,REF-363417,2026-03-15,14336.6,EUR,Orozco Ltd,Vendor payout,approved
TXN-101258,BATCH-1050,REF-656213,2026-04-27,20040.73,USD,Beard-Cooper,Vendor payout,approved
TXN-101259,BATCH-1050,REF-739277,2026-02-16,7160.43,EUR,Jones-Turner,Vendor payout,approved
TXN-101260,BATCH-1050,REF-639285,2026-03-31,19673.03,GBP,Spears-Beck,Vendor payout,approved
TXN-101261,BATCH-1050,REF-203449,2026-01-27,20970.13,EUR,"Drake, Torres and Murray",Vendor payout,approved
TXN-101262,BATCH-1050,REF-479389,2026-04-16,7390.15,USD,"Rodriguez, Evans and Patterson",Vendor payout,approved
TXN-101263,BATCH-1050,REF-812307,2026-03-02,24517.88,USD,Hunt-Whitney,Vendor payout,approved
TXN-101264,BATCH-1050,REF-620512,2026-02-23,17589.09,USD,Crawford Ltd,Vendor payout,approved
TXN-101265,BATCH-1050,REF-738084,2026-03-07,13956.71,EUR,Goodwin-Martinez,Vendor payout,approved
TXN-101266,BATCH-1050,REF-518537,2026-03-17,9979.88,USD,Lane-Hines,Vendor payout,approved
TXN-101267,BATCH-1050,REF-967717,2026-03-25,12780.82,USD,Thornton and Sons,Vendor payout,approved
TXN-101268,BATCH-1050,REF-990804,2026-03-26,5616.99,GBP,"Liu, Parsons and Delacruz",Vendor payout,approved
TXN-101269,BATCH-1050,REF-824059,2026-02-15,24913.68,USD,"Taylor, Zavala and Bates",Vendor payout,approved
TXN-101270,BATCH-1050,REF-774976,2026-01-17,11013.46,USD,Robinson Group,Vendor payout,approved
TXN-101271,BATCH-1050,REF-783043,2026-01-07,7801.3,EUR,Reynolds-Torres,Vendor payout,approved
TXN-101272,BATCH-1050,REF-156032,2026-03-10,21961.58,EUR,Hays-Dalton,Vendor payout,approved
TXN-101273,BATCH-1050,REF-953963,2026-02-08,20489.58,EUR,Gardner-Hayes,Vendor payout,approved
TXN-101274,BATCH-1050,REF-560515,2026-03-26,15045.46,GBP,Rivera-Stanley,Vendor payout,approved
TXN-101275,BATCH-1051,REF-996046,2026-02-18,5685.31,EUR,Anderson LLC,Vendor payout,approved
TXN-101276,BATCH-1051,REF-285268,2026-02-19,21167.81,GBP,Howard LLC,Vendor payout,approved
TXN-101277,BATCH-1051,REF-273628,2026-04-25,98.36,USD,White-Wilson,Vendor payout,approved
TXN-101278,BATCH-1051,REF-689774,2026-04-15,17483.79,USD,Howard LLC,Vendor payout,approved
TXN-101279,BATCH-1051,REF-885489,2026-04-30,20302.4,EUR,Mitchell-Byrd,Vendor payout,approved
TXN-101280,BATCH-1051,REF-428673,2026-01-18,10901.8,USD,Joseph Group,Vendor payout,approved
TXN-101281,BATCH-1051,REF-680624,2026-02-24,1832.45,USD,Robinson and Sons,Vendor payout,approved
TXN-101282,BATCH-1051,REF-914601,2026-02-01,696.87,USD,Brown LLC,Vendor payout,approved
TXN-101283,BATCH-1051,REF-886891,2026-04-11,5474.18,GBP,Austin-Bonilla,Vendor payout,approved
TXN-101284,BATCH-1051,REF-931324,2026-04-29,15206.2,USD,"Ramirez, Hernandez and Fox",Vendor payout,approved
TXN-101285,BATCH-1051,REF-661977,2026-04-27,12040.75,USD,Shaw-Decker,Vendor payout,approved
TXN-101286,BATCH-1051,REF-197302,2026-02-15,14516.98,USD,Schneider Ltd,Vendor payout,approved
TXN-101287,BATCH-1051,REF-199361,2026-02-24,6115.41,EUR,Perez-Neal,Vendor payout,approved
TXN-101288,BATCH-1051,REF-532592,2026-03-10,6273.01,EUR,"Berry, Rios and Marshall",Vendor payout,approved
TXN-101289,BATCH-1051,REF-548595,2026-01-19,10178.49,GBP,"Malone, Bell and Bryant",Vendor payout,approved
TXN-101290,BATCH-1051,REF-829153,2026-04-27,21860.11,GBP,Charles-Butler,Vendor payout,approved
TXN-101291,BATCH-1051,REF-120020,2026-01-19,8010.97,GBP,Coffey-Howell,Vendor payout,approved
TXN-101292,BATCH-1051,REF-797134,2026-01-24,21729.8,GBP,Allen and Sons,Vendor payout,approved
TXN-101293,BATCH-1051,REF-290353,2026-02-16,4831.27,GBP,Bryant LLC,Vendor payout,approved
TXN-101294,BATCH-1051,REF-931574,2026-02-24,7477.57,EUR,Fletcher-Pruitt,Vendor payout,approved
TXN-101295,BATCH-1051,REF-755450,2026-03-23,6936.28,GBP,"Walker, Garcia and Mcguire",Vendor payout,approved
TXN-101296,BATCH-1051,REF-925789,2026-02-17,6706.09,EUR,Mata Inc,Vendor payout,approved
TXN-101297,BATCH-1051,REF-854638,2026-02-25,19441.93,EUR,"Garner, Lawson and Richard",Vendor payout,approved
TXN-101298,BATCH-1051,REF-264263,2026-01-11,7462.81,EUR,Moore LLC,Vendor payout,approved
TXN-101299,BATCH-1051,REF-705815,2026-03-27,12517.78,EUR,Zimmerman Group,Vendor payout,approved
TXN-101300,BATCH-1052,REF-584342,2026-03-30,2560.12,GBP,Lopez-Stout,Vendor payout,approved
TXN-101301,BATCH-1052,REF-388461,2026-04-04,13909.4,USD,Pennington PLC,Vendor payout,approved
TXN-101302,BATCH-1052,REF-887116,2026-02-14,9730.3,GBP,"Thompson, Cooper and Young",Vendor payout,approved
TXN-101303,BATCH-1052,REF-533703,2026-03-24,24837.06,USD,"Smith, Guerra and Holmes",Vendor payout,approved
TXN-101304,BATCH-1052,REF-466901,2026-01-22,845.72,EUR,Gallegos-Stewart,Vendor payout,approved
TXN-101305,BATCH-1052,REF-386923,2026-03-29,20834.94,GBP,"Peterson, Hood and Arroyo",Vendor payout,approved
TXN-101306,BATCH-1052,REF-786243,2026-03-16,2615.64,USD,"Molina, Wells and Bright",Vendor payout,approved
TXN-101307,BATCH-1052,REF-175868,2026-04-06,10119.85,GBP,King LLC,Vendor payout,approved
TXN-101308,BATCH-1052,REF-803908,2026-03-14,1890.31,USD,Gonzalez-Mcdaniel,Vendor payout,approved
TXN-101309,BATCH-1052,REF-814966,2026-03-16,5101.87,USD,"Evans, Conway and Hall",Vendor payout,approved
TXN-101310,BATCH-1052,REF-762700,2026-04-19,3334.69,GBP,Jones-Turner,Vendor payout,approved
TXN-101311,BATCH-1052,REF-926925,2026-03-12,4708.37,USD,"Johnson, Meyer and Hanna",Vendor payout,approved
TXN-101312,BATCH-1052,REF-451813,2026-04-28,1926.48,USD,"Hobbs, Blanchard and Porter",Vendor payout,approved
TXN-101313,BATCH-1052,REF-763745,2026-01-18,18496.35,USD,"Malone, Bell and Bryant",Vendor payout,approved
TXN-101314,BATCH-1052,REF-132113,2026-01-08,12679.42,GBP,Mann Group,Vendor payout,approved
TXN-101315,BATCH-1052,REF-263643,2026-02-28,11220.16,GBP,Richard LLC,Vendor payout,approved
TXN-101316,BATCH-1052,REF-496438,2026-04-15,2803.01,USD,Dickson-Padilla,Vendor payout,approved
TXN-101317,BATCH-1052,REF-662349,2026-01-18,16816.09,USD,Lee-Taylor,Vendor payout,approved
TXN-101318,BATCH-1052,REF-442613,2026-03-02,7115.61,GBP,"Yu, Nguyen and Wood",Vendor payout,approved
TXN-101319,BATCH-1052,REF-131144,2026-03-27,17620.66,USD,Pierce Inc,Vendor payout,approved
TXN-101320,BATCH-1052,REF-896048,2026-03-18,23913.65,GBP,Reynolds LLC,Vendor payout,approved
TXN-101321,BATCH-1052,REF-682662,2026-03-02,23247.63,EUR,"Jackson, Romero and Mendez",Vendor payout,approved
TXN-101322,BATCH-1052,REF-713608,2026-03-13,16850.37,USD,Moore LLC,Vendor payout,approved
TXN-101323,BATCH-1052,REF-831772,2026-02-09,22876.29,EUR,"Roberts, Frazier and Smith",Vendor payout,approved
TXN-101324,BATCH-1052,REF-447665,2026-02-19,393.95,USD,Gordon-Roberts,Vendor payout,approved
TXN-101325,BATCH-1053,REF-475090,2026-01-18,7488.55,GBP,Welch-Peck,Vendor payout,approved
TXN-101326,BATCH-1053,REF-808116,2026-02-06,8094.64,USD,"Bryant, Harrison and Carter",Vendor payout,approved
TXN-101327,BATCH-1053,REF-660544,2026-02-11,8566.65,EUR,Gallegos-Stewart,Vendor payout,approved
TXN-101328,BATCH-1053,REF-728918,2026-03-28,5560.04,USD,"Taylor, Zavala and Bates",Vendor payout,approved
TXN-101329,BATCH-1053,REF-823683,2026-04-26,15137.39,EUR,"Short, Moore and Douglas",Vendor payout,approved
TXN-101330,BATCH-1053,REF-525847,2026-04-26,17120.31,GBP,"Curry, Wolfe and Ramirez",Vendor payout,approved
TXN-101331,BATCH-1053,REF-258569,2026-01-24,7569.21,EUR,Buckley and Sons,Vendor payout,approved
TXN-101332,BATCH-1053,REF-204280,2026-02-25,17725.61,GBP,"Wilson, Robertson and Gonzalez",Vendor payout,approved
TXN-101333,BATCH-1053,REF-942846,2026-04-04,5691.94,EUR,Hammond Ltd,Vendor payout,approved
TXN-101334,BATCH-1053,REF-410072,2026-03-20,345.89,GBP,Peterson LLC,Vendor payout,approved
TXN-101335,BATCH-1053,REF-127790,2026-01-17,16211.36,EUR,Smith and Sons,Vendor payout,approved
TXN-101336,BATCH-1053,REF-548348,2026-03-22,625.41,GBP,Gonzalez-Mcdaniel,Vendor payout,approved
TXN-101337,BATCH-1053,REF-399962,2026-01-11,10366.77,EUR,"Hobbs, Blanchard and Porter",Vendor payout,approved
TXN-101338,BATCH-1053,REF-498562,2026-04-19,10947.91,GBP,"Ward, Garcia and Henry",Vendor payout,approved
TXN-101339,BATCH-1053,REF-131807,2026-03-27,1055.07,USD,Vincent-Mcclure,Vendor payout,approved
TXN-101340,BATCH-1053,REF-974955,2026-03-04,23578.1,USD,"Martinez, Henderson and Osborne",Vendor payout,approved
TXN-101341,BATCH-1053,REF-526556,2026-02-09,17711.24,USD,Hughes Inc,Vendor payout,approved
TXN-101342,BATCH-1053,REF-726290,2026-01-23,21898.51,GBP,Skinner Ltd,Vendor payout,approved
TXN-101343,BATCH-1053,REF-305398,2026-04-11,22528.33,USD,Rivera-Stanley,Vendor payout,approved
TXN-101344,BATCH-1053,REF-313502,2026-01-04,17460.41,USD,Farrell-Willis,Vendor payout,approved
TXN-101345,BATCH-1053,REF-519641,2026-03-04,7933.49,GBP,Spears-Beck,Vendor payout,approved
TXN-101346,BATCH-1053,REF-627831,2026-02-07,700.99,USD,Garcia Ltd,Vendor payout,approved
TXN-101347,BATCH-1053,REF-316893,2026-03-31,12481.66,GBP,White Group,Vendor payout,approved
TXN-101348,BATCH-1053,REF-751828,2026-02-03,2865.27,USD,"Brown, Middleton and Williams",Vendor payout,approved
TXN-101349,BATCH-1053,REF-151157,2026-03-11,19682.4,GBP,"Pena, Jones and Sanchez",Vendor payout,approved
TXN-101350,BATCH-1054,REF-647818,2026-01-25,1919.3,USD,"Davis, Kim and Ingram",Vendor payout,approved
TXN-101351,BATCH-1054,REF-981637,2026-03-04,9551.29,EUR,Anderson Inc,Vendor payout,approved
TXN-101352,BATCH-1054,REF-189325,2026-01-15,10621.72,GBP,Best Inc,Vendor payout,approved
TXN-101353,BATCH-1054,REF-298800,2026-02-17,8337.67,GBP,Ingram PLC,Vendor payout,approved
TXN-101354,BATCH-1054,REF-248925,2026-03-26,7075.16,EUR,Smith-Gaines,Vendor payout,approved
TXN-101355,BATCH-1054,REF-265245,2026-01-27,186.34,GBP,"Wilson, Robertson and Gonzalez",Vendor payout,approved
TXN-101356,BATCH-1054,REF-670811,2026-04-13,2684.72,USD,Dickson-Padilla,Vendor payout,approved
TXN-101357,BATCH-1054,REF-896871,2026-01-16,11741.84,GBP,"Miller, Anderson and Padilla",Vendor payout,approved
TXN-101358,BATCH-1054,REF-302859,2026-01-19,1852.75,USD,"Yu, Nguyen and Wood",Vendor payout,approved
TXN-101359,BATCH-1054,REF-909375,2026-02-14,2730.7,EUR,Perez-Neal,Vendor payout,approved
TXN-101360,BATCH-1054,REF-847263,2026-03-29,23625.79,GBP,Wagner Ltd,Vendor payout,approved
TXN-101361,BATCH-1054,REF-152500,2026-02-23,17339.65,EUR,Jenkins-Henderson,Vendor payout,approved
TXN-101362,BATCH-1054,REF-687753,2026-02-14,12610.39,USD,"Kennedy, Lopez and Norton",Vendor payout,approved
TXN-101363,BATCH-1054,REF-522491,2026-03-15,15013.07,USD,"Rodriguez, Sutton and Santiago",Vendor payout,approved
TXN-101364,BATCH-1054,REF-482590,2026-02-24,17324.52,GBP,Lewis-Robinson,Vendor payout,approved
TXN-101365,BATCH-1054,REF-418970,2026-01-12,544.26,EUR,"Luna, Morris and Gill",Vendor payout,approved
TXN-101366,BATCH-1054,REF-787294,2026-04-19,24709.09,EUR,Dickson-Gutierrez,Vendor payout,approved
TXN-101367,BATCH-1054,REF-424767,2026-04-14,13038.0,GBP,"Malone, Bell and Bryant",Vendor payout,approved
TXN-101368,BATCH-1054,REF-375263,2026-04-29,15550.4,USD,"Luna, Morris and Gill",Vendor payout,approved
TXN-101369,BATCH-1054,REF-917689,2026-02-08,13009.82,EUR,"Roberts, Frazier and Smith",Vendor payout,approved
TXN-101370,BATCH-1054,REF-742643,2026-01-02,17029.99,USD,Brown and Sons,Vendor payout,approved
TXN-101371,BATCH-1054,REF-863859,2026-04-07,18342.83,EUR,Peters-Ward,Vendor payout,approved
TXN-101372,BATCH-1054,REF-192045,2026-01-04,13630.05,GBP,Robinson Group,Vendor payout,approved
TXN-101373,BATCH-1054,REF-956710,2026-02-20,11202.47,EUR,White Group,Vendor payout,approved
TXN-101374,BATCH-1054,REF-732565,2026-02-11,12019.8,USD,Perez-Neal,Vendor payout,approved
TXN-101375,BATCH-1055,REF-678222,2026-03-03,2756.28,EUR,Harvey Inc,Vendor payout,approved
TXN-101376,BATCH-1055,REF-783134,2026-04-22,13151.41,USD,Nguyen-White,Vendor payout,approved
TXN-101377,BATCH-1055,REF-229489,2026-01-03,19354.19,GBP,Lopez-Stout,Vendor payout,approved
TXN-101378,BATCH-1055,REF-992319,2026-01-30,3752.14,USD,White-Wilson,Vendor payout,approved
TXN-101379,BATCH-1055,REF-372170,2026-01-18,22619.85,GBP,Best Inc,Vendor payout,approved
TXN-101380,BATCH-1055,REF-152113,2026-02-02,22534.75,GBP,Garcia and Sons,Vendor payout,approved
TXN-101381,BATCH-1055,REF-639086,2026-02-15,22410.68,GBP,Gonzalez Inc,Vendor payout,approved
TXN-101382,BATCH-1055,REF-261750,2026-01-31,20751.01,GBP,Davis PLC,Vendor payout,approved
TXN-101383,BATCH-1055,REF-355700,2026-02-08,16430.76,GBP,Davis Group,Vendor payout,approved
TXN-101384,BATCH-1055,REF-580127,2026-01-07,10037.3,USD,"Garza, Barker and Maddox",Vendor payout,approved
TXN-101385,BATCH-1055,REF-689538,2026-01-31,6759.29,EUR,Dickson-Padilla,Vendor payout,approved
TXN-101386,BATCH-1055,REF-167874,2026-04-24,7808.51,EUR,Hunt-Whitney,Vendor payout,approved
TXN-101387,BATCH-1055,REF-274975,2026-02-05,16429.09,GBP,Peters-Ward,Vendor payout,approved
TXN-101388,BATCH-1055,REF-809778,2026-04-02,5605.53,USD,Griffin Inc,Vendor payout,approved
TXN-101389,BATCH-1055,REF-575797,2026-03-30,7833.8,GBP,Jones Group,Vendor payout,approved
TXN-101390,BATCH-1055,REF-598731,2026-04-17,21150.26,GBP,Washington-West,Vendor payout,approved
TXN-101391,BATCH-1055,REF-698757,2026-02-24,9821.57,USD,"Pena, Jones and Sanchez",Vendor payout,approved
TXN-101392,BATCH-1055,REF-960764,2026-01-19,18034.56,GBP,Stone and Sons,Vendor payout,approved
TXN-101393,BATCH-1055,REF-259649,2026-03-25,21258.97,USD,"Garcia, Mercado and West",Vendor payout,approved
TXN-101394,BATCH-1055,REF-589221,2026-02-18,9061.25,EUR,Fletcher-Pruitt,Vendor payout,approved
TXN-101395,BATCH-1055,REF-784902,2026-03-29,5644.97,USD,"Bates, Diaz and Lowe",Vendor payout,approved
TXN-101396,BATCH-1055,REF-982746,2026-01-15,5360.4,USD,Jones-Fuentes,Vendor payout,approved
TXN-101397,BATCH-1055,REF-607559,2026-04-10,5465.33,EUR,Perez-Neal,Vendor payout,approved
TXN-101398,BATCH-1055,REF-110855,2026-01-07,1435.58,EUR,Washington-West,Vendor payout,approved
TXN-101399,BATCH-1055,REF-898210,2026-02-27,14871.27,GBP,Smith-Gaines,Vendor payout,approved
TXN-101400,BATCH-1056,REF-355419,2026-01-10,13554.05,USD,Mckinney-Cooper,Vendor payout,approved
TXN-101401,BATCH-1056,REF-934765,2026-02-16,13397.04,GBP,Silva-Green,Vendor payout,approved
TXN-101402,BATCH-1056,REF-874142,2026-02-01,16221.61,GBP,Webster and Sons,Vendor payout,approved
TXN-101403,BATCH-1056,REF-219684,2026-02-28,19519.07,EUR,"Garza, Barker and Maddox",Vendor payout,approved
TXN-101404,BATCH-1056,REF-377695,2026-03-21,22056.76,GBP,Cochran Inc,Vendor payout,approved
TXN-101405,BATCH-1056,REF-891935,2026-03-30,5927.28,EUR,"Miller, Anderson and Padilla",Vendor payout,approved
TXN-101406,BATCH-1056,REF-618435,2026-02-16,13608.97,USD,Brown-Huynh,Vendor payout,approved
TXN-101407,BATCH-1056,REF-618247,2026-01-23,7565.6,EUR,"Rodriguez, Evans and Patterson",Vendor payout,approved
TXN-101408,BATCH-1056,REF-541972,2026-04-05,2839.55,EUR,"Bryant, Harrison and Carter",Vendor payout,approved
TXN-101409,BATCH-1056,REF-610049,2026-01-29,99.67,EUR,Morris Inc,Vendor payout,approved
TXN-101410,BATCH-1056,REF-727373,2026-02-12,12076.79,USD,Arnold-Beck,Vendor payout,approved
TXN-101411,BATCH-1056,REF-830357,2026-02-27,535.05,GBP,Davenport PLC,Vendor payout,approved
TXN-101412,BATCH-1056,REF-230273,2026-03-04,7910.2,USD,Kelly-Murphy,Vendor payout,approved
TXN-101413,BATCH-1056,REF-198690,2026-04-17,2390.45,EUR,Walters PLC,Vendor payout,approved
TXN-101414,BATCH-1056,REF-823246,2026-04-20,2239.78,USD,"Graham, Ferguson and Hill",Vendor payout,approved
TXN-101415,BATCH-1056,REF-816458,2026-04-12,24777.93,EUR,Wade PLC,Vendor payout,approved
TXN-101416,BATCH-1056,REF-731296,2026-03-30,18863.97,USD,Newman-Thomas,Vendor payout,approved
TXN-101417,BATCH-1056,REF-762823,2026-03-19,3849.89,EUR,Hunt PLC,Vendor payout,approved
TXN-101418,BATCH-1056,REF-211457,2026-04-26,20805.98,EUR,Dickson Inc,Vendor payout,approved
TXN-101419,BATCH-1056,REF-328199,2026-02-19,7975.52,USD,Davis PLC,Vendor payout,approved
TXN-101420,BATCH-1056,REF-740972,2026-04-06,22868.79,USD,Roberts Group,Vendor payout,approved
TXN-101421,BATCH-1056,REF-601449,2026-01-04,4822.93,EUR,"Hernandez, Hill and Hull",Vendor payout,approved
TXN-101422,BATCH-1056,REF-930380,2026-04-23,2374.09,GBP,Simmons-Green,Vendor payout,approved
TXN-101423,BATCH-1056,REF-679597,2026-04-08,7272.48,USD,"Thompson, Cooper and Young",Vendor payout,approved
TXN-101424,BATCH-1056,REF-108456,2026-02-05,16442.82,EUR,"Payne, Wall and Hernandez",Vendor payout,approved
TXN-101425,BATCH-1057,REF-964710,2026-03-07,24753.2,GBP,Nguyen-White,Vendor payout,approved
TXN-101426,BATCH-1057,REF-281685,2026-03-18,10833.74,GBP,Best Inc,Vendor payout,approved
TXN-101427,BATCH-1057,REF-102307,2026-02-07,3192.24,GBP,Schneider Ltd,Vendor payout,approved
TXN-101428,BATCH-1057,REF-557367,2026-02-18,9288.9,GBP,"Graham, Ferguson and Hill",Vendor payout,approved
TXN-101429,BATCH-1057,REF-961082,2026-02-13,545.07,EUR,Walter Inc,Vendor payout,approved
TXN-101430,BATCH-1057,REF-444076,2026-02-21,8084.83,USD,Allen Ltd,Vendor payout,approved
TXN-101431,BATCH-1057,REF-495618,2026-03-27,24649.23,GBP,"Kennedy, Lopez and Norton",Vendor payout,approved
TXN-101432,BATCH-1057,REF-561703,2026-03-21,14616.45,USD,"Hansen, Herrera and Taylor",Vendor payout,approved
TXN-101433,BATCH-1057,REF-863333,2026-03-11,26.29,EUR,"Hernandez, Greer and Jackson",Vendor payout,approved
TXN-101434,BATCH-1057,REF-391754,2026-04-24,14397.7,EUR,Li-Jones,Vendor payout,approved
TXN-101435,BATCH-1057,REF-275970,2026-03-17,1825.72,GBP,Wilson Group,Vendor payout,approved
TXN-101436,BATCH-1057,REF-174810,2026-04-12,21866.75,EUR,Hickman-Walter,Vendor payout,approved
TXN-101437,BATCH-1057,REF-675952,2026-02-26,567.85,USD,Roberts LLC,Vendor payout,approved
TXN-101438,BATCH-1057,REF-443458,2026-02-19,18980.69,USD,"Ramirez, Hernandez and Fox",Vendor payout,approved
TXN-101439,BATCH-1057,REF-257851,2026-03-28,5834.91,GBP,"Chavez, Davis and Walton",Vendor payout,approved
TXN-101440,BATCH-1057,REF-533561,2026-03-28,11538.08,EUR,Anderson-Parks,Vendor payout,approved
TXN-101441,BATCH-1057,REF-450520,2026-04-02,16260.33,EUR,"Ward, Garcia and Henry",Vendor payout,approved
TXN-101442,BATCH-1057,REF-589942,2026-02-23,21806.18,USD,Webster and Sons,Vendor payout,approved
TXN-101443,BATCH-1057,REF-528910,2026-04-12,14285.11,EUR,Thomas PLC,Vendor payout,approved
TXN-101444,BATCH-1057,REF-816741,2026-03-22,23538.63,EUR,King LLC,Vendor payout,approved
TXN-101445,BATCH-1057,REF-325482,2026-03-06,2191.92,USD,Washington-West,Vendor payout,approved
TXN-101446,BATCH-1057,REF-519320,2026-02-22,7034.59,EUR,"Clarke, Johnson and Watson",Vendor payout,approved
TXN-101447,BATCH-1057,REF-342805,2026-03-30,6923.75,USD,Gray PLC,Vendor payout,approved
TXN-101448,BATCH-1057,REF-326787,2026-01-09,1700.46,USD,Beard-Cooper,Vendor payout,approved
TXN-101449,BATCH-1057,REF-297108,2026-01-01,7498.33,EUR,"Hernandez, Wade and Rodriguez",Vendor payout,approved
TXN-101450,BATCH-1058,REF-313443,2026-01-12,11989.67,USD,Walter Inc,Vendor payout,approved
TXN-101451,BATCH-1058,REF-677112,2026-03-04,15951.44,GBP,Peterson LLC,Vendor payout,approved
TXN-101452,BATCH-1058,REF-664172,2026-01-28,9435.33,EUR,Dickson Inc,Vendor payout,approved
TXN-101453,BATCH-1058,REF-264611,2026-02-09,4747.24,USD,Anderson-Parks,Vendor payout,approved
TXN-101454,BATCH-1058,REF-521084,2026-04-03,2289.68,USD,"Thompson, Cooper and Young",Vendor payout,approved
TXN-101455,BATCH-1058,REF-149757,2026-04-25,11037.75,USD,Cobb Group,Vendor payout,approved
TXN-101456,BATCH-1058,REF-685484,2026-04-11,8155.27,EUR,Barrera Group,Vendor payout,approved
TXN-101457,BATCH-1058,REF-499020,2026-03-24,597.12,USD,"Rodriguez, Evans and Patterson",Vendor payout,approved
TXN-101458,BATCH-1058,REF-769029,2026-04-29,15829.67,EUR,Morgan-Mckinney,Vendor payout,approved
TXN-101459,BATCH-1058,REF-938496,2026-03-26,8647.94,USD,"Cox, Fernandez and Baker",Vendor payout,approved
TXN-101460,BATCH-1058,REF-745592,2026-02-13,22823.9,EUR,Walters LLC,Vendor payout,approved
TXN-101461,BATCH-1058,REF-116709,2026-02-21,17669.76,USD,"Drake, Torres and Murray",Vendor payout,approved
TXN-101462,BATCH-1058,REF-187484,2026-02-02,1065.41,GBP,Hughes Inc,Vendor payout,approved
TXN-101463,BATCH-1058,REF-633367,2026-03-09,5533.43,GBP,Randolph and Sons,Vendor payout,approved
TXN-101464,BATCH-1058,REF-500755,2026-03-13,22120.9,USD,Maxwell-Shepherd,Vendor payout,approved
TXN-101465,BATCH-1058,REF-357836,2026-04-04,21424.53,GBP,"Fox, Hernandez and Ryan",Vendor payout,approved
TXN-101466,BATCH-1058,REF-197492,2026-04-23,3225.44,USD,Robinson Group,Vendor payout,approved
TXN-101467,BATCH-1058,REF-792929,2026-03-30,20871.96,EUR,Wagner Ltd,Vendor payout,approved
TXN-101468,BATCH-1058,REF-459502,2026-03-07,5261.47,EUR,"Liu, Parsons and Delacruz",Vendor payout,approved
TXN-101469,BATCH-1058,REF-441263,2026-03-15,12003.76,EUR,Robbins LLC,Vendor payout,approved
TXN-101470,BATCH-1058,REF-767013,2026-04-01,24135.06,USD,Cooper Ltd,Vendor payout,approved
TXN-101471,BATCH-1058,REF-433754,2026-04-11,6723.82,EUR,Morgan-Mckinney,Vendor payout,approved
TXN-101472,BATCH-1058,REF-975634,2026-01-08,8790.29,GBP,"Short, Moore and Douglas",Vendor payout,approved
TXN-101473,BATCH-1058,REF-500105,2026-03-03,7650.11,GBP,Schneider Ltd,Vendor payout,approved
TXN-101474,BATCH-1058,REF-329820,2026-04-22,13849.88,USD,"Rogers, Anderson and Campos",Vendor payout,approved
TXN-101475,BATCH-1059,REF-997363,2026-03-04,22315.09,USD,"Moss, Atkins and Daniels",Vendor payout,approved
TXN-101476,BATCH-1059,REF-656495,2026-04-01,2699.46,GBP,Smith Ltd,Vendor payout,approved
TXN-101477,BATCH-1059,REF-456708,2026-02-28,13938.14,USD,Arroyo-Pope,Vendor payout,approved
TXN-101478,BATCH-1059,REF-603838,2026-04-17,11159.13,GBP,Hughes Inc,Vendor payout,approved
TXN-101479,BATCH-1059,REF-804836,2026-01-27,15110.28,USD,"Taylor, Zavala and Bates",Vendor payout,approved
TXN-101480,BATCH-1059,REF-860515,2026-02-08,12048.18,EUR,"Martinez, Joseph and Simmons",Vendor payout,approved
TXN-101481,BATCH-1059,REF-524584,2026-03-04,20755.96,EUR,Johnson Inc,Vendor payout,approved
TXN-101482,BATCH-1059,REF-795428,2026-01-31,19168.33,GBP,"Hayes, Luna and Miller",Vendor payout,approved
TXN-101483,BATCH-1059,REF-199856,2026-02-09,6777.33,GBP,"Salinas, Barnes and Cooper",Vendor payout,approved
TXN-101484,BATCH-1059,REF-611494,2026-04-17,12162.46,GBP,Church Inc,Vendor payout,approved
TXN-101485,BATCH-1059,REF-206705,2026-03-01,11114.89,EUR,Li-Jones,Vendor payout,approved
TXN-101486,BATCH-1059,REF-397167,2026-03-05,24867.48,GBP,"Ramirez, Hernandez and Fox",Vendor payout,approved
TXN-101487,BATCH-1059,REF-501832,2026-05-01,18955.51,EUR,Hamilton-Bautista,Vendor payout,approved
TXN-101488,BATCH-1059,REF-918511,2026-04-14,2768.3,EUR,Gomez-Cardenas,Vendor payout,approved
TXN-101489,BATCH-1059,REF-612805,2026-01-06,17588.19,GBP,Lewis-Robinson,Vendor payout,approved
TXN-101490,BATCH-1059,REF-616422,2026-01-22,1202.03,EUR,Newman-Thomas,Vendor payout,approved
TXN-101491,BATCH-1059,REF-154053,2026-03-27,4920.53,GBP,Price PLC,Vendor payout,approved
TXN-101492,BATCH-1059,REF-720020,2026-04-14,5951.18,GBP,Bowers Ltd,Vendor payout,approved
TXN-101493,BATCH-1059,REF-213461,2026-01-11,8073.73,USD,"Lewis, Joyce and Robertson",Vendor payout,approved
TXN-101494,BATCH-1059,REF-492990,2026-01-24,9454.12,EUR,Wright Group,Vendor payout,approved
TXN-101495,BATCH-1059,REF-679460,2026-01-27,17186.56,USD,Welch-Peck,Vendor payout,approved
TXN-101496,BATCH-1059,REF-178119,2026-01-04,9565.5,USD,Erickson and Sons,Vendor payout,approved
TXN-101497,BATCH-1059,REF-606362,2026-03-01,12716.25,EUR,"Garcia, Mercado and West",Vendor payout,approved
TXN-101498,BATCH-1059,REF-536245,2026-03-23,16363.79,GBP,"Owen, Gibson and Johnson",Vendor payout,approved
TXN-101499,BATCH-1059,REF-520065,2026-04-12,9693.39,EUR,Harvey Inc,Vendor payout,approved
TXN-101500,BATCH-1060,REF-452628,2026-01-17,16138.19,USD,Davis-Mitchell,Vendor payout,approved
TXN-101501,BATCH-1060,REF-223591,2026-01-23,23863.25,EUR,Jones-Graham,Vendor payout,approved
TXN-101502,BATCH-1060,REF-931171,2026-02-16,13771.31,GBP,Reed PLC,Vendor payout,approved
TXN-101503,BATCH-1060,REF-426629,2026-03-03,11229.65,EUR,White Group,Vendor payout,approved
TXN-101504,BATCH-1060,REF-638157,2026-02-17,4755.22,GBP,"Davis, Kim and Ingram",Vendor payout,approved
TXN-101505,BATCH-1060,REF-159751,2026-02-27,840.64,EUR,Colon Group,Vendor payout,approved
TXN-101506,BATCH-1060,REF-684426,2026-04-07,9644.99,EUR,"Miller, Anderson and Padilla",Vendor payout,approved
TXN-101507,BATCH-1060,REF-347814,2026-04-08,21072.89,GBP,Bowers Ltd,Vendor payout,approved
TXN-101508,BATCH-1060,REF-394551,2026-03-11,2929.85,USD,Church Inc,Vendor payout,approved
TXN-101509,BATCH-1060,REF-477360,2026-04-25,12104.13,EUR,"Clarke, Johnson and Watson",Vendor payout,approved
TXN-101510,BATCH-1060,REF-692733,2026-03-07,10472.73,EUR,Schneider Ltd,Vendor payout,approved
TXN-101511,BATCH-1060,REF-983793,2026-01-02,13222.41,EUR,"Payne, Wall and Hernandez",Vendor payout,approved
TXN-101512,BATCH-1060,REF-893634,2026-01-06,10989.85,EUR,"Williams, Oneill and Torres",Vendor payout,approved
TXN-101513,BATCH-1060,REF-726077,2026-03-12,24709.19,USD,Allen and Sons,Vendor payout,approved
TXN-101514,BATCH-1060,REF-989364,2026-04-17,588.38,EUR,Peters-Ward,Vendor payout,approved
TXN-101515,BATCH-1060,REF-460326,2026-03-06,14979.67,USD,Ramsey-Caldwell,Vendor payout,approved
TXN-101516,BATCH-1060,REF-110282,2026-04-11,24047.12,GBP,Lawrence-Lee,Vendor payout,approved
TXN-101517,BATCH-1060,REF-768510,2026-03-09,12004.79,EUR,"Walker, Garcia and Mcguire",Vendor payout,approved
TXN-101518,BATCH-1060,REF-238116,2026-03-26,23064.53,GBP,Young-Hudson,Vendor payout,approved
TXN-101519,BATCH-1060,REF-798910,2026-04-28,4362.69,USD,Davis PLC,Vendor payout,approved
TXN-101520,BATCH-1060,REF-122232,2026-01-20,7822.68,GBP,Rose-Gonzales,Vendor payout,approved
TXN-101521,BATCH-1060,REF-382130,2026-01-08,15497.36,GBP,Smith and Sons,Vendor payout,approved
TXN-101522,BATCH-1060,REF-870645,2026-02-07,1408.67,GBP,"Wilson, Robertson and Gonzalez",Vendor payout,approved
TXN-101523,BATCH-1060,REF-260986,2026-03-18,21614.1,EUR,Hays-Dalton,Vendor payout,approved
TXN-101524,BATCH-1060,REF-747417,2026-01-04,15242.38,EUR,Reeves Ltd,Vendor payout,approved
TXN-101525,BATCH-1061,REF-457004,2026-03-16,14394.34,USD,Gonzalez-Mcdaniel,Vendor payout,approved
TXN-101526,BATCH-1061,REF-581810,2026-04-17,24340.55,EUR,Charles-Butler,Vendor payout,approved
TXN-101527,BATCH-1061,REF-173494,2026-03-30,12940.36,GBP,Lane-Hines,Vendor payout,approved
TXN-101528,BATCH-1061,REF-584903,2026-03-21,4958.89,EUR,Wilson Ltd,Vendor payout,approved
TXN-101529,BATCH-1061,REF-659877,2026-04-29,19078.41,USD,Arellano-Whitaker,Vendor payout,approved
TXN-101530,BATCH-1061,REF-500496,2026-02-21,10394.61,EUR,Schneider Ltd,Vendor payout,approved
TXN-101531,BATCH-1061,REF-205125,2026-04-27,17952.86,EUR,"Pena, Jones and Sanchez",Vendor payout,approved
TXN-101532,BATCH-1061,REF-168970,2026-03-23,10542.08,USD,Price PLC,Vendor payout,approved
TXN-101533,BATCH-1061,REF-827228,2026-04-27,15421.01,GBP,Kirk-Henson,Vendor payout,approved
TXN-101534,BATCH-1061,REF-312643,2026-04-03,10082.03,USD,Allen Group,Vendor payout,approved
TXN-101535,BATCH-1061,REF-372428,2026-02-10,6254.25,GBP,"Martinez, Joseph and Simmons",Vendor payout,approved
TXN-101536,BATCH-1061,REF-342428,2026-02-09,23653.58,USD,Lopez-Stout,Vendor payout,approved
TXN-101537,BATCH-1061,REF-332065,2026-04-25,6221.8,GBP,"Evans, Conway and Hall",Vendor payout,approved
TXN-101538,BATCH-1061,REF-764315,2026-01-03,3834.36,EUR,Kim Group,Vendor payout,approved
TXN-101539,BATCH-1061,REF-194135,2026-04-01,8183.17,USD,"Salinas, Barnes and Cooper",Vendor payout,approved
TXN-101540,BATCH-1061,REF-952505,2026-02-17,7656.07,USD,Mata Inc,Vendor payout,approved
TXN-101541,BATCH-1061,REF-366263,2026-03-20,17894.53,USD,Newman-Thomas,Vendor payout,approved
TXN-101542,BATCH-1061,REF-980694,2026-01-03,24517.02,EUR,Brown and Sons,Vendor payout,approved
TXN-101543,BATCH-1061,REF-429664,2026-01-08,7833.7,EUR,Smith Ltd,Vendor payout,approved
TXN-101544,BATCH-1061,REF-146275,2026-01-14,18635.44,GBP,"Bates, Diaz and Lowe",Vendor payout,approved
TXN-101545,BATCH-1061,REF-354880,2026-02-19,980.67,EUR,Davenport PLC,Vendor payout,approved
TXN-101546,BATCH-1061,REF-895516,2026-03-10,8368.43,EUR,Gardner Inc,Vendor payout,approved
TXN-101547,BATCH-1061,REF-118604,2026-02-06,11466.08,EUR,Dickson-Gutierrez,Vendor payout,approved
TXN-101548,BATCH-1061,REF-531652,2026-01-27,8683.32,EUR,Hunter-Nicholson,Vendor payout,approved
TXN-101549,BATCH-1061,REF-147640,2026-02-25,2122.93,EUR,Beard-Cooper,Vendor payout,approved
TXN-101550,BATCH-1062,REF-654965,2026-02-14,431.03,USD,Thompson-Campbell,Vendor payout,approved
TXN-101551,BATCH-1062,REF-489206,2026-01-14,2728.93,USD,Kirk-Henson,Vendor payout,approved
TXN-101552,BATCH-1062,REF-854892,2026-04-06,14756.6,USD,"Owens, Peters and White",Vendor payout,approved
TXN-101553,BATCH-1062,REF-651710,2026-02-01,5383.51,USD,"Molina, Wells and Bright",Vendor payout,approved
TXN-101554,BATCH-1062,REF-506308,2026-04-07,7869.45,EUR,"Howard, Russo and Smith",Vendor payout,approved
TXN-101555,BATCH-1062,REF-235936,2026-01-05,129.33,USD,"Martinez, Henderson and Osborne",Vendor payout,approved
TXN-101556,BATCH-1062,REF-631461,2026-04-09,23077.62,GBP,Erickson and Sons,Vendor payout,approved
TXN-101557,BATCH-1062,REF-186924,2026-02-23,14602.99,EUR,Maxwell-Shepherd,Vendor payout,approved
TXN-101558,BATCH-1062,REF-583906,2026-04-22,4805.04,USD,Brown and Sons,Vendor payout,approved
TXN-101559,BATCH-1062,REF-106712,2026-02-22,15116.96,USD,Brown Ltd,Vendor payout,approved
TXN-101560,BATCH-1062,REF-418529,2026-04-24,23911.42,GBP,"Dorsey, Patterson and Harrison",Vendor payout,approved
TXN-101561,BATCH-1062,REF-110179,2026-02-09,23598.11,GBP,Hawkins-Saunders,Vendor payout,approved
TXN-101562,BATCH-1062,REF-410286,2026-01-13,19814.81,EUR,Allen-Taylor,Vendor payout,approved
TXN-101563,BATCH-1062,REF-380734,2026-04-03,15001.1,USD,Allen-Taylor,Vendor payout,approved
TXN-101564,BATCH-1062,REF-294848,2026-01-12,18701.15,GBP,"Jackson, Romero and Mendez",Vendor payout,approved
TXN-101565,BATCH-1062,REF-128062,2026-01-11,6054.86,GBP,Hamilton-Bautista,Vendor payout,approved
TXN-101566,BATCH-1062,REF-912538,2026-02-18,11610.38,EUR,Roberts Group,Vendor payout,approved
TXN-101567,BATCH-1062,REF-609908,2026-02-26,19953.36,USD,"Chavez, Davis and Walton",Vendor payout,approved
TXN-101568,BATCH-1062,REF-124773,2026-03-20,20807.88,USD,"Yu, Nguyen and Wood",Vendor payout,approved
TXN-101569,BATCH-1062,REF-269616,2026-05-01,24623.55,EUR,Dudley Ltd,Vendor payout,approved
TXN-101570,BATCH-1062,REF-854283,2026-01-28,9633.55,EUR,Mitchell-Byrd,Vendor payout,approved
TXN-101571,BATCH-1062,REF-882498,2026-04-12,17948.48,USD,Lopez-Stout,Vendor payout,approved
TXN-101572,BATCH-1062,REF-310510,2026-03-15,17539.85,USD,Vincent-Mcclure,Vendor payout,approved
TXN-101573,BATCH-1062,REF-242865,2026-02-19,15197.94,USD,Phillips-Wyatt,Vendor payout,approved
TXN-101574,BATCH-1062,REF-609605,2026-02-16,16573.98,GBP,Thompson-Washington,Vendor payout,approved
TXN-101575,BATCH-1063,REF-125012,2026-02-12,15118.31,GBP,Nguyen-White,Vendor payout,approved
TXN-101576,BATCH-1063,REF-883270,2026-04-09,4833.35,EUR,Kim Group,Vendor payout,approved
TXN-101577,BATCH-1063,REF-524546,2026-04-20,19109.95,GBP,Roberts Group,Vendor payout,approved
TXN-101578,BATCH-1063,REF-859839,2026-02-10,15712.54,EUR,Howard-Mcdonald,Vendor payout,approved
TXN-101579,BATCH-1063,REF-130467,2026-04-17,1601.68,GBP,Orozco Ltd,Vendor payout,approved
TXN-101580,BATCH-1063,REF-336273,2026-01-19,10877.77,USD,Jenkins-Henderson,Vendor payout,approved
TXN-101581,BATCH-1063,REF-986738,2026-02-11,11540.86,EUR,"George, Lewis and Mitchell",Vendor payout,approved
TXN-101582,BATCH-1063,REF-921196,2026-02-09,12694.71,USD,"Howard, Lynch and Morris",Vendor payout,approved
TXN-101583,BATCH-1063,REF-602172,2026-03-09,17472.55,USD,"Berry, Rios and Marshall",Vendor payout,approved
TXN-101584,BATCH-1063,REF-299503,2026-01-19,9896.86,USD,"Ramirez, Hernandez and Fox",Vendor payout,approved
TXN-101585,BATCH-1063,REF-463076,2026-04-08,24419.23,GBP,Brady-Ford,Vendor payout,approved
TXN-101586,BATCH-1063,REF-585507,2026-03-25,3731.73,EUR,"Garner, Lawson and Richard",Vendor payout,approved
TXN-101587,BATCH-1063,REF-274198,2026-03-15,826.03,GBP,"Brown, Middleton and Williams",Vendor payout,approved
TXN-101588,BATCH-1063,REF-404724,2026-04-08,5757.46,EUR,"Howell, Hart and Swanson",Vendor payout,approved
TXN-101589,BATCH-1063,REF-319509,2026-04-08,12264.17,GBP,"Fleming, King and Herring",Vendor payout,approved
TXN-101590,BATCH-1063,REF-550126,2026-01-17,17223.67,EUR,"Hernandez, Wade and Rodriguez",Vendor payout,approved
TXN-101591,BATCH-1063,REF-959071,2026-04-23,16749.9,GBP,Roberts LLC,Vendor payout,approved
TXN-101592,BATCH-1063,REF-685264,2026-04-18,3121.1,EUR,Pennington PLC,Vendor payout,approved
TXN-101593,BATCH-1063,REF-404244,2026-02-06,132.0,GBP,Prince-Martinez,Vendor payout,approved
TXN-101594,BATCH-1063,REF-700986,2026-03-20,176.63,USD,Lewis-Robinson,Vendor payout,approved
TXN-101595,BATCH-1063,REF-779395,2026-02-28,8126.32,GBP,King-George,Vendor payout,approved
TXN-101596,BATCH-1063,REF-221437,2026-01-12,14905.46,USD,Kelly-Murphy,Vendor payout,approved
TXN-101597,BATCH-1063,REF-476170,2026-04-27,24235.01,USD,Howard LLC,Vendor payout,approved
TXN-101598,BATCH-1063,REF-289841,2026-03-18,23991.62,EUR,"Snow, Rodgers and Miller",Vendor payout,approved
TXN-101599,BATCH-1063,REF-563629,2026-01-19,18970.94,EUR,Park-Daniels,Vendor payout,approved
TXN-101600,BATCH-1064,REF-221934,2026-01-24,21957.91,GBP,Schneider Ltd,Vendor payout,approved
TXN-101601,BATCH-1064,REF-210968,2026-02-19,200.64,EUR,Robbins LLC,Vendor payout,approved
TXN-101602,BATCH-1064,REF-809633,2026-03-08,22811.32,USD,Brown LLC,Vendor payout,approved
TXN-101603,BATCH-1064,REF-696087,2026-04-02,9913.24,USD,Flynn-Matthews,Vendor payout,approved
TXN-101604,BATCH-1064,REF-709778,2026-02-21,6945.67,USD,"Hernandez, Hill and Hull",Vendor payout,approved
TXN-101605,BATCH-1064,REF-740914,2026-01-27,6255.9,GBP,Hickman-Walter,Vendor payout,approved
TXN-101606,BATCH-1064,REF-496798,2026-01-10,8263.4,GBP,Mccoy Ltd,Vendor payout,approved
TXN-101607,BATCH-1064,REF-819409,2026-04-23,11655.65,EUR,Smith-Abbott,Vendor payout,approved
TXN-101608,BATCH-1064,REF-733355,2026-03-17,22607.14,EUR,"Mooney, Black and Roach",Vendor payout,approved
TXN-101609,BATCH-1064,REF-375232,2026-01-20,20226.33,EUR,"Shaw, Baker and Scott",Vendor payout,approved
TXN-101610,BATCH-1064,REF-256024,2026-01-06,7866.23,EUR,"Hernandez, Hill and Hull",Vendor payout,approved
TXN-101611,BATCH-1064,REF-254638,2026-03-23,13786.53,USD,Leach-Walker,Vendor payout,approved
TXN-101612,BATCH-1064,REF-684536,2026-02-23,9132.83,EUR,"Rodriguez, Sutton and Santiago",Vendor payout,approved
TXN-101613,BATCH-1064,REF-665112,2026-04-09,190.26,EUR,"Salinas, Barnes and Cooper",Vendor payout,approved
TXN-101614,BATCH-1064,REF-495344,2026-03-14,17364.67,USD,Smith-Gaines,Vendor payout,approved
TXN-101615,BATCH-1064,REF-774564,2026-02-25,10025.27,EUR,"Bates, Diaz and Lowe",Vendor payout,approved
TXN-101616,BATCH-1064,REF-177474,2026-04-04,22811.3,EUR,Jones-Taylor,Vendor payout,approved
TXN-101617,BATCH-1064,REF-281756,2026-01-21,5627.67,EUR,White Group,Vendor payout,approved
TXN-101618,BATCH-1064,REF-566516,2026-04-24,12287.61,GBP,Wilson Group,Vendor payout,approved
TXN-101619,BATCH-1064,REF-707744,2026-03-06,10413.53,EUR,Johnson-Ruiz,Vendor payout,approved
TXN-101620,BATCH-1064,REF-583427,2026-02-16,22922.48,EUR,"Curry, Wolfe and Ramirez",Vendor payout,approved
TXN-101621,BATCH-1064,REF-249190,2026-01-12,11715.87,USD,Perez-Neal,Vendor payout,approved
TXN-101622,BATCH-1064,REF-558801,2026-01-16,17693.41,EUR,"Rollins, Charles and Black",Vendor payout,approved
TXN-101623,BATCH-1064,REF-167217,2026-03-23,24236.12,GBP,Shaw-Stuart,Vendor payout,approved
TXN-101624,BATCH-1064,REF-189758,2026-03-19,19800.29,USD,Young-Hudson,Vendor payout,approved
TXN-101625,BATCH-1065,REF-967183,2026-03-02,16230.38,GBP,Nguyen-White,Vendor payout,approved
TXN-101626,BATCH-1065,REF-968931,2026-04-29,24361.78,USD,Thomas PLC,Vendor payout,approved
TXN-101627,BATCH-1065,REF-815839,2026-04-01,4107.72,GBP,Nguyen-Roberts,Vendor payout,approved
TXN-101628,BATCH-1065,REF-424253,2026-04-06,8049.25,GBP,"Hernandez, Hill and Hull",Vendor payout,approved
TXN-101629,BATCH-1065,REF-296769,2026-01-12,23530.42,GBP,Johnson-Ruiz,Vendor payout,approved
TXN-101630,BATCH-1065,REF-904070,2026-03-05,20941.13,EUR,"Curtis, Turner and Soto",Vendor payout,approved
TXN-101631,BATCH-1065,REF-279217,2026-02-21,23901.16,EUR,"Ward, Garcia and Henry",Vendor payout,approved
TXN-101632,BATCH-1065,REF-222222,2026-04-26,18422.52,USD,Li-Martinez,Vendor payout,approved
TXN-101633,BATCH-1065,REF-223505,2026-02-22,1932.44,EUR,Young-Hudson,Vendor payout,approved
TXN-101634,BATCH-1065,REF-451216,2026-01-02,15414.59,EUR,Thompson-Campbell,Vendor payout,approved
TXN-101635,BATCH-1065,REF-419865,2026-02-27,15231.03,GBP,Robbins LLC,Vendor payout,approved
TXN-101636,BATCH-1065,REF-149722,2026-03-10,11463.83,EUR,"Johnson, Phillips and Brown",Vendor payout,approved
TXN-101637,BATCH-1065,REF-573871,2026-02-03,7347.52,EUR,Fitzgerald PLC,Vendor payout,approved
TXN-101638,BATCH-1065,REF-167111,2026-03-26,4570.33,EUR,"Rogers, Anderson and Campos",Vendor payout,approved
TXN-101639,BATCH-1065,REF-521593,2026-04-13,24530.18,EUR,Griffin Inc,Vendor payout,approved
TXN-101640,BATCH-1065,REF-236877,2026-04-01,2575.9,USD,Reeves Ltd,Vendor payout,approved
TXN-101641,BATCH-1065,REF-165669,2026-01-25,21808.32,EUR,Gonzalez Inc,Vendor payout,approved
TXN-101642,BATCH-1065,REF-520835,2026-03-07,8684.25,GBP,"Davis, Kim and Ingram",Vendor payout,approved
TXN-101643,BATCH-1065,REF-743251,2026-04-17,10833.96,USD,Brady-Ford,Vendor payout,approved
TXN-101644,BATCH-1065,REF-807276,2026-04-18,6082.41,GBP,Jones Group,Vendor payout,approved
TXN-101645,BATCH-1065,REF-564009,2026-04-11,13085.78,EUR,Kennedy-Marks,Vendor payout,approved
TXN-101646,BATCH-1065,REF-183879,2026-02-26,11234.67,USD,Allen Inc,Vendor payout,approved
TXN-101647,BATCH-1065,REF-848512,2026-03-24,21472.99,EUR,Cooper PLC,Vendor payout,approved
TXN-101648,BATCH-1065,REF-843635,2026-02-09,20399.97,EUR,Hughes Inc,Vendor payout,approved
TXN-101649,BATCH-1065,REF-209325,2026-02-07,22312.02,EUR,"Bates, Diaz and Lowe",Vendor payout,approved
TXN-101650,BATCH-1066,REF-639911,2026-02-05,9518.34,USD,Davis-Mitchell,Vendor payout,approved
TXN-101651,BATCH-1066,REF-791258,2026-01-02,22952.54,EUR,Peters-Ward,Vendor payout,approved
TXN-101652,BATCH-1066,REF-853308,2026-05-01,5178.07,USD,"Hernandez, Wade and Rodriguez",Vendor payout,approved
TXN-101653,BATCH-1066,REF-674739,2026-04-25,13754.35,USD,Jimenez-Bradley,Vendor payout,approved
TXN-101654,BATCH-1066,REF-434254,2026-01-10,12287.78,GBP,Jones-Turner,Vendor payout,approved
TXN-101655,BATCH-1066,REF-780041,2026-02-11,24407.16,USD,"Curtis, Turner and Soto",Vendor payout,approved
TXN-101656,BATCH-1066,REF-948303,2026-01-19,3296.26,GBP,Johnson-Ruiz,Vendor payout,approved
TXN-101657,BATCH-1066,REF-256172,2026-02-10,12298.37,GBP,"Thompson, Cooper and Young",Vendor payout,approved
TXN-101658,BATCH-1066,REF-999933,2026-03-29,4734.11,GBP,Howard-Mcdonald,Vendor payout,approved
TXN-101659,BATCH-1066,REF-851356,2026-04-13,14407.47,USD,"Curry, Wolfe and Ramirez",Vendor payout,approved
TXN-101660,BATCH-1066,REF-108557,2026-02-22,22608.33,EUR,Church Inc,Vendor payout,approved
TXN-101661,BATCH-1066,REF-284445,2026-03-30,15030.64,GBP,"Gray, Williams and Weaver",Vendor payout,approved
TXN-101662,BATCH-1066,REF-404086,2026-01-12,12574.96,USD,Reynolds LLC,Vendor payout,approved
TXN-101663,BATCH-1066,REF-718753,2026-04-22,20616.93,USD,"Edwards, Anderson and Taylor",Vendor payout,approved
TXN-101664,BATCH-1066,REF-607776,2026-04-27,12239.18,EUR,"Adams, Rodriguez and Walker",Vendor payout,approved
TXN-101665,BATCH-1066,REF-937825,2026-02-04,19548.5,USD,"Martinez, Henderson and Osborne",Vendor payout,approved
TXN-101666,BATCH-1066,REF-337076,2026-01-20,8968.7,GBP,Jones-Turner,Vendor payout,approved
TXN-101667,BATCH-1066,REF-998524,2026-04-08,24414.43,USD,Wade PLC,Vendor payout,approved
TXN-101668,BATCH-1066,REF-823540,2026-01-28,21535.89,USD,Zimmerman Group,Vendor payout,approved
TXN-101669,BATCH-1066,REF-985396,2026-01-28,6259.94,USD,Davis-Mitchell,Vendor payout,approved
TXN-101670,BATCH-1066,REF-668054,2026-04-27,4682.94,GBP,"Martinez, Joseph and Simmons",Vendor payout,approved
TXN-101671,BATCH-1066,REF-887471,2026-04-10,22985.46,GBP,Erickson and Sons,Vendor payout,approved
TXN-101672,BATCH-1066,REF-426317,2026-03-08,10294.58,EUR,"Snow, Rodgers and Miller",Vendor payout,approved
TXN-101673,BATCH-1066,REF-563748,2026-03-15,11447.78,EUR,Silva-Green,Vendor payout,approved
TXN-101674,BATCH-1066,REF-171766,2026-04-25,17790.7,GBP,Wagner Ltd,Vendor payout,approved
TXN-101675,BATCH-1067,REF-761224,2026-04-01,19572.79,EUR,"Taylor, Zavala and Bates",Vendor payout,approved
TXN-101676,BATCH-1067,REF-819308,2026-03-22,7269.44,GBP,Jackson LLC,Vendor payout,approved
TXN-101677,BATCH-1067,REF-494691,2026-03-08,3825.89,USD,Jones Group,Vendor payout,approved
TXN-101678,BATCH-1067,REF-928368,2026-01-03,23558.97,EUR,"Shaw, Baker and Scott",Vendor payout,approved
TXN-101679,BATCH-1067,REF-955896,2026-02-05,21406.91,USD,Esparza-Carroll,Vendor payout,approved
TXN-101680,BATCH-1067,REF-290046,2026-04-14,21909.92,USD,Wong PLC,Vendor payout,approved
TXN-101681,BATCH-1067,REF-276743,2026-02-13,21122.4,USD,Moore LLC,Vendor payout,approved
TXN-101682,BATCH-1067,REF-223252,2026-03-28,14637.26,USD,Davis PLC,Vendor payout,approved
TXN-101683,BATCH-1067,REF-816269,2026-01-17,343.66,GBP,"Nelson, Bowers and Cooper",Vendor payout,approved
TXN-101684,BATCH-1067,REF-839889,2026-03-22,17478.8,EUR,Anderson-Parks,Vendor payout,approved
TXN-101685,BATCH-1067,REF-791582,2026-01-16,16469.41,GBP,Edwards-Boyd,Vendor payout,approved
TXN-101686,BATCH-1067,REF-647084,2026-03-28,20898.9,EUR,"Bates, Diaz and Lowe",Vendor payout,approved
TXN-101687,BATCH-1067,REF-163282,2026-01-31,24196.72,GBP,Banks-Savage,Vendor payout,approved
TXN-101688,BATCH-1067,REF-687736,2026-03-13,11475.82,USD,Allen Ltd,Vendor payout,approved
TXN-101689,BATCH-1067,REF-551283,2026-03-11,10313.07,USD,Rivera-Stanley,Vendor payout,approved
TXN-101690,BATCH-1067,REF-972380,2026-01-02,20731.99,USD,Bowers Ltd,Vendor payout,approved
TXN-101691,BATCH-1067,REF-639858,2026-03-15,20018.7,GBP,Thomas PLC,Vendor payout,approved
TXN-101692,BATCH-1067,REF-456844,2026-04-14,19966.12,GBP,Allen Inc,Vendor payout,approved
TXN-101693,BATCH-1067,REF-450061,2026-02-09,112.22,USD,Maxwell-Shepherd,Vendor payout,approved
TXN-101694,BATCH-1067,REF-741505,2026-01-02,23812.36,USD,Esparza-Carroll,Vendor payout,approved
TXN-101695,BATCH-1067,REF-228106,2026-02-17,6812.28,EUR,Webster and Sons,Vendor payout,approved
TXN-101696,BATCH-1067,REF-256708,2026-01-17,10876.03,USD,"Matthews, Howard and Brown",Vendor payout,approved
TXN-101697,BATCH-1067,REF-904071,2026-04-16,20252.58,GBP,Bowers Ltd,Vendor payout,approved
TXN-101698,BATCH-1067,REF-950078,2026-04-24,17077.93,GBP,Murray Group,Vendor payout,approved
TXN-101699,BATCH-1067,REF-504375,2026-03-26,11951.02,EUR,"Roberts, Frazier and Smith",Vendor payout,approved
TXN-101700,BATCH-1068,REF-403421,2026-02-25,11602.6,GBP,Mata Inc,Vendor payout,approved
TXN-101701,BATCH-1068,REF-941785,2026-03-23,13166.17,GBP,Wright Group,Vendor payout,approved
TXN-101702,BATCH-1068,REF-936625,2026-02-14,18945.08,GBP,Dickson-Gutierrez,Vendor payout,approved
TXN-101703,BATCH-1068,REF-593912,2026-02-23,5598.27,EUR,Garcia and Sons,Vendor payout,approved
TXN-101704,BATCH-1068,REF-208174,2026-01-20,21416.49,EUR,Silva-Green,Vendor payout,approved
TXN-101705,BATCH-1068,REF-435948,2026-02-14,205.39,GBP,Randall-Kerr,Vendor payout,approved
TXN-101706,BATCH-1068,REF-804098,2026-02-18,18414.13,EUR,Walter Inc,Vendor payout,approved
TXN-101707,BATCH-1068,REF-510451,2026-03-27,14969.78,USD,Gardner-Hayes,Vendor payout,approved
TXN-101708,BATCH-1068,REF-698757,2026-04-24,23101.27,EUR,Gardner Inc,Vendor payout,approved
TXN-101709,BATCH-1068,REF-908623,2026-04-28,2440.77,EUR,"Garcia, Mercado and West",Vendor payout,approved
TXN-101710,BATCH-1068,REF-561876,2026-03-11,19824.56,GBP,Gray PLC,Vendor payout,approved
TXN-101711,BATCH-1068,REF-194970,2026-02-26,13569.45,EUR,"Shaw, Baker and Scott",Vendor payout,approved
TXN-101712,BATCH-1068,REF-257073,2026-01-08,9891.91,GBP,"Fox, Hernandez and Ryan",Vendor payout,approved
TXN-101713,BATCH-1068,REF-960092,2026-01-24,14881.74,USD,Reynolds-Harris,Vendor payout,approved
TXN-101714,BATCH-1068,REF-600107,2026-01-28,22620.14,GBP,"Pena, Jones and Sanchez",Vendor payout,approved
TXN-101715,BATCH-1068,REF-428214,2026-03-31,18182.44,GBP,Mccoy-Mccarthy,Vendor payout,approved
TXN-101716,BATCH-1068,REF-670224,2026-04-19,5391.06,EUR,Reeves Ltd,Vendor payout,approved
TXN-101717,BATCH-1068,REF-997127,2026-01-24,2670.55,USD,"Adams, Rodriguez and Walker",Vendor payout,approved
TXN-101718,BATCH-1068,REF-473546,2026-01-05,15646.17,GBP,Dudley Ltd,Vendor payout,approved
TXN-101719,BATCH-1068,REF-254773,2026-03-20,13418.29,GBP,Todd-Oconnor,Vendor payout,approved
TXN-101720,BATCH-1068,REF-470162,2026-03-15,1878.79,USD,Robbins LLC,Vendor payout,approved
TXN-101721,BATCH-1068,REF-211376,2026-02-21,6390.79,USD,Bauer Inc,Vendor payout,approved
TXN-101722,BATCH-1068,REF-215518,2026-01-22,7967.07,GBP,Leach-Walker,Vendor payout,approved
TXN-101723,BATCH-1068,REF-619382,2026-04-09,8130.54,GBP,Jones-Fuentes,Vendor payout,approved
TXN-101724,BATCH-1068,REF-674171,2026-04-21,15840.81,GBP,Mccoy-Mccarthy,Vendor payout,approved
TXN-101725,BATCH-1069,REF-144565,2026-04-18,6347.99,GBP,Lewis-Robinson,Vendor payout,approved
TXN-101726,BATCH-1069,REF-813141,2026-03-17,770.18,EUR,Price PLC,Vendor payout,approved
TXN-101727,BATCH-1069,REF-248540,2026-02-03,14298.18,USD,"Salinas, Barnes and Cooper",Vendor payout,approved
TXN-101728,BATCH-1069,REF-147077,2026-01-25,15130.37,GBP,Hammond Ltd,Vendor payout,approved
TXN-101729,BATCH-1069,REF-819723,2026-04-11,14571.7,USD,Thompson-Campbell,Vendor payout,approved
TXN-101730,BATCH-1069,REF-761993,2026-03-18,6769.96,EUR,Hunter-Nicholson,Vendor payout,approved
TXN-101731,BATCH-1069,REF-254683,2026-04-02,23797.34,USD,Richard LLC,Vendor payout,approved
TXN-101732,BATCH-1069,REF-159313,2026-04-19,11329.09,USD,Howard-Mcdonald,Vendor payout,approved
TXN-101733,BATCH-1069,REF-233038,2026-01-20,7221.67,USD,Jenkins-Henderson,Vendor payout,approved
TXN-101734,BATCH-1069,REF-928394,2026-04-29,7043.91,USD,Murray Group,Vendor payout,approved
TXN-101735,BATCH-1069,REF-197233,2026-01-30,10691.43,GBP,Rivera-Stanley,Vendor payout,approved
TXN-101736,BATCH-1069,REF-327587,2026-04-14,12994.97,GBP,Perez-Neal,Vendor payout,approved
TXN-101737,BATCH-1069,REF-409778,2026-02-09,20603.53,USD,Brady-Ford,Vendor payout,approved
TXN-101738,BATCH-1069,REF-594641,2026-03-07,13861.62,GBP,"Russell, Scott and Ramsey",Vendor payout,approved
TXN-101739,BATCH-1069,REF-756166,2026-01-08,1998.78,GBP,Allen and Sons,Vendor payout,approved
TXN-101740,BATCH-1069,REF-928744,2026-02-02,12032.1,EUR,"Hobbs, Blanchard and Porter",Vendor payout,approved
TXN-101741,BATCH-1069,REF-314687,2026-04-30,17702.99,EUR,Arellano-Whitaker,Vendor payout,approved
TXN-101742,BATCH-1069,REF-196715,2026-01-04,4136.58,EUR,"Williams, Oneill and Torres",Vendor payout,approved
TXN-101743,BATCH-1069,REF-631196,2026-03-09,15681.8,GBP,Wilson and Sons,Vendor payout,approved
TXN-101744,BATCH-1069,REF-147223,2026-03-16,12886.35,EUR,"Jackson, Romero and Mendez",Vendor payout,approved
TXN-101745,BATCH-1069,REF-582168,2026-02-09,19943.96,GBP,Moore LLC,Vendor payout,approved
TXN-101746,BATCH-1069,REF-289776,2026-01-16,4072.3,GBP,"Frey, Mcgee and Bailey",Vendor payout,approved
TXN-101747,BATCH-1069,REF-991800,2026-01-26,17715.17,USD,"Peterson, Hood and Arroyo",Vendor payout,approved
TXN-101748,BATCH-1069,REF-364633,2026-01-26,24713.71,USD,Jones-Taylor,Vendor payout,approved
TXN-101749,BATCH-1069,REF-507684,2026-01-04,24172.62,USD,Peterson LLC,Vendor payout,approved
TXN-101750,BATCH-1070,REF-478986,2026-04-29,18172.12,GBP,Flynn Group,Vendor payout,approved
TXN-101751,BATCH-1070,REF-704190,2026-02-13,4855.7,GBP,"Garner, Lawson and Richard",Vendor payout,approved
TXN-101752,BATCH-1070,REF-462855,2026-03-16,2255.24,EUR,Gonzalez-Pennington,Vendor payout,approved
TXN-101753,BATCH-1070,REF-178638,2026-01-13,9098.9,USD,King LLC,Vendor payout,approved
TXN-101754,BATCH-1070,REF-102658,2026-01-12,24820.75,GBP,Green Ltd,Vendor payout,approved
TXN-101755,BATCH-1070,REF-576252,2026-02-18,5623.69,GBP,Thornton and Sons,Vendor payout,approved
TXN-101756,BATCH-1070,REF-481506,2026-01-08,7656.18,GBP,Anderson-Parks,Vendor payout,approved
TXN-101757,BATCH-1070,REF-107458,2026-03-01,15461.11,USD,Rogers Inc,Vendor payout,approved
TXN-101758,BATCH-1070,REF-821273,2026-03-12,12711.71,EUR,Jones-Fuentes,Vendor payout,approved
TXN-101759,BATCH-1070,REF-322862,2026-04-17,21553.26,GBP,Bowman LLC,Vendor payout,approved
TXN-101760,BATCH-1070,REF-566039,2026-03-08,14873.34,EUR,Charles-Butler,Vendor payout,approved
TXN-101761,BATCH-1070,REF-769543,2026-04-02,22680.43,EUR,Hamilton-Bautista,Vendor payout,approved
TXN-101762,BATCH-1070,REF-943820,2026-02-26,8335.83,USD,Lane-Hines,Vendor payout,approved
TXN-101763,BATCH-1070,REF-876295,2026-02-08,6210.67,GBP,Wagner Ltd,Vendor payout,approved
TXN-101764,BATCH-1070,REF-941131,2026-01-06,20964.81,EUR,"Nelson, Bowers and Cooper",Vendor payout,approved
TXN-101765,BATCH-1070,REF-329020,2026-02-01,21597.63,GBP,"Bates, Diaz and Lowe",Vendor payout,approved
TXN-101766,BATCH-1070,REF-758804,2026-01-23,1357.97,USD,Holmes and Sons,Vendor payout,approved
TXN-101767,BATCH-1070,REF-376389,2026-01-12,21579.48,USD,Gardner-Hayes,Vendor payout,approved
TXN-101768,BATCH-1070,REF-861475,2026-01-04,10262.11,USD,"Williams, Oneill and Torres",Vendor payout,approved
TXN-101769,BATCH-1070,REF-584149,2026-03-04,14260.38,USD,Wade PLC,Vendor payout,approved
TXN-101770,BATCH-1070,REF-941633,2026-03-22,12244.74,USD,Mckinney-Cooper,Vendor payout,approved
TXN-101771,BATCH-1070,REF-366658,2026-01-30,12819.45,USD,Price PLC,Vendor payout,approved
TXN-101772,BATCH-1070,REF-573627,2026-04-21,15368.12,USD,Peterson LLC,Vendor payout,approved
TXN-101773,BATCH-1070,REF-700347,2026-03-26,22221.72,GBP,Roberts Group,Vendor payout,approved
TXN-101774,BATCH-1070,REF-973888,2026-01-27,3126.84,EUR,Mcdowell-Watts,Vendor payout,approved
TXN-101775,BATCH-1071,REF-773885,2026-03-18,24462.33,USD,Rhodes Ltd,Vendor payout,approved
TXN-101776,BATCH-1071,REF-182193,2026-01-26,134.37,EUR,"Hernandez, Wade and Rodriguez",Vendor payout,approved
TXN-101777,BATCH-1071,REF-401869,2026-03-09,22740.85,EUR,Davis-Mitchell,Vendor payout,approved
TXN-101778,BATCH-1071,REF-609628,2026-01-21,9384.32,USD,Wilson Group,Vendor payout,approved
TXN-101779,BATCH-1071,REF-653508,2026-04-10,9144.11,EUR,Gonzalez Inc,Vendor payout,approved
TXN-101780,BATCH-1071,REF-681337,2026-03-07,396.95,GBP,Bowman LLC,Vendor payout,approved
TXN-101781,BATCH-1071,REF-921930,2026-02-14,693.39,EUR,Smith-Ortiz,Vendor payout,approved
TXN-101782,BATCH-1071,REF-617115,2026-04-30,7518.13,EUR,Arroyo-Pope,Vendor payout,approved
TXN-101783,BATCH-1071,REF-845217,2026-01-08,15401.98,USD,Skinner Ltd,Vendor payout,approved
TXN-101784,BATCH-1071,REF-542261,2026-04-11,4957.01,GBP,"Wilson, Robertson and Gonzalez",Vendor payout,approved
TXN-101785,BATCH-1071,REF-812549,2026-01-19,19561.41,USD,Randolph and Sons,Vendor payout,approved
TXN-101786,BATCH-1071,REF-928695,2026-01-31,24010.55,EUR,Edwards-Boyd,Vendor payout,approved
TXN-101787,BATCH-1071,REF-156590,2026-03-07,17491.4,EUR,Kirk-Henson,Vendor payout,approved
TXN-101788,BATCH-1071,REF-594455,2026-03-29,11854.39,EUR,Harvey Inc,Vendor payout,approved
TXN-101789,BATCH-1071,REF-672859,2026-03-06,925.27,GBP,Garcia Ltd,Vendor payout,approved
TXN-101790,BATCH-1071,REF-327680,2026-04-01,17157.16,GBP,Lane-Hines,Vendor payout,approved
TXN-101791,BATCH-1071,REF-523814,2026-02-25,13005.33,EUR,"Hernandez, Hill and Hull",Vendor payout,approved
TXN-101792,BATCH-1071,REF-863290,2026-01-20,10888.25,EUR,"Yu, Nguyen and Wood",Vendor payout,approved
TXN-101793,BATCH-1071,REF-693995,2026-03-20,11104.58,EUR,Jackson LLC,Vendor payout,approved
TXN-101794,BATCH-1071,REF-392708,2026-03-20,7791.04,USD,Lopez-Stout,Vendor payout,approved
TXN-101795,BATCH-1071,REF-980575,2026-01-24,23969.45,USD,Murray Group,Vendor payout,approved
TXN-101796,BATCH-1071,REF-639682,2026-01-27,1354.51,EUR,Cooper Ltd,Vendor payout,approved
TXN-101797,BATCH-1071,REF-940058,2026-04-16,16573.24,GBP,Brown-Huynh,Vendor payout,approved
TXN-101798,BATCH-1071,REF-589571,2026-01-22,5390.52,EUR,Orozco Ltd,Vendor payout,approved
TXN-101799,BATCH-1071,REF-486566,2026-04-21,11090.84,EUR,Cobb Group,Vendor payout,approved
TXN-101800,BATCH-1072,REF-294646,2026-01-25,1265.31,USD,"Hayes, Luna and Miller",Vendor payout,approved
TXN-101801,BATCH-1072,REF-521749,2026-01-01,5200.0,GBP,Li-Martinez,Vendor payout,approved
TXN-101802,BATCH-1072,REF-727675,2026-03-21,14519.96,EUR,Howard-Mcdonald,Vendor payout,approved
TXN-101803,BATCH-1072,REF-331552,2026-01-16,15697.09,EUR,Johnson-Ruiz,Vendor payout,approved
TXN-101804,BATCH-1072,REF-357770,2026-02-06,5999.19,USD,Mckinney-Cooper,Vendor payout,approved
TXN-101805,BATCH-1072,REF-538849,2026-01-03,24201.34,EUR,"Liu, Parsons and Delacruz",Vendor payout,approved
TXN-101806,BATCH-1072,REF-884677,2026-04-26,2840.55,USD,Morgan-Mckinney,Vendor payout,approved
TXN-101807,BATCH-1072,REF-934394,2026-04-13,20259.57,USD,"Snow, Rodgers and Miller",Vendor payout,approved
TXN-101808,BATCH-1072,REF-411217,2026-03-16,8287.91,USD,Fletcher-Pruitt,Vendor payout,approved
TXN-101809,BATCH-1072,REF-997784,2026-01-09,3588.55,USD,Wilson Ltd,Vendor payout,approved
TXN-101810,BATCH-1072,REF-605407,2026-02-10,5096.99,USD,Buckley and Sons,Vendor payout,approved
TXN-101811,BATCH-1072,REF-924484,2026-01-13,849.3,GBP,Rivera-Stanley,Vendor payout,approved
TXN-101812,BATCH-1072,REF-734524,2026-02-18,9532.54,USD,Allen-Taylor,Vendor payout,approved
TXN-101813,BATCH-1072,REF-496806,2026-04-10,22314.69,GBP,"Hobbs, Blanchard and Porter",Vendor payout,approved
TXN-101814,BATCH-1072,REF-472184,2026-04-29,9658.03,GBP,"Thompson, Cooper and Young",Vendor payout,approved
TXN-101815,BATCH-1072,REF-254355,2026-02-24,13461.17,GBP,Jimenez-Bradley,Vendor payout,approved
TXN-101816,BATCH-1072,REF-103384,2026-04-18,24746.74,USD,"Moss, Atkins and Daniels",Vendor payout,approved
TXN-101817,BATCH-1072,REF-985007,2026-02-14,16677.63,GBP,"Murphy, Jordan and Whitney",Vendor payout,approved
TXN-101818,BATCH-1072,REF-787905,2026-03-24,2651.9,EUR,Gardner-Hayes,Vendor payout,approved
TXN-101819,BATCH-1072,REF-486290,2026-01-27,3753.68,EUR,Barrera Group,Vendor payout,approved
TXN-101820,BATCH-1072,REF-770000,2026-02-23,21985.04,GBP,Simmons-Green,Vendor payout,approved
TXN-101821,BATCH-1072,REF-346621,2026-03-10,16373.77,EUR,"Ramirez, Hernandez and Fox",Vendor payout,approved
TXN-101822,BATCH-1072,REF-949195,2026-02-18,16019.29,USD,Schneider Ltd,Vendor payout,approved
TXN-101823,BATCH-1072,REF-640645,2026-01-17,8040.39,EUR,Wilson and Sons,Vendor payout,approved
TXN-101824,BATCH-1072,REF-719593,2026-02-21,2865.57,GBP,Mata Inc,Vendor payout,approved
TXN-101825,BATCH-1073,REF-782646,2026-03-14,22643.99,USD,Brown and Sons,Vendor payout,approved
TXN-101826,BATCH-1073,REF-416470,2026-01-28,22867.84,GBP,Church Inc,Vendor payout,approved
TXN-101827,BATCH-1073,REF-720258,2026-02-18,12901.34,GBP,Wade PLC,Vendor payout,approved
TXN-101828,BATCH-1073,REF-440276,2026-02-10,24412.6,GBP,Wilson Group,Vendor payout,approved
TXN-101829,BATCH-1073,REF-101464,2026-01-15,8736.47,GBP,Schneider Ltd,Vendor payout,approved
TXN-101830,BATCH-1073,REF-764965,2026-04-24,5273.18,EUR,"Ward, Garcia and Henry",Vendor payout,approved
TXN-101831,BATCH-1073,REF-439040,2026-04-27,9624.1,EUR,Charles-Butler,Vendor payout,approved
TXN-101832,BATCH-1073,REF-798779,2026-02-01,124.05,USD,Crawford Ltd,Vendor payout,approved
TXN-101833,BATCH-1073,REF-510185,2026-01-14,1310.5,GBP,Robinson Group,Vendor payout,approved
TXN-101834,BATCH-1073,REF-365387,2026-02-25,12877.02,GBP,"Johnson, Phillips and Brown",Vendor payout,approved
TXN-101835,BATCH-1073,REF-552035,2026-02-12,24513.58,GBP,Smith and Sons,Vendor payout,approved
TXN-101836,BATCH-1073,REF-818876,2026-03-24,2163.97,GBP,"Miller, Anderson and Padilla",Vendor payout,approved
TXN-101837,BATCH-1073,REF-226874,2026-03-16,22534.48,GBP,Mitchell-Jones,Vendor payout,approved
TXN-101838,BATCH-1073,REF-645859,2026-03-07,17553.48,EUR,"Ward, Garcia and Henry",Vendor payout,approved
TXN-101839,BATCH-1073,REF-770317,2026-03-30,22830.69,EUR,Jackson LLC,Vendor payout,approved
TXN-101840,BATCH-1073,REF-279123,2026-04-09,2580.97,EUR,Shaw-Decker,Vendor payout,approved
TXN-101841,BATCH-1073,REF-975595,2026-02-01,275.44,USD,Davis PLC,Vendor payout,approved
TXN-101842,BATCH-1073,REF-592585,2026-04-27,16003.8,EUR,Spears-Beck,Vendor payout,approved
TXN-101843,BATCH-1073,REF-929819,2026-04-23,536.09,USD,Hamilton-Bautista,Vendor payout,approved
TXN-101844,BATCH-1073,REF-803502,2026-03-17,10935.78,GBP,"Bryant, Harrison and Carter",Vendor payout,approved
TXN-101845,BATCH-1073,REF-756994,2026-03-27,22698.2,GBP,King-George,Vendor payout,approved
TXN-101846,BATCH-1073,REF-744031,2026-03-08,19337.49,USD,Rose-Gonzales,Vendor payout,approved
TXN-101847,BATCH-1073,REF-602777,2026-03-05,195.74,EUR,"Malone, Bell and Bryant",Vendor payout,approved
TXN-101848,BATCH-1073,REF-112042,2026-03-11,3153.01,USD,Lane-Hines,Vendor payout,approved
TXN-101849,BATCH-1073,REF-443310,2026-04-06,20432.86,USD,Thomas PLC,Vendor payout,approved
TXN-101850,BATCH-1074,REF-893048,2026-02-21,24433.74,EUR,Nguyen-Roberts,Vendor payout,approved
TXN-101851,BATCH-1074,REF-966185,2026-04-24,21712.67,USD,Mullins-Cabrera,Vendor payout,approved
TXN-101852,BATCH-1074,REF-269063,2026-04-26,21936.22,USD,"Chavez, Davis and Walton",Vendor payout,approved
TXN-101853,BATCH-1074,REF-269841,2026-02-21,22444.2,GBP,"Ward, Garcia and Henry",Vendor payout,approved
TXN-101854,BATCH-1074,REF-139252,2026-03-28,13689.86,EUR,Leach-Walker,Vendor payout,approved
TXN-101855,BATCH-1074,REF-896381,2026-01-24,13335.65,GBP,King-George,Vendor payout,approved
TXN-101856,BATCH-1074,REF-531340,2026-01-06,7687.0,USD,Hawkins-Saunders,Vendor payout,approved
TXN-101857,BATCH-1074,REF-595303,2026-04-03,14291.34,USD,Gordon-Roberts,Vendor payout,approved
TXN-101858,BATCH-1074,REF-599249,2026-02-24,17889.98,EUR,Randolph and Sons,Vendor payout,approved
TXN-101859,BATCH-1074,REF-140721,2026-01-29,1066.95,GBP,Moore LLC,Vendor payout,approved
TXN-101860,BATCH-1074,REF-426839,2026-04-10,12478.31,GBP,"Graham, Garrett and Caldwell",Vendor payout,approved
TXN-101861,BATCH-1074,REF-479266,2026-01-05,5979.69,EUR,"Cox, Fernandez and Baker",Vendor payout,approved
TXN-101862,BATCH-1074,REF-178332,2026-03-23,235.62,USD,"Williams, Oneill and Torres",Vendor payout,approved
TXN-101863,BATCH-1074,REF-590716,2026-02-28,11268.14,GBP,"Howard, Russo and Smith",Vendor payout,approved
TXN-101864,BATCH-1074,REF-906384,2026-01-03,16986.43,USD,Jones-Graham,Vendor payout,approved
TXN-101865,BATCH-1074,REF-548290,2026-03-12,2392.09,USD,Todd-Oconnor,Vendor payout,approved
TXN-101866,BATCH-1074,REF-626469,2026-01-16,11763.72,USD,"Johnson, Harrison and Thomas",Vendor payout,approved
TXN-101867,BATCH-1074,REF-606341,2026-03-20,16493.69,GBP,Coffey-Howell,Vendor payout,approved
TXN-101868,BATCH-1074,REF-718543,2026-04-30,15617.58,GBP,Colon Group,Vendor payout,approved
TXN-101869,BATCH-1074,REF-359481,2026-01-18,19200.9,EUR,Brown and Sons,Vendor payout,approved
TXN-101870,BATCH-1074,REF-864241,2026-01-26,6798.9,EUR,Arellano-Whitaker,Vendor payout,approved
TXN-101871,BATCH-1074,REF-169689,2026-03-23,20544.94,EUR,Gallegos-Stewart,Vendor payout,approved
TXN-101872,BATCH-1074,REF-559002,2026-04-11,6637.84,GBP,"Nguyen, Williams and Smith",Vendor payout,approved
TXN-101873,BATCH-1074,REF-740794,2026-04-02,16710.18,GBP,"Roberts, Frazier and Smith",Vendor payout,approved
TXN-101874,BATCH-1074,REF-659790,2026-01-08,10051.87,USD,Shaw-Stuart,Vendor payout,approved
TXN-101875,BATCH-1075,REF-776163,2026-04-23,17349.27,GBP,"Rogers, Anderson and Campos",Vendor payout,approved
TXN-101876,BATCH-1075,REF-612393,2026-03-05,4541.33,GBP,Davis PLC,Vendor payout,approved
TXN-101877,BATCH-1075,REF-412110,2026-02-19,14218.29,GBP,Ramsey-Caldwell,Vendor payout,approved
TXN-101878,BATCH-1075,REF-205566,2026-03-16,16339.29,EUR,Holmes and Sons,Vendor payout,approved
TXN-101879,BATCH-1075,REF-132591,2026-03-01,3554.85,GBP,Kim Group,Vendor payout,approved
TXN-101880,BATCH-1075,REF-358500,2026-02-08,18744.25,GBP,Austin-Bonilla,Vendor payout,approved
TXN-101881,BATCH-1075,REF-861170,2026-02-23,14798.47,EUR,Richards-Johnson,Vendor payout,approved
TXN-101882,BATCH-1075,REF-864776,2026-02-26,17748.02,EUR,"Dorsey, Patterson and Harrison",Vendor payout,approved
TXN-101883,BATCH-1075,REF-798681,2026-04-09,10231.16,EUR,"Savage, Garcia and Robinson",Vendor payout,approved
TXN-101884,BATCH-1075,REF-853358,2026-03-10,188.58,USD,Reeves Ltd,Vendor payout,approved
TXN-101885,BATCH-1075,REF-833176,2026-02-10,4584.45,GBP,Kirk-Morales,Vendor payout,approved
TXN-101886,BATCH-1075,REF-101483,2026-02-18,3014.35,USD,Elliott-Wallace,Vendor payout,approved
TXN-101887,BATCH-1075,REF-216810,2026-02-01,1730.37,EUR,Moore LLC,Vendor payout,approved
TXN-101888,BATCH-1075,REF-388523,2026-01-25,2658.62,USD,Moore LLC,Vendor payout,approved
TXN-101889,BATCH-1075,REF-787036,2026-03-13,11814.92,USD,Peters-Ward,Vendor payout,approved
TXN-101890,BATCH-1075,REF-443778,2026-04-15,3306.84,USD,"Howard, Lynch and Morris",Vendor payout,approved
TXN-101891,BATCH-1075,REF-170294,2026-05-01,19864.28,USD,"Molina, Wells and Bright",Vendor payout,approved
TXN-101892,BATCH-1075,REF-815938,2026-02-13,12903.97,EUR,"Martinez, Joseph and Simmons",Vendor payout,approved
TXN-101893,BATCH-1075,REF-209454,2026-02-13,11146.69,GBP,Fitzgerald-Watson,Vendor payout,approved
TXN-101894,BATCH-1075,REF-504819,2026-03-04,22668.96,USD,Kelly-Murphy,Vendor payout,approved
TXN-101895,BATCH-1075,REF-828735,2026-03-28,11054.45,GBP,Walters LLC,Vendor payout,approved
TXN-101896,BATCH-1075,REF-569341,2026-03-06,24458.97,EUR,Anderson LLC,Vendor payout,approved
TXN-101897,BATCH-1075,REF-371245,2026-01-19,8925.44,GBP,Pena Inc,Vendor payout,approved
TXN-101898,BATCH-1075,REF-152611,2026-04-07,24644.11,GBP,"Cox, Fernandez and Baker",Vendor payout,approved
TXN-101899,BATCH-1075,REF-918338,2026-03-12,21319.56,USD,Thornton and Sons,Vendor payout,approved
TXN-101900,BATCH-1076,REF-663811,2026-04-14,21889.66,EUR,Randolph and Sons,Vendor payout,approved
TXN-101901,BATCH-1076,REF-867847,2026-02-25,3147.12,GBP,"Fox, Hernandez and Ryan",Vendor payout,approved
TXN-101902,BATCH-1076,REF-566762,2026-02-01,2505.35,EUR,"Johnson, Meyer and Hanna",Vendor payout,approved
TXN-101903,BATCH-1076,REF-295515,2026-02-25,5978.08,GBP,Farrell-Willis,Vendor payout,approved
TXN-101904,BATCH-1076,REF-170326,2026-02-09,19013.82,GBP,Cooper PLC,Vendor payout,approved
TXN-101905,BATCH-1076,REF-713659,2026-03-15,3430.42,GBP,Jones Group,Vendor payout,approved
TXN-101906,BATCH-1076,REF-575402,2026-02-23,23703.18,EUR,Flynn Group,Vendor payout,approved
TXN-101907,BATCH-1076,REF-561552,2026-02-17,10061.69,GBP,Newman-Thomas,Vendor payout,approved
TXN-101908,BATCH-1076,REF-624428,2026-01-02,1195.55,EUR,Kennedy-Marks,Vendor payout,approved
TXN-101909,BATCH-1076,REF-876366,2026-02-08,24901.8,EUR,Smith-Ortiz,Vendor payout,approved
TXN-101910,BATCH-1076,REF-420119,2026-01-18,891.66,EUR,Webster and Sons,Vendor payout,approved
TXN-101911,BATCH-1076,REF-217480,2026-01-14,6064.32,USD,Rose-Gonzales,Vendor payout,approved
TXN-101912,BATCH-1076,REF-365238,2026-04-30,6930.09,EUR,Farrell-Willis,Vendor payout,approved
TXN-101913,BATCH-1076,REF-359462,2026-04-23,23882.13,GBP,"Gray, Williams and Weaver",Vendor payout,approved
TXN-101914,BATCH-1076,REF-744588,2026-03-18,22601.35,GBP,Phillips-Wyatt,Vendor payout,approved
TXN-101915,BATCH-1076,REF-222602,2026-04-18,3456.27,GBP,Howard-Mcdonald,Vendor payout,approved
TXN-101916,BATCH-1076,REF-109466,2026-04-18,21405.14,GBP,"Hernandez, Wade and Rodriguez",Vendor payout,approved
TXN-101917,BATCH-1076,REF-822078,2026-02-23,4308.76,EUR,Arellano-Whitaker,Vendor payout,approved
TXN-101918,BATCH-1076,REF-389947,2026-01-12,3227.46,USD,Murray Group,Vendor payout,approved
TXN-101919,BATCH-1076,REF-896883,2026-01-02,1255.52,EUR,Shaw-Stuart,Vendor payout,approved
TXN-101920,BATCH-1076,REF-607737,2026-03-01,2173.82,GBP,Green Ltd,Vendor payout,approved
TXN-101921,BATCH-1076,REF-565371,2026-01-17,11034.88,USD,Robinson and Sons,Vendor payout,approved
TXN-101922,BATCH-1076,REF-153481,2026-04-01,15190.23,USD,Jacobs PLC,Vendor payout,approved
TXN-101923,BATCH-1076,REF-298121,2026-03-02,12618.56,EUR,Hays-Dalton,Vendor payout,approved
TXN-101924,BATCH-1076,REF-925766,2026-03-31,8682.27,USD,"George, Lewis and Mitchell",Vendor payout,approved
TXN-101925,BATCH-1077,REF-193158,2026-03-18,21412.96,GBP,"Martinez, Joseph and Simmons",Vendor payout,approved
TXN-101926,BATCH-1077,REF-159112,2026-03-22,3705.17,GBP,Buckley and Sons,Vendor payout,approved
TXN-101927,BATCH-1077,REF-328903,2026-03-19,16724.64,USD,Nguyen-White,Vendor payout,approved
TXN-101928,BATCH-1077,REF-487633,2026-02-21,23297.39,EUR,"Rodriguez, Sutton and Santiago",Vendor payout,approved
TXN-101929,BATCH-1077,REF-654027,2026-04-20,20505.63,EUR,"Howard, Russo and Smith",Vendor payout,approved
TXN-101930,BATCH-1077,REF-696515,2026-02-20,2727.93,GBP,Cooper PLC,Vendor payout,approved
TXN-101931,BATCH-1077,REF-246456,2026-03-23,18425.67,GBP,"Rollins, Charles and Black",Vendor payout,approved
TXN-101932,BATCH-1077,REF-515759,2026-03-04,11342.65,USD,Nguyen-Roberts,Vendor payout,approved
TXN-101933,BATCH-1077,REF-769383,2026-02-16,3068.45,GBP,Walters PLC,Vendor payout,approved
TXN-101934,BATCH-1077,REF-553527,2026-04-14,13935.87,USD,Jones-Turner,Vendor payout,approved
TXN-101935,BATCH-1077,REF-551875,2026-02-21,12656.85,EUR,Wilson Ltd,Vendor payout,approved
TXN-101936,BATCH-1077,REF-450431,2026-01-24,13246.2,EUR,Gomez-Cardenas,Vendor payout,approved
TXN-101937,BATCH-1077,REF-968125,2026-04-02,12208.84,GBP,Wilson Ltd,Vendor payout,approved
TXN-101938,BATCH-1077,REF-210472,2026-02-20,21884.08,EUR,"Payne, Wall and Hernandez",Vendor payout,approved
TXN-101939,BATCH-1077,REF-362752,2026-02-04,23567.6,GBP,Silva-Green,Vendor payout,approved
TXN-101940,BATCH-1077,REF-359600,2026-03-11,17392.7,USD,Cobb Group,Vendor payout,approved
TXN-101941,BATCH-1077,REF-938649,2026-01-21,2299.2,GBP,Mata Inc,Vendor payout,approved
TXN-101942,BATCH-1077,REF-169801,2026-03-28,6078.09,EUR,Hunt PLC,Vendor payout,approved
TXN-101943,BATCH-1077,REF-910846,2026-03-26,15119.77,USD,"Evans, Conway and Hall",Vendor payout,approved
TXN-101944,BATCH-1077,REF-423912,2026-04-19,20525.2,USD,Bowman LLC,Vendor payout,approved
TXN-101945,BATCH-1077,REF-111319,2026-02-27,22450.28,GBP,Mccoy Ltd,Vendor payout,approved
TXN-101946,BATCH-1077,REF-498919,2026-01-15,4488.56,USD,Schneider Ltd,Vendor payout,approved
TXN-101947,BATCH-1077,REF-271993,2026-04-24,4025.43,USD,Allen Group,Vendor payout,approved
TXN-101948,BATCH-1077,REF-942221,2026-01-15,10037.26,GBP,Anderson Inc,Vendor payout,approved
TXN-101949,BATCH-1077,REF-279428,2026-01-22,10821.95,USD,"Johnson, Harrison and Thomas",Vendor payout,approved
TXN-101950,BATCH-1078,REF-934001,2026-02-11,16626.97,USD,Howe and Sons,Vendor payout,approved
TXN-101951,BATCH-1078,REF-861346,2026-03-25,1261.54,USD,Walters LLC,Vendor payout,approved
TXN-101952,BATCH-1078,REF-860305,2026-02-01,11060.6,EUR,Fletcher-Pruitt,Vendor payout,approved
TXN-101953,BATCH-1078,REF-747968,2026-01-10,21249.55,GBP,"Savage, Garcia and Robinson",Vendor payout,approved
TXN-101954,BATCH-1078,REF-556791,2026-03-14,6806.13,EUR,Rhodes Ltd,Vendor payout,approved
TXN-101955,BATCH-1078,REF-789589,2026-03-11,13587.04,USD,Zimmerman Group,Vendor payout,approved
TXN-101956,BATCH-1078,REF-691915,2026-02-04,14622.17,EUR,Allen and Sons,Vendor payout,approved
TXN-101957,BATCH-1078,REF-838164,2026-02-02,16645.38,GBP,Dickson-Padilla,Vendor payout,approved
TXN-101958,BATCH-1078,REF-597341,2026-03-13,13314.58,GBP,Randall-Kerr,Vendor payout,approved
TXN-101959,BATCH-1078,REF-955194,2026-04-25,4106.14,EUR,"Savage, Garcia and Robinson",Vendor payout,approved
TXN-101960,BATCH-1078,REF-895655,2026-04-03,14648.77,USD,Mccoy Ltd,Vendor payout,approved
TXN-101961,BATCH-1078,REF-509394,2026-05-01,20765.14,EUR,"Malone, Bell and Bryant",Vendor payout,approved
TXN-101962,BATCH-1078,REF-535790,2026-01-23,6404.26,GBP,"Curtis, Turner and Soto",Vendor payout,approved
TXN-101963,BATCH-1078,REF-384054,2026-01-27,18511.41,GBP,Wong PLC,Vendor payout,approved
TXN-101964,BATCH-1078,REF-349180,2026-02-18,4511.3,GBP,Mcclain-Jensen,Vendor payout,approved
TXN-101965,BATCH-1078,REF-281958,2026-02-26,4471.38,GBP,Colon Group,Vendor payout,approved
TXN-101966,BATCH-1078,REF-654730,2026-04-13,6545.74,GBP,"Howard, Lynch and Morris",Vendor payout,approved
TXN-101967,BATCH-1078,REF-350202,2026-04-26,3529.34,EUR,Mcclain-Jensen,Vendor payout,approved
TXN-101968,BATCH-1078,REF-723832,2026-04-14,2877.94,USD,"Lewis, Joyce and Robertson",Vendor payout,approved
TXN-101969,BATCH-1078,REF-466997,2026-01-11,10632.9,EUR,Robinson and Sons,Vendor payout,approved
TXN-101970,BATCH-1078,REF-927538,2026-02-23,4147.31,GBP,Morris Inc,Vendor payout,approved
TXN-101971,BATCH-1078,REF-499220,2026-04-08,21265.41,GBP,Spears-Beck,Vendor payout,approved
TXN-101972,BATCH-1078,REF-358674,2026-01-22,16049.92,USD,Rogers Inc,Vendor payout,approved
TXN-101973,BATCH-1078,REF-721840,2026-01-22,22387.39,EUR,"Ward, Garcia and Henry",Vendor payout,approved
TXN-101974,BATCH-1078,REF-385835,2026-03-19,1033.02,GBP,Hunt PLC,Vendor payout,approved
TXN-101975,BATCH-1079,REF-115810,2026-04-02,15483.83,EUR,"Nguyen, Williams and Smith",Vendor payout,approved
TXN-101976,BATCH-1079,REF-787236,2026-04-18,16590.56,EUR,Todd-Oconnor,Vendor payout,approved
TXN-101977,BATCH-1079,REF-356032,2026-03-24,6029.06,USD,Jones-Graham,Vendor payout,approved
TXN-101978,BATCH-1079,REF-886339,2026-04-04,14014.27,GBP,"Howell, Hart and Swanson",Vendor payout,approved
TXN-101979,BATCH-1079,REF-387048,2026-03-21,14734.99,GBP,Bryant LLC,Vendor payout,approved
TXN-101980,BATCH-1079,REF-558916,2026-01-05,16627.72,EUR,Allen Inc,Vendor payout,approved
TXN-101981,BATCH-1079,REF-839699,2026-02-18,16900.98,GBP,"Berry, Rios and Marshall",Vendor payout,approved
TXN-101982,BATCH-1079,REF-652819,2026-01-09,5132.22,EUR,"Hernandez, Greer and Jackson",Vendor payout,approved
TXN-101983,BATCH-1079,REF-312160,2026-02-01,12037.05,EUR,Gordon-Roberts,Vendor payout,approved
TXN-101984,BATCH-1079,REF-333327,2026-01-12,16932.66,GBP,Mullins-Cabrera,Vendor payout,approved
TXN-101985,BATCH-1079,REF-536247,2026-04-20,19583.48,EUR,"Johnson, Meyer and Hanna",Vendor payout,approved
TXN-101986,BATCH-1079,REF-152976,2026-01-14,5071.01,GBP,Anderson Inc,Vendor payout,approved
TXN-101987,BATCH-1079,REF-452700,2026-02-10,7800.37,GBP,Lawrence-Lee,Vendor payout,approved
TXN-101988,BATCH-1079,REF-631675,2026-04-15,18665.09,EUR,Wong PLC,Vendor payout,approved
TXN-101989,BATCH-1079,REF-443085,2026-03-14,14588.73,USD,"Moss, Atkins and Daniels",Vendor payout,approved
TXN-101990,BATCH-1079,REF-188743,2026-03-19,13436.9,GBP,Walters LLC,Vendor payout,approved
TXN-101991,BATCH-1079,REF-553570,2026-02-08,7856.34,EUR,Bowman LLC,Vendor payout,approved
TXN-101992,BATCH-1079,REF-172484,2026-04-11,8272.59,EUR,"Garza, Barker and Maddox",Vendor payout,approved
TXN-101993,BATCH-1079,REF-234401,2026-04-06,18975.29,EUR,Mckinney-Cooper,Vendor payout,approved
TXN-101994,BATCH-1079,REF-412551,2026-03-26,2668.5,USD,Mann Group,Vendor payout,approved
TXN-101995,BATCH-1079,REF-820650,2026-03-04,21733.37,GBP,Smith-Gaines,Vendor payout,approved
TXN-101996,BATCH-1079,REF-686864,2026-02-23,16941.64,USD,Dickson-Gutierrez,Vendor payout,approved
TXN-101997,BATCH-1079,REF-715527,2026-01-27,2936.26,USD,Jones Group,Vendor payout,approved
TXN-101998,BATCH-1079,REF-986743,2026-02-27,16039.95,EUR,"George, Lewis and Mitchell",Vendor payout,approved
TXN-101999,BATCH-1079,REF-618689,2026-01-21,23244.61,USD,Pierce Inc,Vendor payout,approved
TXN-102000,BATCH-1080,REF-611555,2026-01-15,10149.03,GBP,Price PLC,Vendor payout,approved
TXN-102001,BATCH-1080,REF-465216,2026-01-25,4365.07,USD,"Howard, Russo and Smith",Vendor payout,approved
TXN-102002,BATCH-1080,REF-996684,2026-01-28,21999.82,GBP,Hamilton-Bautista,Vendor payout,approved
TXN-102003,BATCH-1080,REF-458131,2026-04-11,3204.94,GBP,Nguyen-Roberts,Vendor payout,approved
TXN-102004,BATCH-1080,REF-451106,2026-03-13,24165.42,GBP,Smith and Sons,Vendor payout,approved
TXN-102005,BATCH-1080,REF-855018,2026-03-25,9638.82,USD,"Ball, Henderson and Caldwell",Vendor payout,approved
TXN-102006,BATCH-1080,REF-796276,2026-03-27,15287.49,GBP,Anderson-Parks,Vendor payout,approved
TXN-102007,BATCH-1080,REF-573566,2026-02-23,21139.47,EUR,Harvey Inc,Vendor payout,approved
TXN-102008,BATCH-1080,REF-668129,2026-04-12,21234.15,GBP,"Garcia, Mercado and West",Vendor payout,approved
TXN-102009,BATCH-1080,REF-861142,2026-02-21,6724.46,USD,Brown and Sons,Vendor payout,approved
TXN-102010,BATCH-1080,REF-954175,2026-03-27,16422.31,GBP,Randall-Kerr,Vendor payout,approved
TXN-102011,BATCH-1080,REF-985250,2026-03-10,18052.7,USD,Morris Inc,Vendor payout,approved
TXN-102012,BATCH-1080,REF-893554,2026-04-30,23653.59,GBP,"Snow, Rodgers and Miller",Vendor payout,approved
TXN-102013,BATCH-1080,REF-143608,2026-03-10,882.58,GBP,Skinner Ltd,Vendor payout,approved
TXN-102014,BATCH-1080,REF-118299,2026-01-21,10729.54,USD,Fletcher-Pruitt,Vendor payout,approved
TXN-102015,BATCH-1080,REF-527859,2026-03-17,12272.33,EUR,Maxwell-Shepherd,Vendor payout,approved
TXN-102016,BATCH-1080,REF-882514,2026-03-05,22359.28,GBP,"Bryant, Harrison and Carter",Vendor payout,approved
TXN-102017,BATCH-1080,REF-633086,2026-04-10,3216.3,EUR,Garcia and Sons,Vendor payout,approved
TXN-102018,BATCH-1080,REF-158296,2026-03-27,1046.11,USD,Gomez-Cardenas,Vendor payout,approved
TXN-102019,BATCH-1080,REF-733741,2026-03-12,20511.52,GBP,King LLC,Vendor payout,approved
TXN-102020,BATCH-1080,REF-760874,2026-02-15,16377.28,GBP,Bryant LLC,Vendor payout,approved
TXN-102021,BATCH-1080,REF-816430,2026-04-04,7855.0,EUR,Hamilton-Bautista,Vendor payout,approved
TXN-102022,BATCH-1080,REF-971836,2026-04-10,22409.41,USD,Juarez-Jones,Vendor payout,approved
TXN-102023,BATCH-1080,REF-314463,2026-03-27,10201.49,USD,Richards-Johnson,Vendor payout,approved
TXN-102024,BATCH-1080,REF-333268,2026-01-16,13992.03,GBP,"Martinez, Joseph and Simmons",Vendor payout,approved
TXN-102025,BATCH-1081,REF-263667,2026-04-28,19086.9,USD,"Pena, Jones and Sanchez",Vendor payout,approved
TXN-102026,BATCH-1081,REF-774662,2026-03-18,12232.86,EUR,Anderson Inc,Vendor payout,approved
TXN-102027,BATCH-1081,REF-339997,2026-02-10,17457.89,USD,Newman-Thomas,Vendor payout,approved
TXN-102028,BATCH-1081,REF-871556,2026-02-10,23708.27,USD,Reynolds-Harris,Vendor payout,approved
TXN-102029,BATCH-1081,REF-671050,2026-03-19,18778.89,GBP,"Garza, Barker and Maddox",Vendor payout,approved
TXN-102030,BATCH-1081,REF-821578,2026-01-26,18670.19,EUR,"Bell, Pollard and Berry",Vendor payout,approved
TXN-102031,BATCH-1081,REF-656233,2026-04-20,21592.8,EUR,Allen Ltd,Vendor payout,approved
TXN-102032,BATCH-1081,REF-538269,2026-03-03,14510.64,EUR,Davis Group,Vendor payout,approved
TXN-102033,BATCH-1081,REF-740375,2026-04-12,14280.67,USD,Phillips-Wyatt,Vendor payout,approved
TXN-102034,BATCH-1081,REF-626175,2026-04-27,17137.95,EUR,Smith-Abbott,Vendor payout,approved
TXN-102035,BATCH-1081,REF-552033,2026-01-20,724.05,USD,Banks-Savage,Vendor payout,approved
TXN-102036,BATCH-1081,REF-649987,2026-01-08,4887.61,GBP,Johnson-Ruiz,Vendor payout,approved
TXN-102037,BATCH-1081,REF-645957,2026-01-23,21279.68,GBP,Robinson and Sons,Vendor payout,approved
TXN-102038,BATCH-1081,REF-906866,2026-03-07,3963.49,EUR,Contreras LLC,Vendor payout,approved
TXN-102039,BATCH-1081,REF-812834,2026-04-20,6371.82,GBP,Mann Group,Vendor payout,approved
TXN-102040,BATCH-1081,REF-886568,2026-02-07,20931.22,EUR,Gonzalez-Pennington,Vendor payout,approved
TXN-102041,BATCH-1081,REF-145885,2026-04-06,2017.98,EUR,Kirk-Henson,Vendor payout,approved
TXN-102042,BATCH-1081,REF-960511,2026-04-25,22727.63,GBP,Wagner Ltd,Vendor payout,approved
TXN-102043,BATCH-1081,REF-286331,2026-01-08,22731.71,EUR,Mitchell-Byrd,Vendor payout,approved
TXN-102044,BATCH-1081,REF-355729,2026-01-22,15423.21,EUR,"Murphy, Jordan and Whitney",Vendor payout,approved
TXN-102045,BATCH-1081,REF-702837,2026-02-28,12502.91,USD,Howard LLC,Vendor payout,approved
TXN-102046,BATCH-1081,REF-216038,2026-01-18,1212.78,GBP,Beard-Cooper,Vendor payout,approved
TXN-102047,BATCH-1081,REF-729968,2026-01-30,6981.97,GBP,Cooper Ltd,Vendor payout,approved
TXN-102048,BATCH-1081,REF-149569,2026-02-07,14039.82,GBP,"Molina, Wells and Bright",Vendor payout,approved
TXN-102049,BATCH-1081,REF-771681,2026-02-22,4797.16,USD,Pena Inc,Vendor payout,approved
TXN-102050,BATCH-1082,REF-210947,2026-03-26,23435.41,GBP,Garcia and Sons,Vendor payout,approved
TXN-102051,BATCH-1082,REF-825420,2026-01-14,14320.39,USD,"George, Lewis and Mitchell",Vendor payout,approved
TXN-102052,BATCH-1082,REF-408041,2026-03-03,8255.61,EUR,Ingram PLC,Vendor payout,approved
TXN-102053,BATCH-1082,REF-557552,2026-01-25,13969.26,GBP,Joseph Group,Vendor payout,approved
TXN-102054,BATCH-1082,REF-562586,2026-03-03,3439.89,GBP,Harvey Inc,Vendor payout,approved
TXN-102055,BATCH-1082,REF-360564,2026-01-09,6559.08,GBP,Griffin Inc,Vendor payout,approved
TXN-102056,BATCH-1082,REF-590721,2026-04-18,4725.45,GBP,Walters LLC,Vendor payout,approved
TXN-102057,BATCH-1082,REF-717048,2026-04-08,21408.94,USD,Jones-Graham,Vendor payout,approved
TXN-102058,BATCH-1082,REF-820547,2026-04-09,19500.39,USD,Walters PLC,Vendor payout,approved
TXN-102059,BATCH-1082,REF-770173,2026-03-21,24160.24,EUR,Fitzgerald-Watson,Vendor payout,approved
TXN-102060,BATCH-1082,REF-342849,2026-01-24,9695.46,GBP,Jacobs PLC,Vendor payout,approved
TXN-102061,BATCH-1082,REF-250544,2026-03-12,17363.62,GBP,Smith and Sons,Vendor payout,approved
TXN-102062,BATCH-1082,REF-485781,2026-04-23,16942.75,GBP,Charles-Butler,Vendor payout,approved
TXN-102063,BATCH-1082,REF-752480,2026-04-07,12338.92,USD,Perez-Neal,Vendor payout,approved
TXN-102064,BATCH-1082,REF-543347,2026-04-04,19361.28,USD,Flynn-Matthews,Vendor payout,approved
TXN-102065,BATCH-1082,REF-493041,2026-04-25,14403.69,GBP,Schneider Ltd,Vendor payout,approved
TXN-102066,BATCH-1082,REF-162744,2026-04-27,23869.87,EUR,Smith and Sons,Vendor payout,approved
TXN-102067,BATCH-1082,REF-403537,2026-03-02,17875.02,USD,Kelly-Murphy,Vendor payout,approved
TXN-102068,BATCH-1082,REF-603627,2026-01-19,21171.89,EUR,"Howell, Hart and Swanson",Vendor payout,approved
TXN-102069,BATCH-1082,REF-408396,2026-03-30,3953.17,GBP,"Murphy, Jordan and Whitney",Vendor payout,approved
TXN-102070,BATCH-1082,REF-434042,2026-01-09,9921.76,USD,"Edwards, Anderson and Taylor",Vendor payout,approved
TXN-102071,BATCH-1082,REF-827402,2026-02-20,17059.28,EUR,Holmes and Sons,Vendor payout,approved
TXN-102072,BATCH-1082,REF-953478,2026-04-15,3889.35,GBP,Nguyen-White,Vendor payout,approved
TXN-102073,BATCH-1082,REF-334528,2026-02-12,24446.47,EUR,Mann Group,Vendor payout,approved
TXN-102074,BATCH-1082,REF-913450,2026-02-18,5628.17,USD,Orozco Ltd,Vendor payout,approved
TXN-102075,BATCH-1083,REF-264038,2026-02-16,16648.21,EUR,"Garza, Barker and Maddox",Vendor payout,approved
TXN-102076,BATCH-1083,REF-518557,2026-04-22,14043.88,GBP,Contreras LLC,Vendor payout,approved
TXN-102077,BATCH-1083,REF-646289,2026-03-02,1912.02,GBP,Walters PLC,Vendor payout,approved
TXN-102078,BATCH-1083,REF-381903,2026-01-26,10592.18,USD,Reynolds-Harris,Vendor payout,approved
TXN-102079,BATCH-1083,REF-809369,2026-04-05,22576.12,EUR,Reynolds LLC,Vendor payout,approved
TXN-102080,BATCH-1083,REF-242354,2026-04-14,13856.24,GBP,Barrera Group,Vendor payout,approved
TXN-102081,BATCH-1083,REF-327153,2026-01-25,13673.99,EUR,"Johnson, Harrison and Thomas",Vendor payout,approved
TXN-102082,BATCH-1083,REF-293334,2026-03-23,20263.71,GBP,"Bates, Diaz and Lowe",Vendor payout,approved
TXN-102083,BATCH-1083,REF-220326,2026-03-06,20740.76,EUR,"Dorsey, Patterson and Harrison",Vendor payout,approved
TXN-102084,BATCH-1083,REF-706837,2026-01-01,14980.49,USD,"Collins, Gardner and Shaw",Vendor payout,approved
TXN-102085,BATCH-1083,REF-123802,2026-01-28,21269.25,GBP,Li-Martinez,Vendor payout,approved
TXN-102086,BATCH-1083,REF-438650,2026-04-23,3625.6,GBP,Randall-Kerr,Vendor payout,approved
TXN-102087,BATCH-1083,REF-980575,2026-04-15,16745.79,GBP,"Snow, Rodgers and Miller",Vendor payout,approved
TXN-102088,BATCH-1083,REF-656165,2026-03-07,21013.97,GBP,Davis PLC,Vendor payout,approved
TXN-102089,BATCH-1083,REF-534443,2026-01-31,10903.89,USD,"Cox, Fernandez and Baker",Vendor payout,approved
TXN-102090,BATCH-1083,REF-192201,2026-01-03,4045.96,USD,Hickman-Walter,Vendor payout,approved
TXN-102091,BATCH-1083,REF-979691,2026-04-23,16681.98,EUR,Smith-Abbott,Vendor payout,approved
TXN-102092,BATCH-1083,REF-369491,2026-04-06,22213.68,EUR,"Salinas, Barnes and Cooper",Vendor payout,approved
TXN-102093,BATCH-1083,REF-591546,2026-02-27,9872.16,USD,Prince-Martinez,Vendor payout,approved
TXN-102094,BATCH-1083,REF-901296,2026-04-24,3369.96,USD,Smith-Ortiz,Vendor payout,approved
TXN-102095,BATCH-1083,REF-552959,2026-02-09,23393.73,EUR,"Graham, Ferguson and Hill",Vendor payout,approved
TXN-102096,BATCH-1083,REF-889385,2026-02-27,9228.44,GBP,Todd-Oconnor,Vendor payout,approved
TXN-102097,BATCH-1083,REF-797475,2026-04-02,7779.4,USD,Gonzalez Inc,Vendor payout,approved
TXN-102098,BATCH-1083,REF-702083,2026-04-22,18663.65,USD,Hernandez-Diaz,Vendor payout,approved
TXN-102099,BATCH-1083,REF-618341,2026-01-28,2207.43,EUR,Jones-Turner,Vendor payout,approved
TXN-102100,BATCH-1084,REF-927320,2026-01-03,532.62,GBP,"Pineda, Travis and Jones",Vendor payout,approved
TXN-102101,BATCH-1084,REF-833253,2026-03-14,6352.62,GBP,Allen Group,Vendor payout,approved
TXN-102102,BATCH-1084,REF-855704,2026-04-23,12107.18,GBP,Bowman LLC,Vendor payout,approved
TXN-102103,BATCH-1084,REF-784232,2026-01-24,3903.33,EUR,Cooper Ltd,Vendor payout,approved
TXN-102104,BATCH-1084,REF-973439,2026-04-13,22582.43,USD,Bauer Inc,Vendor payout,approved
TXN-102105,BATCH-1084,REF-792439,2026-01-11,21689.6,USD,"Howard, Russo and Smith",Vendor payout,approved
TXN-102106,BATCH-1084,REF-341448,2026-04-09,11500.1,USD,Zimmerman and Sons,Vendor payout,approved
TXN-102107,BATCH-1084,REF-316929,2026-03-04,8164.97,EUR,Wagner Ltd,Vendor payout,approved
TXN-102108,BATCH-1084,REF-811384,2026-04-06,6719.04,GBP,Kirk-Henson,Vendor payout,approved
TXN-102109,BATCH-1084,REF-433828,2026-03-16,6410.27,GBP,"Bates, Diaz and Lowe",Vendor payout,approved
TXN-102110,BATCH-1084,REF-159230,2026-02-03,8983.61,USD,"Collins, Gardner and Shaw",Vendor payout,approved
TXN-102111,BATCH-1084,REF-535804,2026-03-19,18721.9,GBP,Zimmerman Group,Vendor payout,approved
TXN-102112,BATCH-1084,REF-902767,2026-03-19,11868.23,USD,Arnold-Beck,Vendor payout,approved
TXN-102113,BATCH-1084,REF-699710,2026-03-07,5323.32,USD,"Ball, Henderson and Caldwell",Vendor payout,approved
TXN-102114,BATCH-1084,REF-857526,2026-01-09,13169.36,USD,Dudley Ltd,Vendor payout,approved
TXN-102115,BATCH-1084,REF-558415,2026-04-22,13920.39,GBP,Thornton and Sons,Vendor payout,approved
TXN-102116,BATCH-1084,REF-941828,2026-02-14,2619.16,GBP,Maxwell-Shepherd,Vendor payout,approved
TXN-102117,BATCH-1084,REF-110284,2026-04-08,22424.23,USD,"Nelson, Bowers and Cooper",Vendor payout,approved
TXN-102118,BATCH-1084,REF-655514,2026-02-10,13584.84,GBP,Green Ltd,Vendor payout,approved
TXN-102119,BATCH-1084,REF-899847,2026-02-19,9438.77,EUR,"Thompson, Cooper and Young",Vendor payout,approved
TXN-102120,BATCH-1084,REF-746060,2026-01-15,22998.94,USD,"Ward, Garcia and Henry",Vendor payout,approved
TXN-102121,BATCH-1084,REF-596226,2026-02-02,241.61,GBP,"Malone, Bell and Bryant",Vendor payout,approved
TXN-102122,BATCH-1084,REF-560412,2026-01-12,14525.49,GBP,Gardner Inc,Vendor payout,approved
TXN-102123,BATCH-1084,REF-762435,2026-04-13,11330.77,USD,Reynolds-Harris,Vendor payout,approved
TXN-102124,BATCH-1084,REF-333056,2026-01-19,10978.74,USD,Rose-Gonzales,Vendor payout,approved
TXN-102125,BATCH-1085,REF-162637,2026-04-28,20354.04,USD,Peters-Ward,Vendor payout,approved
TXN-102126,BATCH-1085,REF-231790,2026-02-22,7590.35,USD,Zimmerman and Sons,Vendor payout,approved
TXN-102127,BATCH-1085,REF-961047,2026-04-30,15322.99,EUR,Davis PLC,Vendor payout,approved
TXN-102128,BATCH-1085,REF-916072,2026-01-19,15831.53,GBP,Mccoy Ltd,Vendor payout,approved
TXN-102129,BATCH-1085,REF-697041,2026-03-26,10312.58,GBP,Cooper PLC,Vendor payout,approved
TXN-102130,BATCH-1085,REF-185658,2026-03-29,3948.02,GBP,Thornton and Sons,Vendor payout,approved
TXN-102131,BATCH-1085,REF-170975,2026-01-16,18452.46,EUR,Cooper PLC,Vendor payout,approved
TXN-102132,BATCH-1085,REF-310220,2026-04-08,203.47,EUR,Brady-Ford,Vendor payout,approved
TXN-102133,BATCH-1085,REF-936243,2026-01-11,18525.48,USD,Mitchell-Byrd,Vendor payout,approved
TXN-102134,BATCH-1085,REF-571644,2026-01-29,12100.54,GBP,"Rogers, Anderson and Campos",Vendor payout,approved
TXN-102135,BATCH-1085,REF-654887,2026-04-17,17220.03,GBP,Hamilton-Bautista,Vendor payout,approved
TXN-102136,BATCH-1085,REF-489434,2026-03-03,1172.05,EUR,Moore LLC,Vendor payout,approved
TXN-102137,BATCH-1085,REF-744717,2026-03-25,1001.5,EUR,"Bryant, Harrison and Carter",Vendor payout,approved
TXN-102138,BATCH-1085,REF-219685,2026-02-06,1185.46,USD,Smith Ltd,Vendor payout,approved
TXN-102139,BATCH-1085,REF-500982,2026-03-22,2172.61,GBP,Johnson-Ruiz,Vendor payout,approved
TXN-102140,BATCH-1085,REF-782431,2026-04-29,602.02,GBP,"Bates, Diaz and Lowe",Vendor payout,approved
TXN-102141,BATCH-1085,REF-441004,2026-02-16,3524.11,USD,Wilson Ltd,Vendor payout,approved
TXN-102142,BATCH-1085,REF-136559,2026-04-04,16788.06,USD,Reynolds LLC,Vendor payout,approved
TXN-102143,BATCH-1085,REF-707701,2026-03-14,2759.5,EUR,Flynn-Matthews,Vendor payout,approved
TXN-102144,BATCH-1085,REF-498173,2026-02-07,5764.82,GBP,Prince-Martinez,Vendor payout,approved
TXN-102145,BATCH-1085,REF-233411,2026-01-14,21655.38,USD,Dickson-Gutierrez,Vendor payout,approved
TXN-102146,BATCH-1085,REF-630172,2026-03-24,952.19,USD,Randall-Kerr,Vendor payout,approved
TXN-102147,BATCH-1085,REF-537667,2026-01-12,6644.77,EUR,Howe and Sons,Vendor payout,approved
TXN-102148,BATCH-1085,REF-791913,2026-01-12,18216.8,EUR,"Rollins, Charles and Black",Vendor payout,approved
TXN-102149,BATCH-1085,REF-723094,2026-02-01,20269.35,USD,Crawford Ltd,Vendor payout,approved
TXN-102150,BATCH-1086,REF-229996,2026-03-30,109.96,USD,Perez-Neal,Vendor payout,approved
TXN-102151,BATCH-1086,REF-983389,2026-01-10,21580.64,EUR,Hammond Ltd,Vendor payout,approved
TXN-102152,BATCH-1086,REF-113887,2026-03-31,16189.59,GBP,Anderson-Parks,Vendor payout,approved
TXN-102153,BATCH-1086,REF-529314,2026-01-20,3979.97,USD,Jenkins-Henderson,Vendor payout,approved
TXN-102154,BATCH-1086,REF-403592,2026-03-15,18820.26,GBP,Contreras LLC,Vendor payout,approved
TXN-102155,BATCH-1086,REF-820104,2026-04-27,17740.19,GBP,Dickson-Padilla,Vendor payout,approved
TXN-102156,BATCH-1086,REF-417096,2026-02-01,11268.36,USD,"Wilson, Robertson and Gonzalez",Vendor payout,approved
TXN-102157,BATCH-1086,REF-161154,2026-03-10,3959.05,EUR,Ramsey-Caldwell,Vendor payout,approved
TXN-102158,BATCH-1086,REF-190792,2026-04-14,9003.0,USD,"Hansen, Herrera and Taylor",Vendor payout,approved
TXN-102159,BATCH-1086,REF-250524,2026-04-14,10274.69,GBP,Bryant LLC,Vendor payout,approved
TXN-102160,BATCH-1086,REF-145206,2026-02-13,24042.63,USD,Brown and Sons,Vendor payout,approved
TXN-102161,BATCH-1086,REF-514879,2026-03-09,16073.12,USD,Best Inc,Vendor payout,approved
TXN-102162,BATCH-1086,REF-394202,2026-01-11,1371.57,GBP,Allen-Taylor,Vendor payout,approved
TXN-102163,BATCH-1086,REF-785010,2026-04-25,12323.63,GBP,Thompson-Washington,Vendor payout,approved
TXN-102164,BATCH-1086,REF-811984,2026-03-27,4343.7,GBP,Allen-Taylor,Vendor payout,approved
TXN-102165,BATCH-1086,REF-672604,2026-02-28,19690.61,EUR,Allen Inc,Vendor payout,approved
TXN-102166,BATCH-1086,REF-117897,2026-03-24,9002.91,GBP,Johnson-Ruiz,Vendor payout,approved
TXN-102167,BATCH-1086,REF-181582,2026-03-22,11108.92,USD,Smith-Abbott,Vendor payout,approved
TXN-102168,BATCH-1086,REF-748110,2026-01-12,2107.82,EUR,"Savage, Garcia and Robinson",Vendor payout,approved
TXN-102169,BATCH-1086,REF-978580,2026-02-21,18587.45,USD,Pennington PLC,Vendor payout,approved
TXN-102170,BATCH-1086,REF-130242,2026-02-16,1178.87,USD,Brown Ltd,Vendor payout,approved
TXN-102171,BATCH-1086,REF-290965,2026-02-16,2198.53,EUR,"Johnson, Meyer and Hanna",Vendor payout,approved
TXN-102172,BATCH-1086,REF-565352,2026-02-26,24172.37,EUR,Hays-Dalton,Vendor payout,approved
TXN-102173,BATCH-1086,REF-837296,2026-03-21,7914.81,EUR,Pena Inc,Vendor payout,approved
TXN-102174,BATCH-1086,REF-420186,2026-02-16,17550.43,GBP,Todd-Oconnor,Vendor payout,approved
TXN-102175,BATCH-1087,REF-468976,2026-03-11,7773.88,EUR,Johnson Inc,Vendor payout,approved
TXN-102176,BATCH-1087,REF-194869,2026-04-20,11312.07,GBP,Mann Group,Vendor payout,approved
TXN-102177,BATCH-1087,REF-997358,2026-02-07,1614.69,USD,Washington-West,Vendor payout,approved
TXN-102178,BATCH-1087,REF-228035,2026-04-18,7591.35,GBP,"Adams, Rodriguez and Walker",Vendor payout,approved
TXN-102179,BATCH-1087,REF-636046,2026-02-24,3179.24,USD,Rose-Gonzales,Vendor payout,approved
TXN-102180,BATCH-1087,REF-369610,2026-02-24,21141.39,EUR,Johnson-Newton,Vendor payout,approved
TXN-102181,BATCH-1087,REF-334635,2026-04-30,11908.23,GBP,Hawkins-Saunders,Vendor payout,approved
TXN-102182,BATCH-1087,REF-884011,2026-02-27,14425.65,GBP,Jimenez-Bradley,Vendor payout,approved
TXN-102183,BATCH-1087,REF-553004,2026-02-01,17560.81,EUR,Allen Ltd,Vendor payout,approved
TXN-102184,BATCH-1087,REF-596782,2026-01-28,1243.32,USD,Randall-Kerr,Vendor payout,approved
TXN-102185,BATCH-1087,REF-698230,2026-04-28,836.92,EUR,Reynolds-Torres,Vendor payout,approved
TXN-102186,BATCH-1087,REF-463152,2026-03-18,23499.2,USD,Anderson LLC,Vendor payout,approved
TXN-102187,BATCH-1087,REF-961593,2026-03-27,2248.52,USD,Schneider Ltd,Vendor payout,approved
TXN-102188,BATCH-1087,REF-992665,2026-03-08,8671.75,GBP,Wright Group,Vendor payout,approved
TXN-102189,BATCH-1087,REF-615792,2026-03-25,4736.01,USD,Brady-Ford,Vendor payout,approved
TXN-102190,BATCH-1087,REF-168687,2026-02-28,6541.08,EUR,Jones-Fuentes,Vendor payout,approved
TXN-102191,BATCH-1087,REF-618384,2026-03-04,8988.38,GBP,Hunter-Nicholson,Vendor payout,approved
TXN-102192,BATCH-1087,REF-711314,2026-01-17,10571.33,GBP,"Chavez, Davis and Walton",Vendor payout,approved
TXN-102193,BATCH-1087,REF-972714,2026-03-09,10140.02,GBP,"Yu, Nguyen and Wood",Vendor payout,approved
TXN-102194,BATCH-1087,REF-905448,2026-05-01,22164.95,EUR,"Pena, Jones and Sanchez",Vendor payout,approved
TXN-102195,BATCH-1087,REF-247386,2026-01-24,10620.67,GBP,Griffin Inc,Vendor payout,approved
TXN-102196,BATCH-1087,REF-391825,2026-03-23,13519.3,USD,Crawford Ltd,Vendor payout,approved
TXN-102197,BATCH-1087,REF-611996,2026-04-20,7846.16,USD,Rhodes Ltd,Vendor payout,approved
TXN-102198,BATCH-1087,REF-882271,2026-03-25,16702.04,USD,Coffey-Howell,Vendor payout,approved
TXN-102199,BATCH-1087,REF-489124,2026-01-09,18414.62,USD,Moore LLC,Vendor payout,approved
TXN-102200,BATCH-1088,REF-700908,2026-01-13,5348.78,USD,Anderson LLC,Vendor payout,approved
TXN-102201,BATCH-1088,REF-108830,2026-03-01,5778.39,EUR,"Hernandez, Greer and Jackson",Vendor payout,approved
TXN-102202,BATCH-1088,REF-968352,2026-01-24,11933.53,USD,"Ball, Henderson and Caldwell",Vendor payout,approved
TXN-102203,BATCH-1088,REF-735336,2026-03-26,23627.0,USD,"Edwards, Anderson and Taylor",Vendor payout,approved
TXN-102204,BATCH-1088,REF-345528,2026-04-19,13729.61,GBP,Hughes Inc,Vendor payout,approved
TXN-102205,BATCH-1088,REF-294458,2026-02-07,20613.68,EUR,"Hayes, Luna and Miller",Vendor payout,approved
TXN-102206,BATCH-1088,REF-622625,2026-03-24,1236.37,GBP,"Garner, Lawson and Richard",Vendor payout,approved
TXN-102207,BATCH-1088,REF-923338,2026-04-11,502.14,USD,Howard LLC,Vendor payout,approved
TXN-102208,BATCH-1088,REF-321308,2026-04-12,15591.17,EUR,"Waller, Bass and Mitchell",Vendor payout,approved
TXN-102209,BATCH-1088,REF-593368,2026-03-31,24155.58,GBP,Reynolds LLC,Vendor payout,approved
TXN-102210,BATCH-1088,REF-122580,2026-05-01,7724.18,USD,"Taylor, Zavala and Bates",Vendor payout,approved
TXN-102211,BATCH-1088,REF-962967,2026-04-10,15655.44,GBP,Nguyen-Roberts,Vendor payout,approved
TXN-102212,BATCH-1088,REF-895980,2026-03-19,7089.34,GBP,Banks-Savage,Vendor payout,approved
TXN-102213,BATCH-1088,REF-617067,2026-04-09,23544.61,GBP,"Yu, Nguyen and Wood",Vendor payout,approved
TXN-102214,BATCH-1088,REF-992060,2026-02-13,14371.45,EUR,Arnold-Beck,Vendor payout,approved
TXN-102215,BATCH-1088,REF-315773,2026-03-02,10466.1,EUR,"Roberts, Frazier and Smith",Vendor payout,approved
TXN-102216,BATCH-1088,REF-519721,2026-03-30,20173.12,EUR,"Nguyen, Williams and Smith",Vendor payout,approved
TXN-102217,BATCH-1088,REF-932097,2026-03-09,21620.16,EUR,"Robinson, Bauer and Brown",Vendor payout,approved
TXN-102218,BATCH-1088,REF-964952,2026-03-03,21396.64,EUR,Gonzalez-Mcdaniel,Vendor payout,approved
TXN-102219,BATCH-1088,REF-580552,2026-02-11,918.63,GBP,Murray Group,Vendor payout,approved
TXN-102220,BATCH-1088,REF-103380,2026-01-24,5282.78,EUR,Jackson LLC,Vendor payout,approved
TXN-102221,BATCH-1088,REF-632162,2026-03-28,11883.2,GBP,Thompson-Washington,Vendor payout,approved
TXN-102222,BATCH-1088,REF-814440,2026-02-25,19704.28,USD,Moore LLC,Vendor payout,approved
TXN-102223,BATCH-1088,REF-246346,2026-02-02,11968.02,EUR,"Graham, Ferguson and Hill",Vendor payout,approved
TXN-102224,BATCH-1088,REF-507054,2026-01-13,15194.43,EUR,Hamilton-Bautista,Vendor payout,approved
TXN-102225,BATCH-1089,REF-318628,2026-01-19,20625.06,GBP,Li-Jones,Vendor payout,approved
TXN-102226,BATCH-1089,REF-776186,2026-01-16,22692.97,GBP,Peterson LLC,Vendor payout,approved
TXN-102227,BATCH-1089,REF-252132,2026-03-25,14763.33,USD,"Hobbs, Blanchard and Porter",Vendor payout,approved
TXN-102228,BATCH-1089,REF-605068,2026-04-03,20681.62,GBP,Ingram PLC,Vendor payout,approved
TXN-102229,BATCH-1089,REF-866540,2026-04-15,1366.43,USD,"Garza, Barker and Maddox",Vendor payout,approved
TXN-102230,BATCH-1089,REF-982796,2026-02-05,10627.35,GBP,"Brown, Middleton and Williams",Vendor payout,approved
TXN-102231,BATCH-1089,REF-273792,2026-02-26,20038.38,GBP,"Moss, Atkins and Daniels",Vendor payout,approved
TXN-102232,BATCH-1089,REF-879779,2026-01-13,7854.56,GBP,"Molina, Wells and Bright",Vendor payout,approved
TXN-102233,BATCH-1089,REF-158960,2026-02-28,6252.57,GBP,"Martinez, Henderson and Osborne",Vendor payout,approved
TXN-102234,BATCH-1089,REF-439004,2026-04-03,16551.51,USD,Davenport PLC,Vendor payout,approved
TXN-102235,BATCH-1089,REF-129117,2026-02-23,22632.13,EUR,Smith-Ortiz,Vendor payout,approved
TXN-102236,BATCH-1089,REF-967262,2026-01-10,14152.88,EUR,Mata Inc,Vendor payout,approved
TXN-102237,BATCH-1089,REF-189137,2026-04-20,4297.49,GBP,Davis PLC,Vendor payout,approved
TXN-102238,BATCH-1089,REF-443909,2026-03-15,23070.03,GBP,Reynolds-Harris,Vendor payout,approved
TXN-102239,BATCH-1089,REF-152098,2026-02-23,24917.33,GBP,"Moss, Atkins and Daniels",Vendor payout,approved
TXN-102240,BATCH-1089,REF-893637,2026-02-23,14776.81,EUR,Colon Group,Vendor payout,approved
TXN-102241,BATCH-1089,REF-179312,2026-01-03,9582.49,EUR,Edwards-Boyd,Vendor payout,approved
TXN-102242,BATCH-1089,REF-244073,2026-04-06,2307.93,EUR,"Yu, Nguyen and Wood",Vendor payout,approved
TXN-102243,BATCH-1089,REF-364310,2026-03-07,24486.74,USD,Park-Daniels,Vendor payout,approved
TXN-102244,BATCH-1089,REF-111125,2026-03-25,16495.15,USD,Robinson and Sons,Vendor payout,approved
TXN-102245,BATCH-1089,REF-130719,2026-01-05,21642.02,USD,"Fox, Hernandez and Ryan",Vendor payout,approved
TXN-102246,BATCH-1089,REF-207632,2026-02-25,24348.62,EUR,Reed PLC,Vendor payout,approved
TXN-102247,BATCH-1089,REF-479983,2026-01-15,6492.15,USD,Contreras LLC,Vendor payout,approved
TXN-102248,BATCH-1089,REF-400495,2026-04-14,8648.68,GBP,Allen Inc,Vendor payout,approved
TXN-102249,BATCH-1089,REF-140162,2026-03-11,2423.51,USD,Walters LLC,Vendor payout,approved
TXN-102250,BATCH-1090,REF-229236,2026-02-10,15485.9,GBP,Kelly-Murphy,Vendor payout,approved
TXN-102251,BATCH-1090,REF-493967,2026-04-21,3340.52,EUR,Jenkins-Henderson,Vendor payout,approved
TXN-102252,BATCH-1090,REF-585581,2026-04-13,483.07,EUR,Walters LLC,Vendor payout,approved
TXN-102253,BATCH-1090,REF-401147,2026-03-07,9753.01,GBP,"Garcia, Mercado and West",Vendor payout,approved
TXN-102254,BATCH-1090,REF-140004,2026-04-24,57.76,GBP,Arroyo-Pope,Vendor payout,approved
TXN-102255,BATCH-1090,REF-592715,2026-02-03,18695.72,USD,Welch-Peck,Vendor payout,approved
TXN-102256,BATCH-1090,REF-443694,2026-04-29,22430.21,USD,Prince-Martinez,Vendor payout,approved
TXN-102257,BATCH-1090,REF-113786,2026-01-24,4115.82,EUR,Orozco Ltd,Vendor payout,approved
TXN-102258,BATCH-1090,REF-854506,2026-01-02,13832.62,EUR,Hammond Ltd,Vendor payout,approved
TXN-102259,BATCH-1090,REF-762647,2026-02-03,24195.14,USD,Skinner Ltd,Vendor payout,approved
TXN-102260,BATCH-1090,REF-712279,2026-03-15,19620.23,EUR,Roberts Group,Vendor payout,approved
TXN-102261,BATCH-1090,REF-184886,2026-02-26,10334.08,EUR,"Santana, Hoffman and Cobb",Vendor payout,approved
TXN-102262,BATCH-1090,REF-411930,2026-02-25,9749.55,EUR,Mitchell-Jones,Vendor payout,approved
TXN-102263,BATCH-1090,REF-344014,2026-03-31,24806.02,EUR,"Rodriguez, Evans and Patterson",Vendor payout,approved
TXN-102264,BATCH-1090,REF-762023,2026-03-09,6035.89,USD,Garcia Ltd,Vendor payout,approved
TXN-102265,BATCH-1090,REF-590001,2026-02-08,23223.71,EUR,Hickman-Walter,Vendor payout,approved
TXN-102266,BATCH-1090,REF-651405,2026-04-10,4858.46,USD,Edwards-Boyd,Vendor payout,approved
TXN-102267,BATCH-1090,REF-792299,2026-03-06,3486.75,USD,Randall-Kerr,Vendor payout,approved
TXN-102268,BATCH-1090,REF-931199,2026-04-20,306.55,EUR,Smith-Gaines,Vendor payout,approved
TXN-102269,BATCH-1090,REF-240681,2026-03-18,10571.69,USD,"Shaw, Baker and Scott",Vendor payout,approved
TXN-102270,BATCH-1090,REF-656487,2026-02-02,15454.59,EUR,"Matthews, Howard and Brown",Vendor payout,approved
TXN-102271,BATCH-1090,REF-130987,2026-03-30,2521.47,USD,Banks-Savage,Vendor payout,approved
TXN-102272,BATCH-1090,REF-281380,2026-03-09,21050.56,USD,Crawford Ltd,Vendor payout,approved
TXN-102273,BATCH-1090,REF-762427,2026-01-31,12178.12,GBP,"Evans, Conway and Hall",Vendor payout,approved
TXN-102274,BATCH-1090,REF-975631,2026-01-26,24137.81,EUR,Zimmerman Group,Vendor payout,approved
TXN-102275,BATCH-1091,REF-114211,2026-02-02,13033.32,GBP,"Kennedy, Lopez and Norton",Vendor payout,approved
TXN-102276,BATCH-1091,REF-375840,2026-01-20,22576.4,GBP,Mcclain-Jensen,Vendor payout,approved
TXN-102277,BATCH-1091,REF-911090,2026-02-10,10850.53,USD,"Evans, Conway and Hall",Vendor payout,approved
TXN-102278,BATCH-1091,REF-625329,2026-03-25,16181.3,EUR,Best Inc,Vendor payout,approved
TXN-102279,BATCH-1091,REF-252734,2026-02-22,17658.18,GBP,White-Wilson,Vendor payout,approved
TXN-102280,BATCH-1091,REF-998782,2026-03-14,1909.84,GBP,Hamilton-Bautista,Vendor payout,approved
TXN-102281,BATCH-1091,REF-519575,2026-04-20,11877.4,GBP,Allen Inc,Vendor payout,approved
TXN-102282,BATCH-1091,REF-531663,2026-01-14,1436.06,USD,Mata Inc,Vendor payout,approved
TXN-102283,BATCH-1091,REF-123537,2026-01-05,48.21,USD,Robinson Group,Vendor payout,approved
TXN-102284,BATCH-1091,REF-623331,2026-02-06,1545.28,EUR,King-George,Vendor payout,approved
TXN-102285,BATCH-1091,REF-372975,2026-01-08,23077.89,GBP,"Russell, Scott and Ramsey",Vendor payout,approved
TXN-102286,BATCH-1091,REF-839149,2026-02-28,15688.78,USD,Garcia and Sons,Vendor payout,approved
TXN-102287,BATCH-1091,REF-595397,2026-04-20,21956.92,USD,"Thompson, Cooper and Young",Vendor payout,approved
TXN-102288,BATCH-1091,REF-686192,2026-02-26,569.04,GBP,Brown Ltd,Vendor payout,approved
TXN-102289,BATCH-1091,REF-640769,2026-02-06,24241.03,USD,"Smith, Guerra and Holmes",Vendor payout,approved
TXN-102290,BATCH-1091,REF-378122,2026-01-27,16275.14,USD,Johnson-Newton,Vendor payout,approved
TXN-102291,BATCH-1091,REF-441989,2026-04-20,13508.41,GBP,Allen Inc,Vendor payout,approved
TXN-102292,BATCH-1091,REF-629761,2026-03-12,8000.42,EUR,Garcia and Sons,Vendor payout,approved
TXN-102293,BATCH-1091,REF-524321,2026-02-26,9636.13,USD,"Short, Moore and Douglas",Vendor payout,approved
TXN-102294,BATCH-1091,REF-733618,2026-02-26,1026.32,GBP,Esparza-Carroll,Vendor payout,approved
TXN-102295,BATCH-1091,REF-335437,2026-03-28,2713.04,GBP,Prince-Martinez,Vendor payout,approved
TXN-102296,BATCH-1091,REF-939864,2026-04-20,4169.52,EUR,Hays-Dalton,Vendor payout,approved
TXN-102297,BATCH-1091,REF-501523,2026-04-25,16037.63,EUR,Harvey Inc,Vendor payout,approved
TXN-102298,BATCH-1091,REF-956067,2026-02-15,7709.61,GBP,Randall-Kerr,Vendor payout,approved
TXN-102299,BATCH-1091,REF-326246,2026-02-12,4852.19,GBP,"Malone, Bell and Bryant",Vendor payout,approved
TXN-102300,BATCH-1092,REF-303879,2026-02-10,9895.67,GBP,Moore LLC,Vendor payout,approved
TXN-102301,BATCH-1092,REF-785914,2026-02-02,18329.25,EUR,Mcclain-Jensen,Vendor payout,approved
TXN-102302,BATCH-1092,REF-471979,2026-04-19,19178.73,EUR,"Howard, Lynch and Morris",Vendor payout,approved
TXN-102303,BATCH-1092,REF-657059,2026-03-25,19762.93,USD,"Best, Simon and Turner",Vendor payout,approved
TXN-102304,BATCH-1092,REF-449064,2026-04-03,17165.27,USD,Leach-Walker,Vendor payout,approved
TXN-102305,BATCH-1092,REF-246032,2026-04-03,9084.77,EUR,King-George,Vendor payout,approved
TXN-102306,BATCH-1092,REF-836787,2026-04-08,15308.64,EUR,Gardner-Hayes,Vendor payout,approved
TXN-102307,BATCH-1092,REF-725382,2026-03-11,8066.39,EUR,Erickson and Sons,Vendor payout,approved
TXN-102308,BATCH-1092,REF-157233,2026-03-19,10809.97,USD,Fitzpatrick-Henderson,Vendor payout,approved
TXN-102309,BATCH-1092,REF-752138,2026-04-30,10324.9,USD,"George, Lewis and Mitchell",Vendor payout,approved
TXN-102310,BATCH-1092,REF-633138,2026-03-11,17810.94,EUR,Randall-Kerr,Vendor payout,approved
TXN-102311,BATCH-1092,REF-561661,2026-04-02,329.95,USD,Richards-Johnson,Vendor payout,approved
TXN-102312,BATCH-1092,REF-390480,2026-01-09,9561.9,GBP,Pena Inc,Vendor payout,approved
TXN-102313,BATCH-1092,REF-210973,2026-03-26,16760.94,USD,"Ramirez, Hernandez and Fox",Vendor payout,approved
TXN-102314,BATCH-1092,REF-553203,2026-02-08,682.67,EUR,Gordon-Roberts,Vendor payout,approved
TXN-102315,BATCH-1092,REF-818991,2026-03-21,14004.12,USD,Gonzalez-Pennington,Vendor payout,approved
TXN-102316,BATCH-1092,REF-769711,2026-04-25,7724.81,USD,Fitzgerald-Watson,Vendor payout,approved
TXN-102317,BATCH-1092,REF-261037,2026-03-12,8573.6,GBP,Hammond Ltd,Vendor payout,approved
TXN-102318,BATCH-1092,REF-533718,2026-04-21,2110.73,USD,Lawrence-Lee,Vendor payout,approved
TXN-102319,BATCH-1092,REF-178940,2026-02-16,21599.53,USD,"Smith, Guerra and Holmes",Vendor payout,approved
TXN-102320,BATCH-1092,REF-630741,2026-02-24,14441.95,GBP,Erickson and Sons,Vendor payout,approved
TXN-102321,BATCH-1092,REF-731264,2026-02-21,16207.65,EUR,Gonzalez-Mcdaniel,Vendor payout,approved
TXN-102322,BATCH-1092,REF-223109,2026-02-01,12618.4,USD,Garcia and Sons,Vendor payout,approved
TXN-102323,BATCH-1092,REF-106802,2026-03-12,8164.25,EUR,Erickson and Sons,Vendor payout,approved
TXN-102324,BATCH-1092,REF-644621,2026-01-21,1065.64,GBP,Morris Inc,Vendor payout,approved
TXN-102325,BATCH-1093,REF-120415,2026-02-18,21726.62,EUR,Hunt PLC,Vendor payout,approved
TXN-102326,BATCH-1093,REF-125643,2026-04-06,4969.21,USD,"Shaw, Baker and Scott",Vendor payout,approved
TXN-102327,BATCH-1093,REF-108285,2026-03-02,2266.5,EUR,Murray Group,Vendor payout,approved
TXN-102328,BATCH-1093,REF-884076,2026-03-30,20031.27,EUR,"Hernandez, Hill and Hull",Vendor payout,approved
TXN-102329,BATCH-1093,REF-394259,2026-04-11,325.32,GBP,"Peterson, Hood and Arroyo",Vendor payout,approved
TXN-102330,BATCH-1093,REF-721408,2026-03-14,1133.01,GBP,"Gray, Williams and Weaver",Vendor payout,approved
TXN-102331,BATCH-1093,REF-631468,2026-03-04,392.37,GBP,"Short, Moore and Douglas",Vendor payout,approved
TXN-102332,BATCH-1093,REF-743302,2026-02-19,15673.06,GBP,"Mooney, Black and Roach",Vendor payout,approved
TXN-102333,BATCH-1093,REF-519696,2026-04-01,14906.09,USD,Walter Inc,Vendor payout,approved
TXN-102334,BATCH-1093,REF-928671,2026-04-20,21014.32,USD,"Fleming, King and Herring",Vendor payout,approved
TXN-102335,BATCH-1093,REF-908597,2026-01-06,12824.11,EUR,Esparza-Carroll,Vendor payout,approved
TXN-102336,BATCH-1093,REF-826143,2026-04-02,6999.86,USD,Anderson LLC,Vendor payout,approved
TXN-102337,BATCH-1093,REF-837411,2026-01-23,11208.06,USD,Ibarra-Clark,Vendor payout,approved
TXN-102338,BATCH-1093,REF-515490,2026-04-23,3278.95,EUR,Schneider Ltd,Vendor payout,approved
TXN-102339,BATCH-1093,REF-669606,2026-01-25,21689.34,USD,"Frey, Mcgee and Bailey",Vendor payout,approved
TXN-102340,BATCH-1093,REF-522558,2026-04-15,2082.07,GBP,Rodriguez LLC,Vendor payout,approved
TXN-102341,BATCH-1093,REF-316855,2026-01-31,17255.1,EUR,Nguyen-Roberts,Vendor payout,approved
TXN-102342,BATCH-1093,REF-864645,2026-04-14,6125.23,EUR,"Howard, Lynch and Morris",Vendor payout,approved
TXN-102343,BATCH-1093,REF-453825,2026-02-23,8465.74,GBP,Gonzalez Inc,Vendor payout,approved
TXN-102344,BATCH-1093,REF-478095,2026-03-04,2571.74,USD,"Lewis, Joyce and Robertson",Vendor payout,approved
TXN-102345,BATCH-1093,REF-878976,2026-02-19,12784.01,GBP,Zimmerman and Sons,Vendor payout,approved
TXN-102346,BATCH-1093,REF-466015,2026-04-09,21080.78,USD,"Salinas, Barnes and Cooper",Vendor payout,approved
TXN-102347,BATCH-1093,REF-397558,2026-03-22,16555.37,GBP,Hickman-Walter,Vendor payout,approved
TXN-102348,BATCH-1093,REF-398115,2026-01-30,20714.41,EUR,"Taylor, Zavala and Bates",Vendor payout,approved
TXN-102349,BATCH-1093,REF-486088,2026-03-16,5466.62,EUR,"Snow, Rodgers and Miller",Vendor payout,approved
TXN-102350,BATCH-1094,REF-366554,2026-03-17,3402.4,EUR,"Cox, Fernandez and Baker",Vendor payout,approved
TXN-102351,BATCH-1094,REF-106323,2026-02-23,11062.78,USD,Mullins-Cabrera,Vendor payout,approved
TXN-102352,BATCH-1094,REF-129533,2026-03-11,11266.42,USD,"Russell, Scott and Ramsey",Vendor payout,approved
TXN-102353,BATCH-1094,REF-891824,2026-01-28,11154.14,GBP,Walter Inc,Vendor payout,approved
TXN-102354,BATCH-1094,REF-391269,2026-02-19,20309.36,EUR,"Rodriguez, Sutton and Santiago",Vendor payout,approved
TXN-102355,BATCH-1094,REF-932878,2026-02-01,18623.36,USD,Wong PLC,Vendor payout,approved
TXN-102356,BATCH-1094,REF-816678,2026-02-11,6290.84,GBP,Smith Ltd,Vendor payout,approved
TXN-102357,BATCH-1094,REF-554100,2026-01-02,21258.77,EUR,Maxwell-Shepherd,Vendor payout,approved
TXN-102358,BATCH-1094,REF-778104,2026-03-16,14821.96,GBP,"Owen, Gibson and Johnson",Vendor payout,approved
TXN-102359,BATCH-1094,REF-424435,2026-04-24,636.86,EUR,"Miller, Anderson and Padilla",Vendor payout,approved
TXN-102360,BATCH-1094,REF-872655,2026-01-24,15632.67,GBP,"Lewis, Joyce and Robertson",Vendor payout,approved
TXN-102361,BATCH-1094,REF-944896,2026-03-29,8178.46,EUR,Jimenez-Bradley,Vendor payout,approved
TXN-102362,BATCH-1094,REF-471429,2026-01-05,16032.49,GBP,"Fleming, King and Herring",Vendor payout,approved
TXN-102363,BATCH-1094,REF-302142,2026-02-03,1707.88,USD,"Graham, Ferguson and Hill",Vendor payout,approved
TXN-102364,BATCH-1094,REF-664844,2026-03-01,653.68,USD,Howard LLC,Vendor payout,approved
TXN-102365,BATCH-1094,REF-659721,2026-03-07,1628.67,USD,Spears-Beck,Vendor payout,approved
TXN-102366,BATCH-1094,REF-491666,2026-02-21,11861.21,GBP,Hawkins-Saunders,Vendor payout,approved
TXN-102367,BATCH-1094,REF-826119,2026-02-03,10819.95,EUR,"Peterson, Hood and Arroyo",Vendor payout,approved
TXN-102368,BATCH-1094,REF-873990,2026-03-17,11299.29,USD,Contreras LLC,Vendor payout,approved
TXN-102369,BATCH-1094,REF-688109,2026-01-26,6395.42,USD,Gonzalez-Mcdaniel,Vendor payout,approved
TXN-102370,BATCH-1094,REF-482776,2026-01-24,8650.25,USD,Gomez-Cardenas,Vendor payout,approved
TXN-102371,BATCH-1094,REF-262047,2026-01-02,18986.67,EUR,"Graham, Garrett and Caldwell",Vendor payout,approved
TXN-102372,BATCH-1094,REF-739193,2026-02-26,13288.87,GBP,Jenkins-Henderson,Vendor payout,approved
TXN-102373,BATCH-1094,REF-911590,2026-04-16,6266.94,EUR,Brown and Sons,Vendor payout,approved
TXN-102374,BATCH-1094,REF-679380,2026-03-05,5799.19,USD,"Collins, Gardner and Shaw",Vendor payout,approved
TXN-102375,BATCH-1095,REF-311336,2026-03-13,24797.37,USD,"Bates, Diaz and Lowe",Vendor payout,approved
TXN-102376,BATCH-1095,REF-837670,2026-01-04,19949.11,EUR,Lewis-Robinson,Vendor payout,approved
TXN-102377,BATCH-1095,REF-535377,2026-04-24,14851.75,EUR,Jones Group,Vendor payout,approved
TXN-102378,BATCH-1095,REF-629637,2026-02-13,14082.39,GBP,Jones-Graham,Vendor payout,approved
TXN-102379,BATCH-1095,REF-468477,2026-01-24,6735.11,EUR,Dickson-Padilla,Vendor payout,approved
TXN-102380,BATCH-1095,REF-333615,2026-01-01,5227.87,USD,"Garcia, Mercado and West",Vendor payout,approved
TXN-102381,BATCH-1095,REF-103230,2026-04-28,19423.05,USD,Jacobs PLC,Vendor payout,approved
TXN-102382,BATCH-1095,REF-523136,2026-04-24,8990.17,USD,"Owen, Gibson and Johnson",Vendor payout,approved
TXN-102383,BATCH-1095,REF-320390,2026-03-03,1506.49,EUR,Brady-Ford,Vendor payout,approved
TXN-102384,BATCH-1095,REF-496850,2026-02-26,16508.28,USD,Rose-Gonzales,Vendor payout,approved
TXN-102385,BATCH-1095,REF-512298,2026-02-03,8220.31,EUR,Howard-Mcdonald,Vendor payout,approved
TXN-102386,BATCH-1095,REF-838411,2026-03-11,14719.93,EUR,"Luna, Morris and Gill",Vendor payout,approved
TXN-102387,BATCH-1095,REF-879231,2026-04-13,6521.02,USD,Elliott-Wallace,Vendor payout,approved
TXN-102388,BATCH-1095,REF-991145,2026-02-05,17170.52,USD,Mullins-Cabrera,Vendor payout,approved
TXN-102389,BATCH-1095,REF-539455,2026-05-01,1458.59,GBP,Kirk-Morales,Vendor payout,approved
TXN-102390,BATCH-1095,REF-708185,2026-04-13,24919.33,GBP,Smith-Ortiz,Vendor payout,approved
TXN-102391,BATCH-1095,REF-978167,2026-01-04,14575.96,USD,Reeves Ltd,Vendor payout,approved
TXN-102392,BATCH-1095,REF-903767,2026-02-04,16885.4,EUR,"Salinas, Barnes and Cooper",Vendor payout,approved
TXN-102393,BATCH-1095,REF-712458,2026-02-11,3076.99,GBP,"Johnson, Meyer and Hanna",Vendor payout,approved
TXN-102394,BATCH-1095,REF-687957,2026-03-03,6835.54,GBP,Contreras LLC,Vendor payout,approved
TXN-102395,BATCH-1095,REF-672667,2026-02-27,9561.2,USD,"Johnson, Meyer and Hanna",Vendor payout,approved
TXN-102396,BATCH-1095,REF-941653,2026-04-18,4804.95,GBP,"Ramirez, Hernandez and Fox",Vendor payout,approved
TXN-102397,BATCH-1095,REF-290102,2026-02-21,19448.23,USD,Garcia Ltd,Vendor payout,approved
TXN-102398,BATCH-1095,REF-818106,2026-02-08,3581.78,EUR,Allen and Sons,Vendor payout,approved
TXN-102399,BATCH-1095,REF-781406,2026-03-14,24095.48,USD,"Rollins, Charles and Black",Vendor payout,approved
TXN-102400,BATCH-1096,REF-119691,2026-04-16,13327.57,USD,Li-Montoya,Vendor payout,approved
TXN-102401,BATCH-1096,REF-228797,2026-02-04,3347.5,EUR,"Robinson, Bauer and Brown",Vendor payout,approved
TXN-102402,BATCH-1096,REF-982305,2026-05-01,5994.6,EUR,"Moss, Atkins and Daniels",Vendor payout,approved
TXN-102403,BATCH-1096,REF-114564,2026-01-09,1349.91,EUR,"Molina, Wells and Bright",Vendor payout,approved
TXN-102404,BATCH-1096,REF-957952,2026-01-17,7054.03,GBP,Cooper Ltd,Vendor payout,approved
TXN-102405,BATCH-1096,REF-414652,2026-04-25,17641.39,GBP,Davenport PLC,Vendor payout,approved
TXN-102406,BATCH-1096,REF-895461,2026-04-17,12425.24,GBP,White Group,Vendor payout,approved
TXN-102407,BATCH-1096,REF-245286,2026-04-24,485.94,GBP,Wilson Group,Vendor payout,approved
TXN-102408,BATCH-1096,REF-720620,2026-04-09,2738.52,GBP,Mitchell-Byrd,Vendor payout,approved
TXN-102409,BATCH-1096,REF-805441,2026-02-02,13687.57,GBP,Jimenez-Bradley,Vendor payout,approved
TXN-102410,BATCH-1096,REF-866651,2026-03-23,21232.08,USD,Jackson LLC,Vendor payout,approved
TXN-102411,BATCH-1096,REF-461863,2026-04-12,15184.82,EUR,Arnold-Beck,Vendor payout,approved
TXN-102412,BATCH-1096,REF-295881,2026-03-09,19052.44,GBP,Rhodes Ltd,Vendor payout,approved
TXN-102413,BATCH-1096,REF-523847,2026-02-07,20345.24,GBP,Pena Inc,Vendor payout,approved
TXN-102414,BATCH-1096,REF-474007,2026-02-27,2507.67,GBP,"Owens, Peters and White",Vendor payout,approved
TXN-102415,BATCH-1096,REF-372317,2026-04-16,5223.72,USD,Smith-Gaines,Vendor payout,approved
TXN-102416,BATCH-1096,REF-170849,2026-01-16,22725.42,GBP,Joseph Group,Vendor payout,approved
TXN-102417,BATCH-1096,REF-540712,2026-03-26,24470.49,EUR,Kirk-Henson,Vendor payout,approved
TXN-102418,BATCH-1096,REF-105416,2026-03-25,23843.64,USD,Price PLC,Vendor payout,approved
TXN-102419,BATCH-1096,REF-139514,2026-01-27,21910.09,GBP,Allen Inc,Vendor payout,approved
TXN-102420,BATCH-1096,REF-512567,2026-04-12,2914.14,EUR,Gordon-Roberts,Vendor payout,approved
TXN-102421,BATCH-1096,REF-369708,2026-03-26,20162.82,USD,"Ward, Garcia and Henry",Vendor payout,approved
TXN-102422,BATCH-1096,REF-893085,2026-02-28,18511.47,GBP,Goodwin-Martinez,Vendor payout,approved
TXN-102423,BATCH-1096,REF-756214,2026-04-18,20463.03,GBP,"Clarke, Johnson and Watson",Vendor payout,approved
TXN-102424,BATCH-1096,REF-127305,2026-01-23,644.49,GBP,"Rice, Wallace and Castillo",Vendor payout,approved
TXN-102425,BATCH-1097,REF-458087,2026-01-18,23713.24,USD,"Waller, Bass and Mitchell",Vendor payout,approved
TXN-102426,BATCH-1097,REF-155502,2026-04-09,17136.8,USD,"Rice, Wallace and Castillo",Vendor payout,approved
TXN-102427,BATCH-1097,REF-607204,2026-04-29,1525.42,EUR,Moore LLC,Vendor payout,approved
TXN-102428,BATCH-1097,REF-311787,2026-03-03,2154.06,USD,Gonzalez Inc,Vendor payout,approved
TXN-102429,BATCH-1097,REF-675936,2026-02-24,22162.15,EUR,Todd-Oconnor,Vendor payout,approved
TXN-102430,BATCH-1097,REF-506878,2026-01-12,17020.86,GBP,Dudley Ltd,Vendor payout,approved
TXN-102431,BATCH-1097,REF-775423,2026-02-14,16980.16,GBP,"Hernandez, Greer and Jackson",Vendor payout,approved
TXN-102432,BATCH-1097,REF-817986,2026-03-29,9050.92,GBP,Hammond Ltd,Vendor payout,approved
TXN-102433,BATCH-1097,REF-703652,2026-01-04,9955.19,GBP,King-George,Vendor payout,approved
TXN-102434,BATCH-1097,REF-610910,2026-02-06,11087.08,GBP,"Martinez, Henderson and Osborne",Vendor payout,approved
TXN-102435,BATCH-1097,REF-653928,2026-02-20,15077.57,USD,"Cox, Fernandez and Baker",Vendor payout,approved
TXN-102436,BATCH-1097,REF-315726,2026-04-26,9456.24,EUR,Gonzalez-Mcdaniel,Vendor payout,approved
TXN-102437,BATCH-1097,REF-590326,2026-02-03,15581.34,GBP,Kim Group,Vendor payout,approved
TXN-102438,BATCH-1097,REF-680254,2026-03-22,2630.2,EUR,"Dorsey, Patterson and Harrison",Vendor payout,approved
TXN-102439,BATCH-1097,REF-220619,2026-02-08,7827.27,EUR,Garcia Ltd,Vendor payout,approved
TXN-102440,BATCH-1097,REF-966238,2026-02-06,23006.14,EUR,Kennedy-Marks,Vendor payout,approved
TXN-102441,BATCH-1097,REF-214518,2026-03-25,2490.19,GBP,Gomez-Cardenas,Vendor payout,approved
TXN-102442,BATCH-1097,REF-844521,2026-04-25,13006.44,EUR,Walters LLC,Vendor payout,approved
TXN-102443,BATCH-1097,REF-384595,2026-02-06,20830.79,USD,"Shaw, Baker and Scott",Vendor payout,approved
TXN-102444,BATCH-1097,REF-885226,2026-03-13,15135.42,EUR,"Martinez, Joseph and Simmons",Vendor payout,approved
TXN-102445,BATCH-1097,REF-287086,2026-02-23,13764.66,EUR,Mccoy Ltd,Vendor payout,approved
TXN-102446,BATCH-1097,REF-649340,2026-04-21,13463.53,GBP,Fitzpatrick-Henderson,Vendor payout,approved
TXN-102447,BATCH-1097,REF-841976,2026-01-27,14288.3,USD,Schneider Ltd,Vendor payout,approved
TXN-102448,BATCH-1097,REF-961411,2026-04-19,15500.77,USD,Ibarra-Clark,Vendor payout,approved
TXN-102449,BATCH-1097,REF-738976,2026-01-07,15403.75,EUR,"Best, Simon and Turner",Vendor payout,approved
TXN-102450,BATCH-1098,REF-555790,2026-04-24,16199.79,GBP,Li-Martinez,Vendor payout,approved
TXN-102451,BATCH-1098,REF-757684,2026-02-11,1635.49,EUR,Coffey-Howell,Vendor payout,approved
TXN-102452,BATCH-1098,REF-662072,2026-02-08,12845.24,EUR,"Drake, Torres and Murray",Vendor payout,approved
TXN-102453,BATCH-1098,REF-579022,2026-02-15,20710.12,GBP,Hughes Inc,Vendor payout,approved
TXN-102454,BATCH-1098,REF-836312,2026-01-04,21834.25,EUR,Colon Group,Vendor payout,approved
TXN-102455,BATCH-1098,REF-606982,2026-04-11,7352.6,GBP,Johnson-Newton,Vendor payout,approved
TXN-102456,BATCH-1098,REF-267075,2026-04-25,20225.25,EUR,Lee-Taylor,Vendor payout,approved
TXN-102457,BATCH-1098,REF-850902,2026-01-05,21469.9,GBP,Welch-Peck,Vendor payout,approved
TXN-102458,BATCH-1098,REF-460966,2026-04-23,7917.89,GBP,Gonzalez-Mcdaniel,Vendor payout,approved
TXN-102459,BATCH-1098,REF-502835,2026-05-01,12735.36,GBP,"Fox, Hernandez and Ryan",Vendor payout,approved
TXN-102460,BATCH-1098,REF-373881,2026-02-15,1305.51,USD,"Curtis, Turner and Soto",Vendor payout,approved
TXN-102461,BATCH-1098,REF-136937,2026-02-17,7183.95,USD,Todd-Oconnor,Vendor payout,approved
TXN-102462,BATCH-1098,REF-746804,2026-03-25,13382.06,EUR,"Snow, Rodgers and Miller",Vendor payout,approved
TXN-102463,BATCH-1098,REF-213188,2026-01-01,17977.05,USD,Lawrence-Lee,Vendor payout,approved
TXN-102464,BATCH-1098,REF-535815,2026-03-29,2506.56,EUR,Orozco Ltd,Vendor payout,approved
TXN-102465,BATCH-1098,REF-652016,2026-03-31,2060.35,GBP,Anderson LLC,Vendor payout,approved
TXN-102466,BATCH-1098,REF-138042,2026-04-05,22632.07,EUR,Randall-Kerr,Vendor payout,approved
TXN-102467,BATCH-1098,REF-899557,2026-03-10,23162.77,GBP,Shaw-Stuart,Vendor payout,approved
TXN-102468,BATCH-1098,REF-709769,2026-02-14,19537.77,GBP,Esparza-Carroll,Vendor payout,approved
TXN-102469,BATCH-1098,REF-206560,2026-01-10,7242.15,EUR,Cooper PLC,Vendor payout,approved
TXN-102470,BATCH-1098,REF-764743,2026-02-02,3867.62,USD,Moore LLC,Vendor payout,approved
TXN-102471,BATCH-1098,REF-484450,2026-04-03,24263.16,USD,Brown and Sons,Vendor payout,approved
TXN-102472,BATCH-1098,REF-781176,2026-01-17,23679.04,USD,Moore LLC,Vendor payout,approved
TXN-102473,BATCH-1098,REF-276640,2026-01-20,8361.69,GBP,Allen Ltd,Vendor payout,approved
TXN-102474,BATCH-1098,REF-733670,2026-04-27,6676.89,GBP,Wilson and Sons,Vendor payout,approved
TXN-102475,BATCH-1099,REF-488638,2026-03-07,23751.82,EUR,"Johnson, Meyer and Hanna",Vendor payout,approved
TXN-102476,BATCH-1099,REF-981758,2026-04-16,17921.36,EUR,Ingram PLC,Vendor payout,approved
TXN-102477,BATCH-1099,REF-812410,2026-02-22,20187.44,USD,"Rogers, Anderson and Campos",Vendor payout,approved
TXN-102478,BATCH-1099,REF-119024,2026-01-31,7254.59,USD,Kim Group,Vendor payout,approved
TXN-102479,BATCH-1099,REF-254124,2026-04-02,19050.31,USD,Church Inc,Vendor payout,approved
TXN-102480,BATCH-1099,REF-723504,2026-04-05,7466.22,USD,"Hansen, Herrera and Taylor",Vendor payout,approved
TXN-102481,BATCH-1099,REF-771816,2026-01-08,6637.31,USD,"Rogers, Anderson and Campos",Vendor payout,approved
TXN-102482,BATCH-1099,REF-527712,2026-02-05,22359.42,GBP,Garcia Ltd,Vendor payout,approved
TXN-102483,BATCH-1099,REF-349017,2026-02-01,1017.59,USD,"Ball, Henderson and Caldwell",Vendor payout,approved
TXN-102484,BATCH-1099,REF-593558,2026-03-15,7304.69,GBP,Prince-Martinez,Vendor payout,approved
TXN-102485,BATCH-1099,REF-855730,2026-03-08,23654.93,USD,Lopez-Stout,Vendor payout,approved
TXN-102486,BATCH-1099,REF-413832,2026-02-05,21939.24,GBP,Li-Martinez,Vendor payout,approved
TXN-102487,BATCH-1099,REF-393120,2026-01-05,22628.76,GBP,Mitchell-Byrd,Vendor payout,approved
TXN-102488,BATCH-1099,REF-775212,2026-03-07,5200.39,GBP,Hays-Dalton,Vendor payout,approved
TXN-102489,BATCH-1099,REF-290740,2026-01-29,8650.46,EUR,Allen and Sons,Vendor payout,approved
TXN-102490,BATCH-1099,REF-674317,2026-02-04,4225.49,GBP,"Evans, Conway and Hall",Vendor payout,approved
TXN-102491,BATCH-1099,REF-940710,2026-04-13,20473.57,GBP,Shaw-Stuart,Vendor payout,approved
TXN-102492,BATCH-1099,REF-776177,2026-02-23,10584.95,EUR,Hays-Dalton,Vendor payout,approved
TXN-102493,BATCH-1099,REF-263454,2026-04-02,21038.15,EUR,Mullins-Cabrera,Vendor payout,approved
TXN-102494,BATCH-1099,REF-982775,2026-04-24,11974.43,EUR,Schneider Ltd,Vendor payout,approved
TXN-102495,BATCH-1099,REF-908801,2026-04-05,4109.23,EUR,Li-Montoya,Vendor payout,approved
TXN-102496,BATCH-1099,REF-172546,2026-04-04,11518.57,USD,Reynolds LLC,Vendor payout,approved
TXN-102497,BATCH-1099,REF-966780,2026-01-09,662.33,EUR,Austin-Bonilla,Vendor payout,approved
TXN-102498,BATCH-1099,REF-176949,2026-01-17,7246.85,EUR,White Group,Vendor payout,approved
TXN-102499,BATCH-1099,REF-949197,2026-02-26,9691.26,USD,"Fleming, King and Herring",Vendor payout,approved
