stripe_id,reference,date,gross_amount,fee,net_amount,currency,payee,status
po_4668136,REF-334053,2026-01-31T00:00:00Z,16007.08,12.44,15994.68,USD,Vincent-Mcclure,pending
po_6770619,REF-106814,2026-04-13T00:00:00Z,5561.08,16.34,5530.5,GBP,"Yu, Nguyen and Wood",processing
po_5663623,REF-301629,2026-03-14T00:00:00Z,2016.25,16.85,1993.03,EUR,Howard-Mcdonald,pending
po_6440561,REF-765822,2026-03-18T00:00:00Z,16804.92,15.74,16762.62,GBP,"Chavez, Davis and Walton",pending
po_8187926,REF-694731,2026-04-26T00:00:00Z,10089.08,8.59,10044.09,USD,Brown LLC,pending
po_9877065,REF-214975,2026-04-20T00:00:00Z,12763.74,11.51,12750.42,USD,Gordon-Roberts,settled
po_6007072,REF-772097,2026-04-08T00:00:00Z,17092.960000000003,10.65,17050.72,GBP,Matthews PLC,pending
po_2437026,REF-439902,2026-03-17T00:00:00Z,13532.85,16.5,13495.99,GBP,Joseph Group,pending
po_8350099,REF-736059,2026-03-08T00:00:00Z,23717.63,9.58,23672.55,USD,Hodge PLC,pending
po_5672073,REF-330914,2026-03-16T00:00:00Z,584.11,5.07,550.33,GBP,Nguyen-Roberts,pending
po_2016911,REF-198907,2026-01-24T00:00:00Z,6114.589999999999,7.45,6093.86,EUR,Lewis-Robinson,settled
po_2564689,REF-392075,2026-01-23T00:00:00Z,13465.13,17.13,13418.74,USD,Best Inc,pending
po_3597059,REF-497382,2026-01-21T00:00:00Z,5373.64,5.14,5363.34,EUR,"Pena, Jones and Sanchez",settled
po_4946066,REF-599948,2026-03-15T00:00:00Z,18726.48,18.89,18705.69,USD,"Luna, Morris and Gill",pending
po_8670955,REF-648177,2026-03-13T00:00:00Z,15510.539999999999,15.29,15494.05,EUR,"Clarke, Johnson and Watson",settled
po_9874152,REF-238890,2026-02-02T00:00:00Z,1856.0700000000002,16.52,1854.69,USD,"Owens, Peters and White",failed
po_9479356,REF-212235,2026-01-14T00:00:00Z,23499.719999999998,18.2,23474.78,USD,Hodge PLC,settled
po_1604451,REF-908577,2026-02-11T00:00:00Z,20779.870000000003,12.07,20737.97,USD,"Malone, Bell and Bryant",pending
po_3726327,REF-815198,2026-01-26T00:00:00Z,7772.58,16.4,7723.75,USD,Robinson Group,processing
po_6120253,REF-266931,2026-02-03T00:00:00Z,19606.309999999998,17.56,19565.1,EUR,"Martinez, Henderson and Osborne",pending
po_3995870,REF-392683,2026-04-08T00:00:00Z,10006.140000000001,19.69,9976.69,EUR,"Adams, Rodriguez and Walker",settled
po_7110622,REF-636265,2026-03-18T00:00:00Z,8680.67,19.03,8658.54,EUR,"Moss, Atkins and Daniels",failed
po_6049101,REF-799287,2026-02-08T00:00:00Z,18021.760000000002,16.84,18000.86,EUR,"Owens, Peters and White",failed
po_2566777,REF-563246,2026-02-28T00:00:00Z,19690.43,15.27,19649.33,GBP,Jimenez-Bradley,failed
po_2788238,REF-740967,2026-03-01T00:00:00Z,3744.31,5.16,3705.17,USD,Brown and Sons,processing
po_8481188,REF-940346,2026-01-17T00:00:00Z,22983.77,15.13,22938.81,USD,Reed PLC,processing
po_3530518,REF-757193,2026-03-03T00:00:00Z,21012.910000000003,14.19,21000.58,EUR,Lawrence-Lee,pending
po_9002392,REF-316881,2026-01-07T00:00:00Z,8290.050000000001,7.68,8288.76,EUR,Kirk-Henson,processing
po_3768991,REF-732556,2026-04-12T00:00:00Z,13509.24,18.47,13467.06,GBP,Prince-Martinez,settled
po_8072684,REF-584125,2026-04-20T00:00:00Z,2134.9500000000003,2.56,2121.59,EUR,Ramsey-Caldwell,settled
po_2919136,REF-171951,2026-03-24T00:00:00Z,25026.33,5.14,24997.7,EUR,Orozco Ltd,failed
po_5074336,REF-959099,2026-04-09T00:00:00Z,15163.16,15.68,15157.17,GBP,Davenport PLC,settled
po_3566765,REF-630538,2026-01-08T00:00:00Z,8718.75,14.94,8696.41,EUR,Goodwin-Martinez,failed
po_6643798,REF-993085,2026-02-10T00:00:00Z,11637.63,17.17,11635.22,GBP,Allen Inc,pending
po_5031966,REF-725113,2026-04-22T00:00:00Z,19985.7,13.27,19950.86,EUR,Robbins LLC,processing
po_6902401,REF-355123,2026-03-29T00:00:00Z,2384.4500000000003,6.15,2349.01,USD,Mccoy-Mccarthy,failed
po_4816534,REF-823688,2026-04-07T00:00:00Z,7924.490000000001,6.74,7905.81,GBP,Wilson Group,pending
po_9014965,REF-889359,2026-03-22T00:00:00Z,13851.73,2.24,13845.14,GBP,Kennedy-Marks,processing
po_5988757,REF-360247,2026-01-10T00:00:00Z,3857.53,19.81,3814.38,GBP,Wilson Ltd,failed
po_8558197,REF-317881,2026-04-07T00:00:00Z,15285.310000000001,9.93,15250.53,GBP,"Evans, Conway and Hall",settled
po_5456573,REF-344762,2026-03-28T00:00:00Z,17623.61,2.36,17582.11,EUR,"Chavez, Davis and Walton",pending
po_1433940,REF-522060,2026-03-30T00:00:00Z,10998.34,19.28,10992.86,EUR,Wilson Ltd,settled
po_6591986,REF-783157,2026-03-07T00:00:00Z,14433.5,2.99,14416.77,USD,Allen Ltd,pending
po_8750676,REF-576919,2026-01-04T00:00:00Z,7244.49,4.56,7223.24,EUR,"Walker, Garcia and Mcguire",failed
po_3657144,REF-675898,2026-02-03T00:00:00Z,15660.81,1.26,15644.58,USD,Walter Inc,processing
po_4197911,REF-851413,2026-03-04T00:00:00Z,11595.83,10.66,11549.66,USD,Smith Ltd,pending
po_6790218,REF-925981,2026-04-29T00:00:00Z,19339.850000000002,15.49,19322.56,EUR,"Wilson, Robertson and Gonzalez",processing
po_3551903,REF-501574,2026-03-14T00:00:00Z,21768.57,1.7,21743.3,GBP,"Johnson, Meyer and Hanna",failed
po_6512415,REF-251157,2026-04-02T00:00:00Z,2558.0600000000004,17.33,2515.3,EUR,"Robinson, Bauer and Brown",processing
po_8443690,REF-761820,2026-01-30T00:00:00Z,21821.920000000002,6.69,21812.77,USD,"Adams, Rodriguez and Walker",settled
po_9349470,REF-356059,2026-01-18T00:00:00Z,7397.589999999999,3.72,7351.86,EUR,"Fleming, King and Herring",processing
po_8664433,REF-401603,2026-04-25T00:00:00Z,6444.2,4.79,6401.78,USD,Cox-Hickman,processing
po_9333700,REF-410244,2026-03-14T00:00:00Z,5991.02,18.16,5949.21,GBP,Robinson Group,pending
po_8395785,REF-892280,2026-03-27T00:00:00Z,5497.27,7.93,5494.64,USD,Davis Group,pending
po_5951651,REF-238579,2026-01-25T00:00:00Z,8222.390000000001,7.44,8184.81,EUR,Bryant LLC,settled
po_7392547,REF-943671,2026-04-18T00:00:00Z,3581.71,18.87,3540.41,USD,Fitzpatrick-Henderson,settled
po_1624315,REF-739717,2026-04-27T00:00:00Z,665.9,10.36,649.99,GBP,Thompson-Washington,settled
po_1548888,REF-715870,2026-02-22T00:00:00Z,9766.25,5.13,9731.43,EUR,Stone and Sons,processing
po_1848566,REF-776149,2026-03-10T00:00:00Z,2545.9300000000003,5.63,2506.38,GBP,Shaw-Stuart,pending
po_5205279,REF-326441,2026-03-16T00:00:00Z,1778.67,3.09,1738.54,GBP,Ingram PLC,settled
po_8583392,REF-282710,2026-01-02T00:00:00Z,19780.559999999998,18.96,19754.87,USD,"Fox, Hernandez and Ryan",settled
po_2101965,REF-988456,2026-03-02T00:00:00Z,11471.79,12.86,11464.61,USD,Roach and Sons,failed
po_6686328,REF-931621,2026-01-12T00:00:00Z,11398.080000000002,8.58,11356.54,GBP,"Fleming, King and Herring",settled
po_3050700,REF-597305,2026-03-28T00:00:00Z,16657.2,17.6,16636.07,EUR,Smith Ltd,processing
po_5673599,REF-208633,2026-02-14T00:00:00Z,24239.89,16.34,24210.76,GBP,Todd-Oconnor,settled
po_2539438,REF-456331,2026-04-27T00:00:00Z,785.6700000000001,5.09,748.11,EUR,Newman-Thomas,processing
po_9148051,REF-695164,2026-04-09T00:00:00Z,9297.83,8.87,9267.08,GBP,"Martinez, Joseph and Simmons",pending
po_3302417,REF-811444,2026-03-27T00:00:00Z,8684.130000000001,6.5,8645.69,USD,"Rodriguez, Sutton and Santiago",settled
po_8713396,REF-341288,2026-03-31T00:00:00Z,4459.12,17.38,4412.98,EUR,"Bryant, Harrison and Carter",processing
po_9790632,REF-280222,2026-02-10T00:00:00Z,7260.490000000001,17.54,7255.64,EUR,Holmes and Sons,failed
po_3910830,REF-634723,2026-03-08T00:00:00Z,1963.09,15.44,1932.57,GBP,Davenport PLC,settled
po_6080483,REF-814220,2026-02-26T00:00:00Z,11652.25,12.24,11612.23,GBP,Gomez-Cardenas,failed
po_8545279,REF-972097,2026-02-16T00:00:00Z,11602.560000000001,11.86,11557.02,USD,Welch-Peck,pending
po_9792411,REF-950360,2026-01-13T00:00:00Z,12573.26,4.02,12546.65,USD,"Shaw, Baker and Scott",failed
po_6592886,REF-761532,2026-04-11T00:00:00Z,10239.01,13.61,10234.02,EUR,Flynn-Matthews,failed
po_1305857,REF-686072,2026-02-08T00:00:00Z,3264.34,4.42,3245.57,GBP,White Group,pending
po_7320310,REF-410160,2026-01-09T00:00:00Z,4828.89,4.44,4820.33,USD,"Frey, Mcgee and Bailey",pending
po_4255051,REF-740255,2026-02-25T00:00:00Z,10305.210000000001,19.0,10286.19,GBP,Lane-Hines,processing
po_9655523,REF-269930,2026-02-22T00:00:00Z,19501.36,6.42,19458.65,GBP,"Waller, Bass and Mitchell",pending
po_4767135,REF-573041,2026-04-14T00:00:00Z,20782.77,18.69,20780.39,USD,Mann Group,failed
po_2865405,REF-839808,2026-04-07T00:00:00Z,1020.65,5.52,981.62,EUR,"Cox, Fernandez and Baker",settled
po_5035998,REF-216242,2026-01-08T00:00:00Z,16011.779999999999,4.56,15982.82,GBP,Farrell-Willis,settled
po_6991041,REF-924613,2026-03-05T00:00:00Z,1754.93,7.55,1715.29,GBP,"Rice, Wallace and Castillo",settled
po_8678589,REF-953025,2026-02-12T00:00:00Z,3359.71,4.83,3356.9,EUR,Prince-Martinez,pending
po_5583814,REF-669408,2026-04-14T00:00:00Z,23343.039999999997,7.99,23335.94,GBP,Fitzpatrick-Henderson,processing
po_5928582,REF-621691,2026-03-29T00:00:00Z,8509.18,2.52,8492.44,USD,Arroyo-Pope,failed
po_2258981,REF-144412,2026-02-26T00:00:00Z,4220.84,8.72,4186.95,EUR,Flynn Group,pending
po_7241348,REF-232361,2026-01-04T00:00:00Z,21243.27,2.46,21220.52,GBP,Robinson and Sons,pending
po_4599894,REF-127172,2026-01-14T00:00:00Z,7926.599999999999,6.43,7876.78,EUR,"Martinez, Henderson and Osborne",processing
po_6032437,REF-848022,2026-04-25T00:00:00Z,21367.06,14.52,21324.34,EUR,Anderson-Parks,pending
po_7680015,REF-928766,2026-01-30T00:00:00Z,3106.01,14.66,3056.03,USD,"Cox, Fernandez and Baker",processing
po_3083077,REF-588461,2026-02-26T00:00:00Z,3181.43,6.78,3155.04,EUR,Gonzalez-Pennington,pending
po_3586950,REF-182690,2026-04-18T00:00:00Z,8676.32,12.87,8666.93,GBP,"Rodriguez, Sutton and Santiago",failed
po_6068298,REF-772612,2026-01-05T00:00:00Z,20659.94,16.29,20635.28,USD,Cochran Inc,processing
po_3193891,REF-607774,2026-02-22T00:00:00Z,17261.39,10.78,17223.12,USD,Rhodes Ltd,settled
po_6246485,REF-201514,2026-01-18T00:00:00Z,3095.28,4.03,3084.98,EUR,Zimmerman Group,processing
po_5794062,REF-579441,2026-03-05T00:00:00Z,12474.119999999999,17.1,12446.82,USD,"Garner, Lawson and Richard",processing
po_2993318,REF-520040,2026-01-05T00:00:00Z,18201.809999999998,2.84,18194.51,EUR,Johnson-Ruiz,failed
po_9648751,REF-731728,2026-01-25T00:00:00Z,13964.7,18.7,13956.85,EUR,"Dorsey, Patterson and Harrison",failed
po_8962302,REF-613641,2026-03-09T00:00:00Z,14867.28,13.46,14853.27,GBP,Jones-Fuentes,pending
po_7928320,REF-961574,2026-01-18T00:00:00Z,4318.37,8.8,4283.54,GBP,Wagner Ltd,processing
po_5435261,REF-440839,2026-03-12T00:00:00Z,17682.63,4.65,17651.74,GBP,Ingram PLC,pending
po_7619156,REF-317346,2026-03-31T00:00:00Z,5682.150000000001,19.14,5641.05,EUR,"Jackson, Romero and Mendez",pending
po_2832517,REF-563864,2026-04-28T00:00:00Z,23915.129999999997,12.15,23883.96,USD,Pierce Inc,pending
po_9010256,REF-446337,2026-02-21T00:00:00Z,15990.55,15.36,15957.67,USD,Cobb Group,failed
po_7660463,REF-661147,2026-01-29T00:00:00Z,22740.34,4.54,22700.73,USD,Brown Ltd,failed
po_2889899,REF-451317,2026-04-28T00:00:00Z,7494.55,14.89,7477.35,GBP,Kelly-Murphy,failed
po_4100114,REF-894068,2026-03-27T00:00:00Z,18471.129999999997,10.07,18422.03,EUR,"George, Lewis and Mitchell",pending
po_3679603,REF-710754,2026-02-07T00:00:00Z,5928.01,10.55,5907.14,EUR,Harvey Inc,failed
po_5151780,REF-601410,2026-01-17T00:00:00Z,9238.75,12.32,9204.41,USD,Jones Group,settled
po_4446065,REF-969032,2026-01-07T00:00:00Z,2011.75,10.29,1975.62,GBP,Reynolds-Harris,processing
po_2225232,REF-160541,2026-03-13T00:00:00Z,3323.5299999999997,7.55,3320.31,EUR,Reed PLC,settled
po_7333337,REF-401036,2026-01-04T00:00:00Z,23385.62,13.97,23366.21,USD,Bowers Ltd,pending
po_9924365,REF-233533,2026-03-08T00:00:00Z,3007.44,5.36,2987.86,GBP,"Garner, Lawson and Richard",processing
po_8490038,REF-948799,2026-01-04T00:00:00Z,4762.59,14.36,4732.3,GBP,Reynolds-Harris,settled
po_4974590,REF-891030,2026-01-27T00:00:00Z,10087.37,3.72,10071.58,USD,Stone and Sons,pending
po_7849452,REF-811721,2026-03-21T00:00:00Z,1555.73,8.15,1547.42,GBP,Bryant LLC,processing
po_2326581,REF-585517,2026-04-13T00:00:00Z,7582.08,17.1,7535.89,GBP,"Dorsey, Patterson and Harrison",settled
po_6086650,REF-176319,2026-04-21T00:00:00Z,1360.0200000000002,1.29,1312.13,EUR,Reynolds LLC,pending
po_6174467,REF-733760,2026-03-30T00:00:00Z,18692.13,10.74,18678.31,EUR,Jenkins-Henderson,processing
po_5952504,REF-428122,2026-02-16T00:00:00Z,19055.15,7.27,19046.68,EUR,Walter Inc,processing
po_9192588,REF-900441,2026-02-01T00:00:00Z,12505.07,17.9,12495.05,GBP,"Johnson, Phillips and Brown",settled
po_2014184,REF-106693,2026-04-07T00:00:00Z,23662.34,13.67,23631.07,GBP,Gordon-Roberts,processing
po_2615878,REF-117538,2026-01-01T00:00:00Z,216.82999999999998,5.58,190.14,GBP,Park-Daniels,failed
po_2568678,REF-581294,2026-02-20T00:00:00Z,19899.39,8.17,19878.53,USD,Dudley Ltd,processing
po_4546989,REF-554987,2026-04-18T00:00:00Z,17623.72,14.15,17578.56,USD,Cooper PLC,processing
po_2290796,REF-790077,2026-03-13T00:00:00Z,17134.27,11.72,17118.61,EUR,"Rice, Wallace and Castillo",processing
po_7655572,REF-822794,2026-04-11T00:00:00Z,9660.039999999999,7.2,9611.56,GBP,"Cox, Fernandez and Baker",failed
po_5495824,REF-493663,2026-04-30T00:00:00Z,12286.38,14.52,12277.82,EUR,Griffin Inc,pending
po_2732967,REF-423241,2026-04-30T00:00:00Z,9035.78,7.72,9033.49,USD,Dickson-Padilla,settled
po_3843767,REF-506637,2026-02-21T00:00:00Z,21604.16,6.72,21596.36,USD,"Garcia, Mercado and West",processing
po_3273137,REF-920685,2026-03-02T00:00:00Z,10896.970000000001,19.03,10881.04,EUR,Mcclain-Jensen,failed
po_6354241,REF-551533,2026-02-11T00:00:00Z,20122.09,14.2,20106.81,EUR,Rhodes Ltd,processing
po_8356053,REF-219420,2026-02-15T00:00:00Z,8204.1,16.79,8164.01,EUR,"Garner, Lawson and Richard",settled
po_9965197,REF-364955,2026-01-30T00:00:00Z,16858.44,18.49,16832.62,USD,Wilson Ltd,processing
po_6563269,REF-906306,2026-01-13T00:00:00Z,17596.64,9.18,17548.32,GBP,White Group,settled
po_5956530,REF-821068,2026-03-15T00:00:00Z,12800.519999999999,19.27,12779.14,GBP,Gardner Inc,settled
po_1378915,REF-316916,2026-04-10T00:00:00Z,8767.12,13.31,8724.51,EUR,Reed PLC,pending
po_1489765,REF-687044,2026-02-11T00:00:00Z,12949.08,17.78,12911.95,GBP,Mcdowell-Watts,processing
po_5401559,REF-888870,2026-02-04T00:00:00Z,170.0,10.3,136.14,USD,"Peterson, Hood and Arroyo",failed
po_6123426,REF-580101,2026-04-18T00:00:00Z,14692.17,8.09,14685.44,EUR,"Howell, Hart and Swanson",pending
po_4138993,REF-294776,2026-02-23T00:00:00Z,14937.14,9.57,14920.73,GBP,Arnold-Beck,settled
po_4699871,REF-629990,2026-03-12T00:00:00Z,12143.42,6.22,12128.11,USD,Arnold-Beck,failed
po_4666525,REF-218710,2026-03-06T00:00:00Z,14201.62,2.95,14152.12,EUR,"Walker, Garcia and Mcguire",pending
po_4471922,REF-223088,2026-02-25T00:00:00Z,11297.539999999999,11.83,11257.07,EUR,Richard LLC,failed
po_1994652,REF-700556,2026-02-06T00:00:00Z,8157.88,17.47,8108.25,GBP,"Garcia, Mercado and West",pending
po_7758714,REF-359579,2026-04-16T00:00:00Z,6286.96,6.29,6260.69,GBP,Jimenez-Bradley,failed
po_9299939,REF-580718,2026-04-03T00:00:00Z,8213.21,16.74,8199.05,USD,Leach-Walker,failed
po_8659103,REF-815707,2026-04-24T00:00:00Z,14165.43,19.2,14164.4,EUR,"Curtis, Turner and Soto",pending
po_8201300,REF-387330,2026-04-21T00:00:00Z,22089.76,14.37,22056.64,EUR,Mcdowell-Watts,settled
po_7426846,REF-566686,2026-03-28T00:00:00Z,3344.56,16.31,3339.18,USD,Garcia Ltd,settled
po_8421969,REF-656278,2026-01-08T00:00:00Z,3492.94,2.65,3449.8,USD,"Dorsey, Patterson and Harrison",settled
po_4446807,REF-429780,2026-02-23T00:00:00Z,14775.980000000001,10.68,14749.61,EUR,Flynn Group,processing
po_7490068,REF-218220,2026-02-18T00:00:00Z,19643.62,11.8,19600.44,USD,Garcia and Sons,failed
po_8106413,REF-170813,2026-03-16T00:00:00Z,19109.47,2.57,19074.08,USD,"Johnson, Harrison and Thomas",pending
po_1971500,REF-442622,2026-03-09T00:00:00Z,2011.54,18.57,1998.56,USD,"Frey, Mcgee and Bailey",settled
po_2980663,REF-113280,2026-01-15T00:00:00Z,7788.320000000001,1.56,7749.52,GBP,Bryant LLC,processing
po_4831990,REF-577309,2026-03-04T00:00:00Z,6629.47,1.05,6592.17,GBP,"Hernandez, Greer and Jackson",settled
po_5550953,REF-999138,2026-04-29T00:00:00Z,9156.779999999999,11.86,9115.31,USD,Dickson Inc,settled
po_5892153,REF-172274,2026-02-20T00:00:00Z,4532.76,6.77,4504.13,GBP,"Santana, Hoffman and Cobb",pending
po_6159172,REF-934638,2026-04-07T00:00:00Z,24950.82,11.07,24944.73,USD,Prince-Martinez,pending
po_9479670,REF-146032,2026-01-11T00:00:00Z,24322.21,16.58,24314.67,USD,Robbins LLC,settled
po_4400953,REF-373668,2026-02-06T00:00:00Z,10896.37,15.63,10888.7,USD,Lane-Hines,settled
po_1676621,REF-661957,2026-01-15T00:00:00Z,11264.470000000001,17.27,11252.93,EUR,Lewis-Robinson,pending
po_8751799,REF-810078,2026-01-06T00:00:00Z,24216.780000000002,16.08,24210.79,EUR,Fitzgerald PLC,settled
po_3160763,REF-760914,2026-03-28T00:00:00Z,3295.1200000000003,17.1,3289.61,EUR,Brown-Huynh,failed
po_8482830,REF-859620,2026-04-15T00:00:00Z,1333.97,1.66,1289.68,GBP,"Gray, Williams and Weaver",pending
po_7417252,REF-191982,2026-01-07T00:00:00Z,10353.82,7.82,10314.51,GBP,Webster and Sons,processing
po_3678059,REF-726121,2026-02-09T00:00:00Z,9730.73,13.48,9724.82,USD,Thornton and Sons,failed
po_1473227,REF-936124,2026-04-18T00:00:00Z,19142.61,7.68,19107.14,USD,"Edwards, Anderson and Taylor",pending
po_3189251,REF-284084,2026-02-08T00:00:00Z,20939.2,4.37,20921.5,EUR,Morris Inc,failed
po_3289279,REF-651860,2026-04-18T00:00:00Z,14724.38,14.91,14675.56,USD,Anderson Inc,processing
po_1030163,REF-743520,2026-03-29T00:00:00Z,16285.77,19.03,16238.28,USD,Roberts Group,processing
po_6632941,REF-693022,2026-03-22T00:00:00Z,4595.37,6.04,4572.49,EUR,Mann Group,pending
po_2701688,REF-504684,2026-01-06T00:00:00Z,6476.639999999999,15.99,6435.03,USD,Joseph Group,pending
po_6669869,REF-434198,2026-01-02T00:00:00Z,20014.99,12.66,19984.88,USD,Bowman LLC,processing
po_1832744,REF-156157,2026-01-20T00:00:00Z,23582.75,11.44,23562.5,USD,Perez-Neal,processing
po_6173311,REF-794178,2026-04-15T00:00:00Z,159.75,9.95,120.29,USD,Bowman LLC,failed
po_2437930,REF-567429,2026-01-23T00:00:00Z,4676.15,16.36,4642.41,EUR,Goodwin-Martinez,processing
po_9423864,REF-661527,2026-02-22T00:00:00Z,13880.199999999999,10.82,13851.21,EUR,Pena Inc,pending
po_2460078,REF-302087,2026-04-13T00:00:00Z,4362.67,8.55,4342.65,USD,Brown LLC,failed
po_5799841,REF-539976,2026-04-10T00:00:00Z,22974.629999999997,17.72,22931.12,USD,Pena Inc,processing
po_1826965,REF-388792,2026-01-22T00:00:00Z,14348.820000000002,18.5,14311.28,EUR,"Bates, Diaz and Lowe",failed
po_4153037,REF-339030,2026-04-21T00:00:00Z,7813.6,18.36,7790.96,EUR,"Evans, Conway and Hall",processing
po_1966829,REF-426236,2026-01-08T00:00:00Z,20543.14,9.67,20529.91,GBP,Mcdowell-Watts,failed
po_6775539,REF-766275,2026-02-19T00:00:00Z,9233.6,18.0,9224.59,EUR,Banks-Savage,settled
po_8954031,REF-332103,2026-04-19T00:00:00Z,1310.69,13.3,1265.03,GBP,Wright Group,settled
po_5742531,REF-494763,2026-02-23T00:00:00Z,17841.32,3.05,17825.69,GBP,Vincent-Mcclure,settled
po_6361758,REF-845635,2026-03-24T00:00:00Z,16058.210000000001,14.7,16023.85,EUR,"Hansen, Herrera and Taylor",processing
po_7014583,REF-137034,2026-04-04T00:00:00Z,22700.98,17.06,22675.12,EUR,Bauer Inc,pending
po_7235796,REF-291961,2026-04-07T00:00:00Z,3234.17,6.59,3220.4,EUR,Walters LLC,settled
po_8676774,REF-813763,2026-01-15T00:00:00Z,11826.710000000001,17.39,11818.69,USD,Colon Group,pending
po_3171071,REF-160831,2026-03-22T00:00:00Z,8363.53,13.04,8332.42,USD,Davis PLC,processing
po_4796108,REF-866151,2026-01-25T00:00:00Z,9633.31,7.54,9598.33,USD,Shaw-Decker,pending
po_4161264,REF-578073,2026-02-06T00:00:00Z,4205.41,18.23,4196.33,USD,Davis-Mitchell,processing
po_1804641,REF-122977,2026-04-03T00:00:00Z,18219.48,13.42,18186.04,USD,Brown LLC,settled
po_3301222,REF-365015,2026-03-11T00:00:00Z,10455.49,18.07,10433.97,EUR,"Pineda, Travis and Jones",settled
po_9064202,REF-375769,2026-04-09T00:00:00Z,12473.230000000001,1.05,12456.03,GBP,Walters PLC,settled
po_1661769,REF-858711,2026-01-09T00:00:00Z,3792.6400000000003,7.84,3749.88,USD,"Liu, Parsons and Delacruz",failed
po_4068039,REF-245117,2026-04-19T00:00:00Z,2404.17,8.6,2397.59,USD,"Garza, Barker and Maddox",processing
po_8351152,REF-935620,2026-03-24T00:00:00Z,17265.190000000002,8.22,17255.31,EUR,Dickson-Gutierrez,failed
po_9709047,REF-531262,2026-04-23T00:00:00Z,12116.539999999999,14.31,12089.91,EUR,Reynolds-Harris,settled
po_9248484,REF-979789,2026-01-19T00:00:00Z,12077.9,7.29,12061.19,GBP,Pennington PLC,failed
po_1298116,REF-346415,2026-04-14T00:00:00Z,13779.66,8.83,13773.63,EUR,"Graham, Garrett and Caldwell",settled
po_7095071,REF-804091,2026-03-24T00:00:00Z,22291.600000000002,3.17,22255.52,GBP,"Peterson, Hood and Arroyo",pending
po_3025778,REF-492052,2026-03-07T00:00:00Z,20797.93,8.47,20751.35,EUR,Hunter-Nicholson,processing
po_8261353,REF-764000,2026-01-05T00:00:00Z,17968.879999999997,10.18,17926.78,USD,Kirk-Henson,pending
po_5590177,REF-789461,2026-02-18T00:00:00Z,18289.6,7.51,18269.1,USD,Hawkins-Saunders,failed
po_6793064,REF-984027,2026-02-07T00:00:00Z,3522.19,3.52,3476.05,GBP,Fitzgerald PLC,pending
po_9769953,REF-711116,2026-03-02T00:00:00Z,17772.280000000002,8.24,17766.06,EUR,Roberts Group,settled
po_7524435,REF-362732,2026-03-28T00:00:00Z,6705.42,15.9,6692.78,USD,Johnson-Newton,failed
po_4296204,REF-818430,2026-04-10T00:00:00Z,23202.989999999998,19.32,23163.96,EUR,"Payne, Wall and Hernandez",failed
po_1670091,REF-495521,2026-01-15T00:00:00Z,4703.2699999999995,7.13,4694.74,USD,Hickman-Walter,settled
po_2542590,REF-176421,2026-02-14T00:00:00Z,12294.630000000001,17.78,12276.51,GBP,"Walker, Garcia and Mcguire",failed
po_7398370,REF-688602,2026-03-01T00:00:00Z,5526.55,18.95,5480.67,GBP,Wilson and Sons,processing
po_2098434,REF-941814,2026-03-06T00:00:00Z,653.36,12.96,642.03,GBP,Dudley Ltd,pending
po_2468357,REF-836879,2026-04-16T00:00:00Z,20900.33,4.38,20895.74,USD,Murray Group,failed
po_2217848,REF-760830,2026-02-26T00:00:00Z,22795.42,10.55,22776.89,EUR,Bauer Inc,failed
po_3417186,REF-514306,2026-02-17T00:00:00Z,15189.58,17.85,15173.98,EUR,Robinson and Sons,failed
po_4552356,REF-143802,2026-01-15T00:00:00Z,13870.49,13.27,13849.27,GBP,Roberts LLC,pending
po_5205840,REF-290167,2026-01-14T00:00:00Z,15437.51,14.79,15431.7,EUR,Maxwell-Shepherd,processing
po_7115185,REF-398987,2026-01-12T00:00:00Z,3267.75,19.21,3227.17,GBP,Rodriguez LLC,pending
po_2825908,REF-980919,2026-02-04T00:00:00Z,19656.47,12.53,19646.86,GBP,"Moss, Atkins and Daniels",failed
po_1614990,REF-757057,2026-04-03T00:00:00Z,22313.17,11.33,22285.14,USD,"Hayes, Luna and Miller",processing
po_9625782,REF-587274,2026-01-17T00:00:00Z,9169.199999999999,4.03,9161.32,USD,Zimmerman and Sons,pending
po_1669489,REF-611329,2026-04-07T00:00:00Z,23529.95,7.16,23480.9,USD,Jones Group,failed
po_6920646,REF-785428,2026-02-17T00:00:00Z,14517.36,7.56,14476.32,GBP,Bryant LLC,processing
po_4864570,REF-341162,2026-01-21T00:00:00Z,12579.699999999999,7.27,12558.38,USD,Rhodes Ltd,settled
po_1938047,REF-973846,2026-03-23T00:00:00Z,11997.699999999999,18.53,11988.55,GBP,White-Wilson,processing
po_9569884,REF-327114,2026-01-10T00:00:00Z,21979.719999999998,14.76,21965.76,GBP,"Rodriguez, Sutton and Santiago",failed
po_9915915,REF-117367,2026-01-13T00:00:00Z,5790.26,3.23,5764.6,EUR,Reeves Ltd,processing
po_8138527,REF-541119,2026-03-07T00:00:00Z,22434.36,10.07,22426.8,GBP,"Fleming, King and Herring",pending
po_6299951,REF-298202,2026-02-01T00:00:00Z,7120.62,3.03,7099.59,GBP,Costa and Sons,processing
po_7211142,REF-483405,2026-03-13T00:00:00Z,6579.44,10.19,6551.04,GBP,Best Inc,failed
po_3696736,REF-340932,2026-04-05T00:00:00Z,18421.239999999998,13.08,18401.17,GBP,Peterson LLC,settled
po_3940561,REF-375871,2026-01-08T00:00:00Z,23180.77,9.34,23148.4,EUR,"Best, Simon and Turner",pending
po_7701385,REF-832377,2026-03-07T00:00:00Z,4907.09,8.51,4888.79,GBP,"Liu, Parsons and Delacruz",pending
po_7777264,REF-970071,2026-04-02T00:00:00Z,23010.629999999997,5.96,22981.46,GBP,"Rodriguez, Sutton and Santiago",processing
po_6698561,REF-638220,2026-04-12T00:00:00Z,12639.75,9.72,12591.65,EUR,"Miller, Anderson and Padilla",processing
po_5165071,REF-764442,2026-02-17T00:00:00Z,12077.28,8.58,12062.2,EUR,Smith and Sons,failed
po_5452763,REF-701581,2026-04-24T00:00:00Z,11938.099999999999,4.85,11926.97,EUR,Hunt PLC,pending
po_9260100,REF-182300,2026-04-27T00:00:00Z,3966.0,17.74,3920.99,USD,Barrera Group,failed
po_3019442,REF-651273,2026-01-06T00:00:00Z,9997.25,9.74,9962.04,GBP,"Hernandez, Wade and Rodriguez",settled
po_8031212,REF-742544,2026-02-15T00:00:00Z,9536.539999999999,8.07,9501.21,USD,"Martinez, Joseph and Simmons",processing
po_8935405,REF-204721,2026-04-14T00:00:00Z,14336.439999999999,4.36,14295.96,GBP,Nguyen-Roberts,processing
po_6614605,REF-695417,2026-03-12T00:00:00Z,19652.42,7.85,19638.69,EUR,Davis Group,failed
po_2315459,REF-703869,2026-03-14T00:00:00Z,3072.58,6.44,3052.91,GBP,Mullins-Cabrera,pending
po_5550787,REF-990136,2026-02-20T00:00:00Z,10604.37,15.84,10559.87,GBP,"Roberts, Frazier and Smith",failed
po_2070258,REF-863124,2026-01-16T00:00:00Z,10411.279999999999,9.99,10364.38,USD,Hughes Inc,settled
po_3202464,REF-748127,2026-02-02T00:00:00Z,13138.279999999999,4.24,13111.47,USD,Hawkins-Saunders,settled
po_9782198,REF-385647,2026-04-29T00:00:00Z,21641.769999999997,11.14,21609.42,EUR,Stone and Sons,failed
po_9253243,REF-532227,2026-02-15T00:00:00Z,20169.980000000003,10.06,20122.58,EUR,Ibarra-Clark,settled
po_8084001,REF-297731,2026-02-16T00:00:00Z,14966.81,10.82,14935.17,USD,Hunter-Nicholson,failed
po_9975319,REF-403662,2026-01-17T00:00:00Z,10339.35,19.47,10337.27,USD,Jones-Taylor,failed
po_6540652,REF-115440,2026-01-19T00:00:00Z,18189.43,15.26,18184.5,USD,Anderson LLC,pending
po_1562209,REF-982417,2026-01-24T00:00:00Z,1818.59,14.97,1807.83,EUR,"Smith, Guerra and Holmes",settled
po_1873883,REF-438756,2026-04-29T00:00:00Z,11877.14,5.14,11833.82,GBP,Todd-Oconnor,settled
po_5172867,REF-225461,2026-03-15T00:00:00Z,8138.45,2.74,8129.72,USD,Jones-Graham,failed
po_1358241,REF-662407,2026-03-30T00:00:00Z,1552.65,7.81,1517.88,GBP,Smith Ltd,pending
po_2155557,REF-669097,2026-02-06T00:00:00Z,12172.45,9.54,12145.42,EUR,Walters LLC,failed
po_4185480,REF-869295,2026-02-17T00:00:00Z,69.66,10.45,42.98,GBP,"Owens, Peters and White",pending
po_1533803,REF-648615,2026-01-12T00:00:00Z,10288.85,16.89,10259.87,EUR,Anderson Inc,processing
po_7191944,REF-318877,2026-01-01T00:00:00Z,1290.8300000000002,2.11,1250.91,USD,"Chavez, Davis and Walton",failed
po_2770234,REF-201836,2026-03-07T00:00:00Z,20904.1,11.95,20865.55,USD,"Ramirez, Hernandez and Fox",processing
po_7236418,REF-521063,2026-03-11T00:00:00Z,22094.73,13.03,22073.53,USD,"Smith, Guerra and Holmes",failed
po_1110206,REF-574379,2026-02-15T00:00:00Z,9407.92,5.22,9392.2,GBP,Howard LLC,failed
po_5299058,REF-699378,2026-03-14T00:00:00Z,23020.56,2.75,22979.82,GBP,Edwards-Boyd,processing
po_2316632,REF-605972,2026-04-11T00:00:00Z,18402.52,18.52,18363.29,GBP,"Martinez, Joseph and Simmons",failed
po_6483324,REF-784488,2026-04-05T00:00:00Z,10453.25,5.2,10427.63,USD,Hunt-Whitney,settled
po_7697318,REF-194458,2026-03-05T00:00:00Z,24290.6,8.57,24276.73,GBP,"Edwards, Anderson and Taylor",processing
po_6425946,REF-611559,2026-01-25T00:00:00Z,19091.32,11.94,19056.77,EUR,Walters LLC,settled
po_4350161,REF-722725,2026-02-13T00:00:00Z,9182.14,3.96,9147.56,USD,Jimenez-Bradley,settled
po_4419219,REF-972881,2026-04-21T00:00:00Z,6122.900000000001,15.26,6095.13,GBP,Rivera-Stanley,processing
po_8800748,REF-711324,2026-02-17T00:00:00Z,17417.480000000003,1.16,17384.4,GBP,Li-Jones,processing
po_4127564,REF-780956,2026-04-21T00:00:00Z,21621.190000000002,19.37,21610.45,USD,"Garcia, Mercado and West",settled
po_1494355,REF-463625,2026-01-02T00:00:00Z,8403.16,19.03,8355.9,EUR,Mata Inc,pending
po_8535808,REF-810929,2026-03-07T00:00:00Z,16459.44,4.93,16431.87,USD,"Rodriguez, Evans and Patterson",pending
po_4089276,REF-241822,2026-04-26T00:00:00Z,21584.690000000002,17.71,21568.13,EUR,Simmons-Green,settled
po_4874049,REF-961613,2026-04-05T00:00:00Z,24061.09,5.39,24030.87,EUR,Fletcher-Pruitt,settled
po_5527477,REF-781121,2026-04-01T00:00:00Z,3421.37,5.23,3373.81,GBP,Allen Ltd,pending
po_9735042,REF-440677,2026-03-29T00:00:00Z,4453.889999999999,9.68,4447.53,EUR,Rogers Inc,settled
po_8740121,REF-506216,2026-03-12T00:00:00Z,12988.76,6.59,12979.6,EUR,Reynolds LLC,settled
po_4001084,REF-857750,2026-01-11T00:00:00Z,11626.109999999999,18.04,11602.88,GBP,"Hernandez, Hill and Hull",pending
po_7353173,REF-868881,2026-04-01T00:00:00Z,6298.780000000001,1.83,6270.81,GBP,Li-Montoya,pending
po_4403286,REF-846635,2026-04-08T00:00:00Z,4075.2200000000003,15.54,4074.05,USD,Dickson Inc,settled
po_1820721,REF-327408,2026-01-30T00:00:00Z,13609.0,2.05,13598.94,USD,Skinner Ltd,failed
po_8639301,REF-191962,2026-02-11T00:00:00Z,16720.960000000003,7.84,16683.24,GBP,Davis-Mitchell,settled
po_4507293,REF-548081,2026-04-07T00:00:00Z,8118.469999999999,3.08,8087.48,EUR,Smith and Sons,settled
po_5873580,REF-703080,2026-03-08T00:00:00Z,10739.64,1.03,10690.66,EUR,"Matthews, Howard and Brown",settled
po_6163566,REF-147702,2026-02-21T00:00:00Z,18458.98,11.45,18443.27,USD,Kirk-Henson,settled
po_9078154,REF-130531,2026-03-19T00:00:00Z,8559.12,9.75,8550.51,GBP,Richards-Johnson,failed
po_2110870,REF-692385,2026-02-07T00:00:00Z,23245.059999999998,6.33,23196.55,USD,Lawrence-Lee,settled
po_9339189,REF-508489,2026-03-18T00:00:00Z,15716.09,8.06,15672.11,USD,"Roberts, Frazier and Smith",failed
po_6491819,REF-311915,2026-04-09T00:00:00Z,4403.96,17.56,4395.94,EUR,"Bates, Diaz and Lowe",pending
po_9733844,REF-104309,2026-01-14T00:00:00Z,11536.27,15.17,11497.73,GBP,Pena Inc,settled
po_1255965,REF-301898,2026-01-25T00:00:00Z,16028.259999999998,11.63,15980.3,USD,Jimenez-Bradley,settled
po_8897632,REF-838568,2026-04-30T00:00:00Z,13790.67,1.96,13745.41,EUR,Roberts LLC,processing
po_3211157,REF-472899,2026-03-19T00:00:00Z,9818.67,16.24,9813.12,GBP,Hays-Dalton,processing
po_6448586,REF-342948,2026-03-01T00:00:00Z,17143.05,1.58,17119.84,GBP,Cox-Hickman,processing
po_9937987,REF-465549,2026-04-08T00:00:00Z,11568.1,12.22,11544.51,USD,"Molina, Wells and Bright",pending
po_9164301,REF-318353,2026-02-12T00:00:00Z,24354.55,12.33,24347.95,EUR,"Owen, Gibson and Johnson",failed
po_3330636,REF-214027,2026-03-17T00:00:00Z,4469.429999999999,18.16,4424.95,EUR,"Adams, Rodriguez and Walker",settled
po_2497994,REF-706005,2026-03-19T00:00:00Z,11367.59,12.62,11338.04,EUR,"Collins, Gardner and Shaw",processing
po_6337290,REF-837520,2025-12-31T00:00:00Z,1619.5800000000002,8.71,1583.7,GBP,Johnson Inc,processing
po_3415850,REF-984293,2026-02-18T00:00:00Z,11921.26,10.25,11884.91,USD,Edwards-Boyd,processing
po_4787304,REF-578180,2026-04-20T00:00:00Z,2149.5699999999997,12.49,2139.47,GBP,Kirk-Henson,processing
po_3383832,REF-672696,2026-04-28T00:00:00Z,17847.23,11.0,17810.45,EUR,Park-Daniels,failed
po_8866313,REF-595401,2026-01-31T00:00:00Z,13119.09,18.22,13095.84,GBP,"Best, Simon and Turner",failed
po_5811968,REF-923154,2026-04-03T00:00:00Z,7272.73,3.41,7247.98,USD,Wilson Ltd,settled
po_5383091,REF-999529,2026-02-04T00:00:00Z,6359.31,5.49,6319.97,GBP,Robbins LLC,pending
po_4537589,REF-961639,2026-03-17T00:00:00Z,8616.939999999999,16.99,8587.63,USD,"Brown, Middleton and Williams",settled
po_3435210,REF-416006,2026-03-01T00:00:00Z,1363.76,9.26,1336.77,EUR,Smith-Gaines,failed
po_6619820,REF-143010,2026-03-28T00:00:00Z,9579.8,16.24,9565.55,EUR,Wilson and Sons,failed
po_2140044,REF-804527,2026-04-03T00:00:00Z,11542.78,2.86,11541.19,GBP,Esparza-Carroll,settled
po_2449322,REF-135695,2026-01-24T00:00:00Z,5547.89,3.47,5504.92,EUR,Davis Group,pending
po_2046686,REF-575470,2026-03-22T00:00:00Z,6371.820000000001,7.32,6352.06,EUR,"Howard, Lynch and Morris",settled
po_5345236,REF-310416,2026-04-28T00:00:00Z,4474.85,2.39,4468.79,USD,Randolph and Sons,failed
po_9021848,REF-139673,2026-04-29T00:00:00Z,22437.77,17.04,22415.4,USD,Joseph Group,settled
po_7129645,REF-694798,2026-01-15T00:00:00Z,9653.19,19.26,9625.99,GBP,"Berry, Rios and Marshall",settled
po_4178686,REF-502824,2026-01-05T00:00:00Z,16211.480000000001,4.67,16203.62,USD,Griffin Inc,pending
po_3499027,REF-659876,2026-03-04T00:00:00Z,19860.97,5.43,19823.66,GBP,Ibarra-Clark,settled
po_2073030,REF-748410,2026-04-26T00:00:00Z,12276.22,3.02,12235.15,USD,Bowers Ltd,processing
po_1764815,REF-950941,2026-02-12T00:00:00Z,1631.24,7.37,1601.18,USD,Gardner-Hayes,settled
po_2354300,REF-559969,2026-01-21T00:00:00Z,4223.38,4.41,4222.07,EUR,Griffin Inc,settled
po_9386722,REF-250038,2026-01-26T00:00:00Z,10451.14,2.67,10420.15,EUR,Kennedy-Marks,failed
po_5637668,REF-200331,2026-03-08T00:00:00Z,13957.42,3.14,13953.82,USD,Peterson LLC,pending
po_3651565,REF-776185,2026-01-06T00:00:00Z,12489.92,10.22,12450.43,USD,Mckinney-Cooper,settled
po_4354702,REF-539422,2026-02-10T00:00:00Z,18061.440000000002,5.19,18042.04,GBP,Gomez-Cardenas,processing
po_6635321,REF-739037,2026-04-28T00:00:00Z,22272.19,14.15,22264.96,USD,"Ramirez, Hernandez and Fox",settled
po_2450798,REF-897273,2026-01-21T00:00:00Z,21316.16,10.91,21294.99,EUR,Gonzalez Inc,pending
po_1741958,REF-358635,2026-04-04T00:00:00Z,7000.25,9.94,6997.29,GBP,Fitzgerald-Watson,settled
po_5010801,REF-619344,2026-02-26T00:00:00Z,12027.48,2.72,11994.75,GBP,"Evans, Conway and Hall",processing
po_2186125,REF-576935,2026-01-03T00:00:00Z,17609.89,14.12,17590.03,GBP,"Clarke, Johnson and Watson",settled
po_1865076,REF-933071,2026-03-14T00:00:00Z,17465.359999999997,7.95,17458.92,GBP,Morris Inc,settled
po_4782209,REF-843793,2026-03-12T00:00:00Z,16229.810000000001,18.06,16213.11,GBP,Smith and Sons,processing
po_4160048,REF-652266,2026-03-05T00:00:00Z,9380.720000000001,9.7,9336.02,EUR,Lee-Taylor,settled
po_8950805,REF-389346,2026-01-21T00:00:00Z,7245.099999999999,9.43,7227.11,USD,Gallegos-Stewart,settled
po_8684083,REF-452192,2026-03-23T00:00:00Z,591.26,3.51,575.36,USD,Lawrence-Lee,failed
po_3575047,REF-986585,2026-04-08T00:00:00Z,5697.78,3.22,5688.88,EUR,"Jackson, Romero and Mendez",failed
po_3038264,REF-841484,2026-03-12T00:00:00Z,6574.77,8.69,6528.67,USD,"Peterson, Hood and Arroyo",processing
po_8417300,REF-672675,2026-04-04T00:00:00Z,23214.69,3.13,23197.09,USD,Dickson-Padilla,processing
po_5662844,REF-521139,2026-01-03T00:00:00Z,16968.85,2.59,16958.26,USD,Ibarra-Clark,processing
po_7201361,REF-433193,2026-03-03T00:00:00Z,24416.51,1.23,24396.59,EUR,Maxwell-Shepherd,failed
po_3409867,REF-565798,2026-04-03T00:00:00Z,21871.87,10.02,21860.69,USD,"Ramirez, Hernandez and Fox",failed
po_1708550,REF-283388,2026-02-22T00:00:00Z,2275.32,6.74,2234.0,EUR,Jackson LLC,failed
po_1477187,REF-414750,2026-02-02T00:00:00Z,5639.240000000001,6.27,5632.39,USD,Smith Ltd,settled
po_3732123,REF-370439,2026-04-21T00:00:00Z,14566.62,3.78,14537.12,GBP,"Moss, Atkins and Daniels",processing
po_2585592,REF-539892,2026-02-15T00:00:00Z,8981.04,4.18,8950.7,USD,Jackson LLC,failed
po_3735175,REF-660380,2026-01-12T00:00:00Z,6810.71,3.94,6804.69,GBP,Howard-Mcdonald,pending
po_3889156,REF-237606,2026-04-14T00:00:00Z,10484.0,1.55,10448.22,USD,"Miller, Anderson and Padilla",settled
po_4294223,REF-236543,2026-01-26T00:00:00Z,17215.26,16.07,17208.98,EUR,Kennedy-Marks,settled
po_5653591,REF-201191,2026-04-06T00:00:00Z,1153.45,7.61,1105.96,EUR,Price PLC,pending
po_4590582,REF-706217,2026-04-14T00:00:00Z,12681.210000000001,17.17,12635.11,USD,"Evans, Conway and Hall",processing
po_9318412,REF-472058,2026-04-16T00:00:00Z,11044.0,14.39,11005.65,USD,"Smith, Guerra and Holmes",settled
po_2167847,REF-871934,2026-03-17T00:00:00Z,2960.01,16.25,2915.17,EUR,Reed PLC,failed
po_2085660,REF-790537,2026-03-07T00:00:00Z,16829.4,4.78,16810.58,EUR,Robinson and Sons,pending
po_9129112,REF-901968,2026-02-04T00:00:00Z,3117.0499999999997,3.8,3090.99,EUR,Cooper PLC,processing
po_2283746,REF-204441,2026-01-03T00:00:00Z,12279.689999999999,10.88,12246.3,USD,Thompson-Campbell,processing
po_7436241,REF-374375,2026-03-05T00:00:00Z,7379.79,17.2,7356.73,EUR,Randolph and Sons,processing
po_8882244,REF-840356,2026-04-23T00:00:00Z,4466.63,17.23,4442.31,GBP,Wilson Ltd,settled
po_6725334,REF-398254,2026-04-08T00:00:00Z,14806.0,9.13,14786.35,EUR,"Howell, Hart and Swanson",failed
po_1627092,REF-427260,2026-03-23T00:00:00Z,16563.050000000003,17.4,16539.47,USD,Rodriguez LLC,processing
po_3795540,REF-509260,2026-03-14T00:00:00Z,14741.16,7.9,14710.03,EUR,"Lewis, Joyce and Robertson",processing
po_5586302,REF-378035,2026-02-05T00:00:00Z,21017.8,16.22,21013.5,GBP,Wright Group,processing
po_1312111,REF-943187,2026-03-05T00:00:00Z,19928.16,10.81,19896.4,GBP,Church Inc,pending
po_5032805,REF-768914,2026-02-03T00:00:00Z,16537.01,14.02,16528.64,GBP,"Williams, Oneill and Torres",failed
po_1464798,REF-532472,2026-04-18T00:00:00Z,7996.389999999999,16.72,7983.36,USD,Walter Inc,processing
po_1334013,REF-385959,2026-01-20T00:00:00Z,10568.64,18.03,10564.93,USD,Juarez-Jones,failed
po_9756994,REF-789365,2026-03-26T00:00:00Z,22550.41,12.03,22516.86,EUR,"Snow, Rodgers and Miller",failed
po_5606139,REF-972765,2026-02-11T00:00:00Z,5993.5,5.83,5970.97,USD,Davis PLC,settled
po_1353566,REF-544366,2026-03-10T00:00:00Z,17530.57,18.2,17497.95,USD,Washington-West,settled
po_7517462,REF-679577,2026-02-01T00:00:00Z,17276.18,19.25,17274.79,GBP,"Johnson, Meyer and Hanna",failed
po_8086125,REF-432591,2026-03-21T00:00:00Z,7497.1,16.58,7453.14,USD,Robinson and Sons,pending
po_1051603,REF-442641,2026-04-04T00:00:00Z,8833.24,12.94,8812.61,GBP,Hunter-Nicholson,failed
po_5727774,REF-722871,2026-04-18T00:00:00Z,3977.35,8.88,3966.62,GBP,Allen and Sons,pending
po_1835219,REF-124085,2026-01-02T00:00:00Z,23640.960000000003,9.15,23620.31,GBP,Orozco Ltd,failed
po_5466142,REF-853489,2026-01-01T00:00:00Z,4288.929999999999,10.39,4273.82,GBP,Peterson LLC,pending
po_2438456,REF-289131,2026-02-22T00:00:00Z,15013.58,3.53,15012.07,EUR,Wade PLC,failed
po_1763562,REF-543852,2026-03-31T00:00:00Z,17180.399999999998,10.59,17179.14,GBP,Arnold-Beck,processing
po_3378937,REF-708684,2026-01-05T00:00:00Z,16803.53,6.95,16789.77,USD,Walters LLC,pending
po_3537801,REF-376002,2026-04-25T00:00:00Z,18730.12,18.53,18701.89,EUR,"Molina, Wells and Bright",processing
po_8679933,REF-372864,2026-03-01T00:00:00Z,1412.98,17.07,1387.82,USD,Hamilton-Bautista,pending
po_7986351,REF-276470,2026-04-16T00:00:00Z,5159.35,5.68,5113.25,EUR,"Smith, Guerra and Holmes",processing
po_8617787,REF-491704,2026-02-19T00:00:00Z,705.1999999999999,6.12,673.41,GBP,Phillips-Wyatt,settled
po_7398678,REF-869989,2026-04-03T00:00:00Z,16418.44,5.85,16412.91,EUR,"Martinez, Joseph and Simmons",pending
po_3202624,REF-917357,2026-02-18T00:00:00Z,2271.07,2.83,2252.48,USD,Li-Montoya,failed
po_9612440,REF-690408,2026-02-03T00:00:00Z,11167.67,9.81,11149.92,EUR,Moore LLC,pending
po_5171713,REF-404824,2026-01-10T00:00:00Z,23295.05,6.61,23268.42,GBP,Simmons-Green,settled
po_2911520,REF-199074,2026-02-21T00:00:00Z,12884.820000000002,9.79,12847.53,GBP,"Nguyen, Williams and Smith",pending
po_4541139,REF-715732,2026-02-09T00:00:00Z,2115.25,15.19,2105.18,GBP,Davis-Mitchell,failed
po_7626953,REF-222346,2026-02-19T00:00:00Z,10899.56,2.67,10859.13,USD,Dickson-Padilla,pending
po_8952217,REF-128117,2026-04-19T00:00:00Z,20425.48,3.21,20403.81,GBP,Wade PLC,pending
po_7974052,REF-571351,2026-04-20T00:00:00Z,24140.160000000003,15.0,24097.58,EUR,Holmes and Sons,failed
po_2961940,REF-848987,2026-01-29T00:00:00Z,12190.61,18.84,12165.37,GBP,"Salinas, Barnes and Cooper",failed
po_3200475,REF-460550,2026-03-01T00:00:00Z,588.93,14.74,544.65,EUR,King-George,processing
po_9283332,REF-824248,2026-02-05T00:00:00Z,19920.3,4.98,19904.42,USD,Ingram PLC,settled
po_6709692,REF-968167,2026-01-22T00:00:00Z,22065.09,15.62,22025.63,EUR,Mcdowell-Watts,failed
po_3802571,REF-892476,2026-04-17T00:00:00Z,17699.329999999998,17.55,17667.46,EUR,Farrell-Willis,failed
po_5115720,REF-204117,2026-04-03T00:00:00Z,17753.29,10.0,17711.38,GBP,Cooper PLC,failed
po_8696599,REF-760016,2026-02-15T00:00:00Z,6716.38,10.81,6668.74,GBP,Kirk-Henson,failed
po_1969887,REF-172961,2026-04-30T00:00:00Z,3709.8799999999997,19.62,3660.97,USD,"Drake, Torres and Murray",failed
po_6792344,REF-967176,2026-01-01T00:00:00Z,18090.24,15.85,18045.74,EUR,Hammond Ltd,processing
po_9746564,REF-860321,2026-02-18T00:00:00Z,2147.61,13.08,2129.92,GBP,Charles-Butler,settled
po_8528555,REF-215806,2026-03-05T00:00:00Z,6068.06,15.0,6052.46,EUR,Best Inc,processing
po_7336179,REF-758237,2026-04-01T00:00:00Z,20166.01,5.71,20139.55,GBP,Coffey-Howell,failed
po_2309842,REF-253672,2026-01-12T00:00:00Z,20594.6,11.0,20575.5,EUR,Allen-Taylor,processing
po_4567549,REF-537174,2026-04-03T00:00:00Z,15943.94,1.62,15920.62,EUR,Rogers Inc,pending
po_1469389,REF-226737,2026-01-14T00:00:00Z,23084.16,3.7,23044.39,USD,Costa and Sons,processing
po_6667733,REF-875590,2026-04-14T00:00:00Z,22268.49,10.03,22229.2,USD,Jones-Taylor,pending
po_8433920,REF-863220,2026-01-19T00:00:00Z,19084.99,13.27,19047.93,GBP,Howe and Sons,pending
po_3018016,REF-301774,2026-01-10T00:00:00Z,14070.33,11.11,14037.08,USD,Walters LLC,settled
po_9856721,REF-188759,2026-02-25T00:00:00Z,6167.59,5.89,6151.04,GBP,Gomez-Cardenas,settled
po_7542102,REF-193982,2026-04-08T00:00:00Z,7157.5,3.71,7151.66,USD,Howard LLC,failed
po_7836611,REF-633328,2026-03-04T00:00:00Z,1352.7,18.36,1320.66,USD,Lane-Hines,settled
po_8109386,REF-695848,2026-02-07T00:00:00Z,6224.849999999999,11.55,6176.74,GBP,Kennedy-Marks,settled
po_4569422,REF-275512,2026-03-24T00:00:00Z,24058.5,10.7,24028.83,GBP,Zimmerman and Sons,settled
po_8595349,REF-246433,2026-04-16T00:00:00Z,7547.82,13.58,7533.44,EUR,Phillips-Wyatt,failed
po_7589940,REF-825452,2026-04-26T00:00:00Z,24003.21,15.96,23975.84,EUR,"Johnson, Harrison and Thomas",settled
po_8458775,REF-730520,2026-04-15T00:00:00Z,16815.8,15.12,16814.34,EUR,"Bell, Pollard and Berry",failed
po_1119712,REF-852677,2026-04-13T00:00:00Z,4818.61,16.6,4808.0,GBP,Wilson Ltd,processing
po_3137935,REF-303182,2026-03-11T00:00:00Z,14252.05,11.83,14238.33,EUR,Dorsey Group,pending
po_6419028,REF-810656,2026-03-29T00:00:00Z,4838.679999999999,19.91,4816.49,GBP,Hughes Inc,failed
po_1425670,REF-856254,2026-04-23T00:00:00Z,12451.5,5.29,12401.98,GBP,Mckinney-Cooper,processing
po_4999003,REF-756403,2026-01-08T00:00:00Z,4989.98,16.82,4942.0,EUR,Todd-Oconnor,failed
po_3139695,REF-200318,2026-04-07T00:00:00Z,23594.14,16.25,23590.1,GBP,Robinson and Sons,settled
po_8606978,REF-154738,2026-03-12T00:00:00Z,1687.9199999999998,16.11,1668.11,GBP,Nguyen-White,settled
po_9076540,REF-207677,2026-01-13T00:00:00Z,11402.08,9.45,11365.57,EUR,King-George,pending
po_5883242,REF-638051,2026-02-24T00:00:00Z,1554.84,1.15,1535.77,EUR,Austin-Bonilla,pending
po_6026983,REF-311037,2026-03-22T00:00:00Z,10587.5,4.08,10565.98,USD,Walters PLC,processing
po_4091109,REF-341459,2026-03-29T00:00:00Z,12452.35,1.13,12410.87,USD,Orozco Ltd,settled
po_3924009,REF-303846,2026-02-25T00:00:00Z,13896.07,11.54,13878.42,USD,Zimmerman and Sons,pending
po_3874940,REF-810360,2026-04-16T00:00:00Z,21123.079999999998,19.56,21075.96,USD,Holmes and Sons,processing
po_9983668,REF-658424,2026-01-24T00:00:00Z,2999.7799999999997,3.82,2984.37,USD,Mitchell-Jones,pending
po_9364914,REF-612743,2026-04-23T00:00:00Z,21850.9,4.4,21824.47,GBP,Austin-Bonilla,failed
po_7642099,REF-709418,2026-02-03T00:00:00Z,17910.07,9.08,17898.36,EUR,Davis PLC,processing
po_8844203,REF-188109,2026-04-06T00:00:00Z,6404.0599999999995,7.98,6381.87,USD,Thompson-Campbell,processing
po_2989574,REF-776703,2026-02-02T00:00:00Z,646.84,1.73,642.34,EUR,Gray PLC,pending
po_7774826,REF-839919,2026-01-24T00:00:00Z,6316.68,16.62,6269.34,GBP,Vincent-Mcclure,settled
po_6252524,REF-885527,2026-04-02T00:00:00Z,21682.46,9.15,21640.02,USD,Hunt-Whitney,processing
po_6027078,REF-705561,2026-01-17T00:00:00Z,21344.26,1.44,21327.28,USD,Dudley Ltd,settled
po_4159798,REF-937965,2026-03-21T00:00:00Z,24455.91,7.25,24431.65,EUR,"George, Lewis and Mitchell",processing
po_8627990,REF-133616,2026-01-22T00:00:00Z,2357.53,10.85,2353.71,USD,Griffin Inc,pending
po_8965487,REF-538738,2026-03-09T00:00:00Z,9801.630000000001,11.93,9792.85,USD,Allen and Sons,failed
po_5830358,REF-167077,2026-02-26T00:00:00Z,6936.81,18.46,6904.14,USD,"Dorsey, Patterson and Harrison",failed
po_5021419,REF-288301,2026-01-31T00:00:00Z,9836.869999999999,4.0,9792.48,USD,Kirk-Henson,failed
po_7880270,REF-617459,2026-04-26T00:00:00Z,17481.75,5.8,17458.65,GBP,Hunt PLC,settled
po_8740286,REF-460351,2026-02-17T00:00:00Z,15985.03,11.42,15980.69,GBP,Jacobs PLC,pending
po_5584412,REF-979226,2026-01-21T00:00:00Z,3536.41,7.8,3527.89,EUR,White-Wilson,pending
po_4384602,REF-794723,2026-03-23T00:00:00Z,11111.91,8.12,11065.4,USD,Pena Inc,pending
po_6488523,REF-301485,2026-04-15T00:00:00Z,10573.34,12.91,10556.53,USD,"Johnson, Phillips and Brown",pending
po_7190456,REF-211028,2026-01-27T00:00:00Z,23477.760000000002,17.82,23474.61,USD,Ford Ltd,processing
po_6570816,REF-991777,2026-04-11T00:00:00Z,24587.57,15.47,24577.98,USD,Wilson Group,failed
po_6181620,REF-500945,2026-02-26T00:00:00Z,1723.73,9.14,1711.15,USD,Austin-Bonilla,pending
po_6327414,REF-259038,2026-01-25T00:00:00Z,3492.99,15.45,3460.45,EUR,"Thompson, Cooper and Young",processing
po_7400271,REF-354016,2026-02-12T00:00:00Z,18796.559999999998,4.49,18770.01,USD,"Davis, Kim and Ingram",settled
po_6225481,REF-248407,2026-03-22T00:00:00Z,1781.9099999999999,4.75,1772.87,USD,Flynn-Matthews,processing
po_8091683,REF-311184,2026-03-22T00:00:00Z,7620.7,14.96,7594.94,GBP,Howe and Sons,pending
po_7293920,REF-187275,2026-04-19T00:00:00Z,548.3199999999999,10.14,519.78,EUR,Gardner-Hayes,failed
po_6164208,REF-625021,2026-01-01T00:00:00Z,4945.41,12.18,4913.0,USD,Dickson-Padilla,processing
po_1968122,REF-900011,2026-01-24T00:00:00Z,9668.92,18.6,9636.03,GBP,Li-Montoya,pending
po_1206987,REF-798011,2026-03-30T00:00:00Z,23045.4,2.75,23038.68,EUR,Peters-Ward,processing
po_2833314,REF-970055,2026-01-21T00:00:00Z,13007.63,15.76,12975.46,USD,Best Inc,failed
po_3862767,REF-423066,2026-03-30T00:00:00Z,18734.17,4.54,18724.53,GBP,Fitzpatrick-Henderson,pending
po_8394229,REF-953929,2026-03-13T00:00:00Z,12609.5,12.86,12577.78,USD,"Shaw, Baker and Scott",pending
po_1702283,REF-131107,2026-02-12T00:00:00Z,9464.52,10.92,9458.77,EUR,Cooper Ltd,settled
po_1960353,REF-550314,2026-03-18T00:00:00Z,23353.7,17.59,23304.91,EUR,"Johnson, Phillips and Brown",settled
po_9638823,REF-228864,2026-03-18T00:00:00Z,18158.61,4.57,18137.37,USD,Thornton and Sons,failed
po_2685367,REF-565888,2026-03-27T00:00:00Z,21876.01,6.58,21839.03,GBP,"Martinez, Joseph and Simmons",pending
po_4550743,REF-805756,2026-04-16T00:00:00Z,3227.69,18.94,3218.34,USD,Church Inc,settled
po_2517360,REF-393976,2026-04-08T00:00:00Z,4066.86,7.32,4026.88,EUR,Arnold-Beck,pending
po_6708243,REF-773292,2026-03-24T00:00:00Z,16145.85,18.81,16108.56,EUR,"Rodriguez, Evans and Patterson",settled
po_9719981,REF-101760,2026-04-04T00:00:00Z,21370.44,12.22,21336.92,EUR,Young-Hudson,settled
po_5587772,REF-813011,2026-03-04T00:00:00Z,7965.110000000001,14.42,7915.26,EUR,Jones Group,processing
po_9178970,REF-949566,2026-01-07T00:00:00Z,12424.9,6.68,12388.26,GBP,"Bell, Pollard and Berry",pending
po_3196149,REF-894520,2026-02-13T00:00:00Z,8468.67,16.03,8451.82,GBP,Davis PLC,settled
po_3476408,REF-563348,2026-01-17T00:00:00Z,11471.320000000002,19.67,11451.87,USD,Young-Hudson,pending
po_2993175,REF-155021,2026-04-30T00:00:00Z,8918.509999999998,10.28,8905.71,EUR,Dickson Inc,pending
po_9552160,REF-586197,2026-04-09T00:00:00Z,19413.87,12.15,19401.85,GBP,"Best, Simon and Turner",processing
po_7800317,REF-775908,2026-03-02T00:00:00Z,19904.56,1.38,19863.73,USD,Arnold-Beck,processing
po_2473390,REF-728204,2026-01-23T00:00:00Z,18872.43,17.18,18843.87,USD,Peterson LLC,settled
po_6250195,REF-543601,2026-01-21T00:00:00Z,12692.66,19.73,12666.05,EUR,"Rice, Wallace and Castillo",failed
po_5653927,REF-138518,2026-01-30T00:00:00Z,17213.36,12.82,17206.06,GBP,Mckinney-Cooper,settled
po_7243511,REF-187298,2026-02-27T00:00:00Z,9588.630000000001,13.31,9560.01,USD,Smith-Gaines,pending
po_6595492,REF-732928,2026-01-03T00:00:00Z,7965.2300000000005,3.78,7926.1,EUR,Wagner Ltd,pending
po_5547530,REF-920755,2026-01-13T00:00:00Z,9475.24,18.03,9444.47,USD,"Lewis, Joyce and Robertson",pending
po_1886921,REF-723501,2026-03-11T00:00:00Z,4583.3,13.14,4537.3,GBP,"Bryant, Harrison and Carter",failed
po_6120195,REF-560282,2026-01-23T00:00:00Z,16995.58,2.65,16963.43,EUR,Farrell-Willis,failed
po_8113264,REF-865411,2026-01-09T00:00:00Z,21169.179999999997,18.72,21135.01,GBP,Rose-Gonzales,pending
po_8527132,REF-971783,2026-04-26T00:00:00Z,10199.92,13.82,10151.65,GBP,Mitchell-Jones,pending
po_5866478,REF-543256,2026-01-06T00:00:00Z,21004.9,6.58,20989.24,GBP,"Howell, Hart and Swanson",pending
po_2797914,REF-137150,2026-04-15T00:00:00Z,5457.39,17.91,5456.14,EUR,Hickman-Walter,pending
po_8897013,REF-654797,2026-01-10T00:00:00Z,2576.2799999999997,6.69,2555.91,EUR,Mullins-Cabrera,processing
po_6556840,REF-246668,2026-01-20T00:00:00Z,2784.81,4.05,2739.66,EUR,Robinson and Sons,pending
po_3204822,REF-938672,2026-03-04T00:00:00Z,2998.2200000000003,3.05,2991.84,EUR,"Walker, Garcia and Mcguire",settled
po_3558453,REF-811259,2026-01-06T00:00:00Z,12549.25,4.55,12512.52,GBP,Lane-Hines,failed
po_4848428,REF-596912,2026-01-25T00:00:00Z,24863.47,8.62,24856.57,USD,Fitzgerald-Watson,failed
po_9554093,REF-153430,2026-01-11T00:00:00Z,10693.85,1.98,10671.92,GBP,Walters PLC,settled
po_8229428,REF-435377,2026-01-31T00:00:00Z,23586.45,19.02,23576.39,GBP,Gonzalez Inc,failed
po_2463496,REF-236637,2026-04-08T00:00:00Z,2489.23,3.48,2444.76,USD,Mccoy Ltd,settled
po_4216305,REF-673129,2026-01-09T00:00:00Z,4864.849999999999,14.52,4843.36,EUR,"Evans, Conway and Hall",failed
po_5859627,REF-606274,2026-01-08T00:00:00Z,15759.1,11.76,15755.87,USD,"Moss, Atkins and Daniels",pending
po_3684405,REF-273558,2026-01-09T00:00:00Z,12417.29,12.25,12388.27,GBP,Fitzgerald PLC,settled
po_3485367,REF-418148,2026-02-02T00:00:00Z,12655.01,6.28,12607.85,GBP,Simmons-Green,pending
po_3241630,REF-221828,2026-03-09T00:00:00Z,16090.28,12.62,16069.27,USD,Kirk-Morales,failed
po_4458774,REF-368422,2026-01-22T00:00:00Z,20643.73,5.19,20602.7,USD,Robbins LLC,failed
po_5731917,REF-255539,2026-02-16T00:00:00Z,3914.1800000000003,4.1,3912.15,USD,Perez-Neal,pending
po_2846089,REF-577127,2026-01-31T00:00:00Z,1801.12,15.51,1759.62,USD,Gardner-Hayes,settled
po_3737109,REF-109852,2026-04-11T00:00:00Z,6725.780000000001,10.1,6709.72,GBP,Green Ltd,pending
po_4802977,REF-146688,2026-04-15T00:00:00Z,15718.39,3.8,15696.46,USD,Holmes and Sons,failed
po_1727239,REF-277795,2026-03-03T00:00:00Z,17207.61,4.38,17176.99,GBP,Reynolds-Harris,failed
po_1036553,REF-957276,2026-03-20T00:00:00Z,3819.97,19.58,3776.75,GBP,Church Inc,pending
po_9291408,REF-705912,2026-01-14T00:00:00Z,11202.99,14.17,11181.22,EUR,Smith and Sons,processing
po_9840685,REF-538996,2026-02-18T00:00:00Z,3506.4,14.18,3477.08,GBP,Brown and Sons,pending
po_5944200,REF-685498,2026-02-15T00:00:00Z,9082.25,16.87,9058.69,USD,"Johnson, Harrison and Thomas",processing
po_1506432,REF-838158,2026-03-30T00:00:00Z,1428.45,3.68,1420.25,USD,Peterson LLC,pending
po_5811186,REF-246918,2026-04-05T00:00:00Z,3770.64,2.14,3764.19,USD,Allen Ltd,settled
po_8108007,REF-544198,2026-04-16T00:00:00Z,12641.439999999999,6.16,12594.8,USD,Spears-Beck,settled
po_7796448,REF-511346,2026-01-28T00:00:00Z,18626.33,4.13,18584.79,EUR,Nguyen-White,failed
po_4149818,REF-732490,2026-02-15T00:00:00Z,6794.2699999999995,13.13,6766.24,USD,"Hernandez, Greer and Jackson",settled
po_9392233,REF-928611,2026-03-13T00:00:00Z,24427.71,15.29,24417.16,GBP,Mckinney-Cooper,failed
po_2321253,REF-626570,2026-01-12T00:00:00Z,8344.04,2.77,8299.67,GBP,"Ward, Garcia and Henry",pending
po_1671305,REF-864118,2026-03-07T00:00:00Z,19271.059999999998,15.71,19226.42,USD,Colon Group,processing
po_5959482,REF-943816,2026-01-12T00:00:00Z,23960.35,6.32,23951.44,GBP,Arroyo-Pope,failed
po_7862438,REF-368463,2026-03-01T00:00:00Z,4543.17,18.43,4500.18,EUR,"Matthews, Howard and Brown",pending
po_3593123,REF-571955,2026-03-05T00:00:00Z,9400.539999999999,6.52,9357.74,GBP,"Howard, Russo and Smith",pending
po_8266453,REF-588508,2026-02-13T00:00:00Z,5606.4800000000005,7.25,5595.71,EUR,Leach-Walker,failed
po_2046902,REF-391897,2026-01-14T00:00:00Z,5382.450000000001,7.87,5335.56,GBP,Moore LLC,processing
po_9804312,REF-364315,2026-02-03T00:00:00Z,1387.08,17.97,1375.59,USD,Best Inc,pending
po_1166623,REF-411327,2026-04-06T00:00:00Z,22405.02,17.98,22376.54,EUR,"Curtis, Turner and Soto",pending
po_3109184,REF-257817,2026-01-01T00:00:00Z,8142.3,13.14,8110.22,GBP,Washington-West,settled
po_6150025,REF-495896,2026-03-17T00:00:00Z,10544.5,17.49,10518.9,GBP,Schneider Ltd,processing
po_8312788,REF-668817,2026-04-16T00:00:00Z,10385.69,17.06,10365.99,EUR,"Howell, Hart and Swanson",processing
po_5863789,REF-117224,2026-03-24T00:00:00Z,24926.93,5.03,24884.2,USD,"Best, Simon and Turner",processing
po_9515457,REF-932308,2026-02-13T00:00:00Z,4924.0199999999995,17.71,4909.12,EUR,"Pineda, Travis and Jones",failed
po_5057252,REF-116284,2026-01-04T00:00:00Z,16868.92,8.44,16840.69,USD,Kirk-Henson,processing
po_7576872,REF-282155,2026-04-03T00:00:00Z,3285.85,12.92,3243.54,GBP,"Collins, Gardner and Shaw",failed
po_8611927,REF-126885,2026-01-11T00:00:00Z,23750.88,15.77,23718.79,USD,Leach-Walker,pending
po_2861122,REF-917919,2026-04-02T00:00:00Z,7464.14,12.32,7440.64,GBP,Brown and Sons,settled
po_4528180,REF-985652,2026-03-04T00:00:00Z,22402.43,8.13,22367.75,USD,"Hernandez, Greer and Jackson",failed
po_3657314,REF-287356,2026-01-01T00:00:00Z,20245.079999999998,5.84,20218.51,USD,Davis-Mitchell,settled
po_5489424,REF-259746,2026-04-07T00:00:00Z,13424.869999999999,4.79,13410.46,GBP,Fitzgerald PLC,settled
po_3779198,REF-519369,2026-03-06T00:00:00Z,11729.33,19.12,11689.42,EUR,"Moss, Atkins and Daniels",processing
po_8539737,REF-434232,2026-04-14T00:00:00Z,10617.04,1.64,10607.84,GBP,Jackson LLC,failed
po_7240525,REF-517654,2026-02-14T00:00:00Z,15115.07,6.97,15106.96,GBP,Wilson and Sons,settled
po_2255341,REF-933868,2026-03-13T00:00:00Z,17956.27,13.28,17927.15,USD,Cox-Hickman,processing
po_5782125,REF-149064,2026-03-04T00:00:00Z,4975.68,15.88,4973.81,USD,Skinner Ltd,settled
po_5608257,REF-659380,2026-04-24T00:00:00Z,3314.71,7.57,3298.17,EUR,Hamilton-Bautista,settled
po_1802525,REF-830288,2026-02-07T00:00:00Z,12399.570000000002,3.64,12358.12,USD,"Garner, Lawson and Richard",failed
po_1805363,REF-951739,2026-04-02T00:00:00Z,5725.28,2.43,5677.87,USD,Mitchell-Jones,failed
po_9018281,REF-583072,2026-03-15T00:00:00Z,6799.45,19.55,6766.05,USD,Elliott-Wallace,failed
po_2011111,REF-186816,2026-04-01T00:00:00Z,5676.53,13.74,5665.12,EUR,"Thompson, Cooper and Young",processing
po_3182053,REF-719208,2026-04-14T00:00:00Z,12215.67,7.91,12203.95,EUR,Ingram PLC,processing
po_5035968,REF-543646,2026-02-04T00:00:00Z,19507.84,9.76,19506.03,USD,"Adams, Rodriguez and Walker",failed
po_1824338,REF-471643,2026-01-10T00:00:00Z,8847.900000000001,14.91,8815.12,USD,"Walker, Garcia and Mcguire",processing
po_5465729,REF-736955,2026-03-08T00:00:00Z,10094.94,11.11,10082.24,GBP,Jones-Graham,failed
po_1052124,REF-964098,2026-04-03T00:00:00Z,9818.52,10.56,9812.9,USD,Jones Group,processing
po_3864292,REF-296444,2026-01-21T00:00:00Z,4310.84,17.21,4276.56,GBP,"Adams, Rodriguez and Walker",failed
po_6110378,REF-147371,2026-01-14T00:00:00Z,12260.869999999999,7.38,12220.48,USD,Bowers Ltd,processing
po_3481356,REF-114219,2026-02-27T00:00:00Z,16642.58,17.27,16593.63,EUR,"Snow, Rodgers and Miller",pending
po_9840030,REF-316329,2026-02-15T00:00:00Z,6137.66,18.3,6128.09,GBP,"Fleming, King and Herring",failed
po_5838692,REF-143096,2026-01-24T00:00:00Z,14745.369999999999,1.16,14738.97,EUR,Newman-Thomas,pending
po_6130833,REF-270505,2026-03-26T00:00:00Z,13092.82,7.69,13091.57,EUR,Gardner Inc,settled
po_4671824,REF-906234,2026-03-26T00:00:00Z,8774.27,18.73,8771.7,EUR,"Ward, Garcia and Henry",pending
po_5194647,REF-416693,2026-04-27T00:00:00Z,10586.17,11.53,10578.52,USD,"Hansen, Herrera and Taylor",failed
po_8858093,REF-292279,2026-03-10T00:00:00Z,14195.82,9.86,14177.46,GBP,Jacobs PLC,processing
po_1898185,REF-247414,2026-04-06T00:00:00Z,23976.37,8.46,23938.36,EUR,"Best, Simon and Turner",processing
po_6558419,REF-156986,2026-04-17T00:00:00Z,20235.19,3.31,20191.84,GBP,Jones-Turner,settled
po_2924495,REF-808502,2026-01-28T00:00:00Z,14066.470000000001,3.91,14062.18,EUR,Ramsey-Caldwell,settled
po_8367376,REF-630374,2026-04-16T00:00:00Z,5170.339999999999,12.73,5127.23,EUR,"Murphy, Jordan and Whitney",processing
po_7162932,REF-636362,2026-01-21T00:00:00Z,4674.3,8.43,4640.58,GBP,Esparza-Carroll,settled
po_8850178,REF-691616,2026-01-15T00:00:00Z,3769.7,9.71,3725.46,EUR,Farrell-Willis,settled
po_5669772,REF-840530,2026-02-13T00:00:00Z,12567.9,13.51,12528.44,GBP,Kirk-Morales,processing
po_2133636,REF-842916,2026-03-14T00:00:00Z,9431.86,17.19,9428.66,EUR,"Smith, Guerra and Holmes",pending
po_8047372,REF-896822,2026-02-10T00:00:00Z,12544.560000000001,2.18,12498.36,GBP,Moore LLC,failed
po_4783204,REF-282522,2026-04-28T00:00:00Z,11063.03,4.08,11052.17,EUR,"Savage, Garcia and Robinson",pending
po_4189967,REF-134853,2026-01-26T00:00:00Z,15778.95,11.84,15737.16,GBP,Li-Martinez,processing
po_2978495,REF-170416,2026-04-12T00:00:00Z,15496.95,1.98,15471.51,GBP,Elliott-Wallace,failed
po_7697794,REF-475290,2026-03-31T00:00:00Z,23090.09,11.37,23058.78,EUR,"Collins, Gardner and Shaw",settled
po_4953000,REF-373553,2026-02-22T00:00:00Z,16364.65,16.31,16339.47,USD,"Taylor, Zavala and Bates",settled
po_4821097,REF-678211,2026-04-23T00:00:00Z,23751.0,2.05,23748.95,GBP,Cochran Inc,pending
po_7169127,REF-605595,2026-03-11T00:00:00Z,17074.72,7.52,17056.48,GBP,Li-Jones,settled
po_5741173,REF-889125,2026-04-05T00:00:00Z,14728.859999999999,7.64,14725.72,USD,"Howard, Russo and Smith",pending
po_6078780,REF-180534,2026-03-25T00:00:00Z,15210.07,15.82,15162.94,EUR,Phillips-Wyatt,failed
po_9740844,REF-667719,2026-03-30T00:00:00Z,13195.23,15.1,13182.93,EUR,Mccoy Ltd,pending
po_5682394,REF-901313,2026-03-24T00:00:00Z,963.67,8.29,920.8,USD,Rhodes Ltd,settled
po_5404568,REF-293385,2026-02-17T00:00:00Z,11155.09,12.23,11114.39,USD,"Peterson, Hood and Arroyo",settled
po_3727117,REF-214515,2026-04-13T00:00:00Z,21694.96,9.88,21646.91,GBP,Welch-Peck,pending
po_3085515,REF-362073,2026-01-10T00:00:00Z,7051.53,13.55,7035.49,GBP,Vincent-Mcclure,failed
po_2074471,REF-138801,2026-02-28T00:00:00Z,11604.12,5.9,11581.54,EUR,"Garza, Barker and Maddox",failed
po_2020270,REF-747966,2026-01-18T00:00:00Z,3250.01,19.85,3202.38,GBP,Bryant LLC,failed
po_2197778,REF-214466,2026-02-13T00:00:00Z,13554.970000000001,17.64,13522.52,USD,Rodriguez LLC,pending
po_6253043,REF-408347,2026-03-01T00:00:00Z,8417.300000000001,15.84,8391.27,EUR,Dudley Ltd,failed
po_8924368,REF-899656,2026-02-17T00:00:00Z,20805.7,10.89,20772.4,USD,Schneider Ltd,failed
po_7071358,REF-904932,2026-04-12T00:00:00Z,22783.86,11.65,22778.96,EUR,Jenkins-Henderson,settled
po_6265434,REF-696998,2026-01-29T00:00:00Z,15147.11,8.76,15140.33,EUR,Gonzalez Inc,pending
po_1401503,REF-226656,2026-01-21T00:00:00Z,22534.120000000003,19.81,22499.31,EUR,"Robinson, Bauer and Brown",pending
po_2237362,REF-830782,2026-02-20T00:00:00Z,22646.100000000002,7.74,22608.9,EUR,"Hernandez, Wade and Rodriguez",processing
po_8608923,REF-600281,2026-04-06T00:00:00Z,18543.51,9.33,18523.92,EUR,Zimmerman and Sons,failed
po_3402439,REF-691534,2026-01-06T00:00:00Z,5828.83,18.96,5825.78,EUR,"Wilson, Robertson and Gonzalez",pending
po_2780388,REF-464218,2026-01-12T00:00:00Z,14435.369999999999,13.66,14389.07,GBP,Davis PLC,pending
po_5948298,REF-937803,2026-03-09T00:00:00Z,754.0500000000001,14.61,708.07,USD,Stone and Sons,settled
po_5632324,REF-867173,2026-02-04T00:00:00Z,12367.279999999999,14.97,12344.06,USD,Elliott-Wallace,settled
po_3296375,REF-839354,2026-01-12T00:00:00Z,22339.239999999998,17.57,22309.51,USD,"Gray, Williams and Weaver",pending
po_3988274,REF-620855,2026-04-03T00:00:00Z,11769.029999999999,14.07,11766.13,EUR,"Russell, Scott and Ramsey",processing
po_9069153,REF-288811,2026-03-25T00:00:00Z,15967.4,5.16,15951.92,EUR,Wilson and Sons,failed
po_9206984,REF-284753,2026-01-14T00:00:00Z,8182.24,14.06,8151.79,GBP,"Nguyen, Williams and Smith",settled
po_5501616,REF-909289,2026-03-12T00:00:00Z,22272.81,5.16,22248.02,EUR,Roach and Sons,settled
po_7361721,REF-917419,2026-01-26T00:00:00Z,5557.64,14.39,5552.22,USD,Wilson Group,failed
po_6561682,REF-661483,2026-02-15T00:00:00Z,16403.18,11.51,16381.92,GBP,Kirk-Morales,pending
po_7723485,REF-517267,2026-03-05T00:00:00Z,21148.34,15.07,21140.91,GBP,"Nelson, Bowers and Cooper",failed
po_6431233,REF-115457,2026-01-02T00:00:00Z,1892.24,15.13,1870.41,GBP,Kirk-Henson,failed
po_7415747,REF-494873,2026-03-01T00:00:00Z,2516.33,10.44,2514.49,GBP,Young-Hudson,processing
po_2600362,REF-908667,2026-02-19T00:00:00Z,11348.93,4.95,11320.45,GBP,"Murphy, Jordan and Whitney",processing
po_6392918,REF-858154,2026-03-07T00:00:00Z,3589.4900000000002,12.38,3554.73,GBP,Davis PLC,settled
po_7302966,REF-428221,2026-03-04T00:00:00Z,18889.31,1.26,18882.07,EUR,Prince-Martinez,settled
po_5936253,REF-544787,2026-04-23T00:00:00Z,21783.27,17.72,21746.99,USD,"Bates, Diaz and Lowe",failed
po_3270615,REF-648668,2026-02-06T00:00:00Z,14115.21,14.59,14106.16,USD,Roberts LLC,processing
po_2120248,REF-426988,2025-12-31T00:00:00Z,4519.33,11.62,4501.16,EUR,Smith and Sons,pending
po_2299833,REF-546867,2026-04-15T00:00:00Z,23228.83,2.96,23198.79,EUR,"Rodriguez, Sutton and Santiago",pending
po_4511583,REF-776153,2026-03-16T00:00:00Z,14111.64,15.88,14102.4,USD,Pena Inc,pending
po_5039498,REF-181566,2026-02-10T00:00:00Z,3633.2,8.17,3604.75,EUR,Joseph Group,processing
po_9222404,REF-181998,2026-03-08T00:00:00Z,7846.31,5.76,7811.25,GBP,Washington-West,settled
po_4285584,REF-483450,2026-04-20T00:00:00Z,16333.66,10.99,16311.0,USD,"Murphy, Jordan and Whitney",settled
po_5599873,REF-113625,2026-03-05T00:00:00Z,2407.0,19.45,2375.36,EUR,Kim Group,settled
po_3968018,REF-282212,2026-03-03T00:00:00Z,24974.53,3.5,24930.86,GBP,Allen-Taylor,processing
po_3838932,REF-202210,2026-02-09T00:00:00Z,1470.18,12.15,1424.8,GBP,Roach and Sons,failed
po_3901925,REF-302312,2026-01-08T00:00:00Z,10456.189999999999,17.0,10424.06,GBP,Roach and Sons,settled
po_1337345,REF-830115,2026-04-17T00:00:00Z,3003.4900000000002,15.99,2964.92,EUR,"George, Lewis and Mitchell",pending
po_3986412,REF-977981,2026-02-08T00:00:00Z,2069.51,11.74,2054.84,GBP,Zimmerman Group,processing
po_3860089,REF-371952,2026-02-06T00:00:00Z,6840.97,16.86,6838.17,USD,"Curry, Wolfe and Ramirez",processing
po_4661709,REF-950299,2026-03-23T00:00:00Z,24867.969999999998,1.6,24844.05,EUR,Pierce Inc,settled
po_3663391,REF-691155,2026-02-16T00:00:00Z,11915.02,7.36,11893.37,EUR,"Fox, Hernandez and Ryan",settled
po_5237501,REF-888576,2026-01-23T00:00:00Z,7710.679999999999,12.42,7674.23,EUR,Prince-Martinez,processing
po_9792694,REF-541435,2026-01-13T00:00:00Z,1037.94,19.48,1027.22,USD,"Owens, Peters and White",pending
po_6054678,REF-931377,2026-02-08T00:00:00Z,19735.59,4.51,19719.52,USD,Anderson LLC,pending
po_5072535,REF-600531,2025-12-31T00:00:00Z,3912.98,2.82,3874.59,GBP,Dudley Ltd,pending
po_4719408,REF-807526,2026-04-14T00:00:00Z,10056.48,4.39,10012.09,EUR,"Molina, Wells and Bright",pending
po_3529124,REF-181023,2026-04-27T00:00:00Z,12563.82,8.35,12548.86,USD,Fitzpatrick-Henderson,processing
po_3159890,REF-211600,2026-04-16T00:00:00Z,4537.62,8.3,4508.46,EUR,"Drake, Torres and Murray",processing
po_9976215,REF-371213,2026-02-23T00:00:00Z,10624.490000000002,3.12,10575.87,USD,Wilson Ltd,pending
po_3039294,REF-453491,2025-12-31T00:00:00Z,21804.629999999997,9.74,21761.1,USD,Schneider Ltd,settled
po_2873734,REF-958961,2026-04-08T00:00:00Z,6345.36,1.7,6326.86,EUR,"Thompson, Cooper and Young",processing
po_1681842,REF-617420,2026-03-22T00:00:00Z,13391.01,8.08,13386.26,USD,"Brown, Middleton and Williams",pending
po_8271837,REF-767671,2026-02-12T00:00:00Z,9611.570000000002,16.08,9563.28,GBP,Rose-Gonzales,failed
po_4041045,REF-595890,2026-03-14T00:00:00Z,17398.3,6.18,17364.07,USD,Dudley Ltd,processing
po_8059261,REF-728180,2026-02-28T00:00:00Z,16470.989999999998,7.25,16438.89,EUR,Matthews PLC,processing
po_2318832,REF-565969,2026-04-15T00:00:00Z,8622.130000000001,11.67,8590.19,EUR,Pierce Inc,failed
po_9233534,REF-590083,2026-03-27T00:00:00Z,7667.71,8.13,7618.22,EUR,"Hernandez, Hill and Hull",pending
po_8015896,REF-698469,2026-01-14T00:00:00Z,2492.19,6.3,2447.07,USD,Brown LLC,failed
po_1055991,REF-523589,2026-01-28T00:00:00Z,12597.16,7.35,12570.06,GBP,"Ball, Henderson and Caldwell",processing
po_6452935,REF-530224,2026-02-22T00:00:00Z,9630.13,4.16,9599.25,GBP,Gonzalez Inc,processing
po_6414413,REF-636174,2026-03-11T00:00:00Z,599.92,2.23,592.42,GBP,"Collins, Gardner and Shaw",settled
po_8754634,REF-935456,2026-01-30T00:00:00Z,11529.72,2.33,11493.34,GBP,Crawford Ltd,settled
po_5915104,REF-921079,2026-01-09T00:00:00Z,21720.66,16.74,21679.89,EUR,Pennington PLC,settled
po_5078015,REF-988217,2026-01-18T00:00:00Z,10768.98,4.99,10729.0,USD,Hawkins-Saunders,settled
po_3349162,REF-356616,2026-04-06T00:00:00Z,11477.84,6.48,11469.59,GBP,Randolph and Sons,pending
po_5316874,REF-764686,2026-03-13T00:00:00Z,17884.43,1.53,17852.23,EUR,Mcdowell-Watts,pending
po_9780144,REF-633296,2026-04-02T00:00:00Z,14635.6,17.44,14616.26,EUR,"Snow, Rodgers and Miller",processing
po_1204695,REF-167898,2026-03-26T00:00:00Z,4447.46,17.07,4405.3,EUR,"Robinson, Bauer and Brown",pending
po_5105254,REF-632064,2026-02-11T00:00:00Z,16628.05,15.05,16614.5,EUR,"Evans, Conway and Hall",pending
po_5092644,REF-390955,2026-03-11T00:00:00Z,4486.03,12.04,4456.33,GBP,Matthews PLC,processing
po_8210103,REF-601532,2026-01-25T00:00:00Z,8031.69,3.12,7988.49,GBP,Gonzalez-Pennington,processing
po_5432538,REF-363976,2025-12-31T00:00:00Z,14777.22,5.73,14733.72,GBP,Reed PLC,failed
po_2586587,REF-106833,2026-03-03T00:00:00Z,15703.74,9.42,15657.4,USD,Jones-Taylor,pending
po_4219615,REF-420218,2026-03-05T00:00:00Z,19115.79,15.93,19077.24,USD,Ibarra-Clark,pending
po_3432470,REF-724143,2026-03-24T00:00:00Z,8174.900000000001,14.81,8158.89,GBP,Davis PLC,failed
po_4499878,REF-523709,2026-04-07T00:00:00Z,14126.52,5.86,14093.08,EUR,Dickson-Padilla,failed
po_9047740,REF-874915,2026-03-12T00:00:00Z,19825.36,12.27,19778.23,EUR,Gardner Inc,settled
po_2862787,REF-393750,2026-01-31T00:00:00Z,17226.95,17.74,17202.83,GBP,"Salinas, Barnes and Cooper",settled
po_3356654,REF-309709,2026-03-14T00:00:00Z,20650.99,2.29,20612.16,USD,Mcclain-Jensen,failed
po_3353339,REF-436873,2026-01-23T00:00:00Z,22636.8,8.8,22629.96,EUR,Wright Group,processing
po_2125910,REF-116988,2026-02-16T00:00:00Z,20833.06,11.74,20796.07,USD,Fitzgerald PLC,settled
po_8617645,REF-176633,2026-04-06T00:00:00Z,14385.640000000001,14.16,14358.78,EUR,Mitchell-Jones,processing
po_6949960,REF-108952,2026-01-02T00:00:00Z,14423.85,14.58,14379.08,USD,"Collins, Gardner and Shaw",pending
po_4503204,REF-659333,2026-01-03T00:00:00Z,5184.33,4.1,5173.45,USD,Cobb Group,failed
po_4332588,REF-560996,2026-04-22T00:00:00Z,19325.4,8.23,19314.32,USD,Elliott-Wallace,settled
po_9504541,REF-270795,2026-01-15T00:00:00Z,12698.55,5.85,12679.92,GBP,"Drake, Torres and Murray",settled
po_8908133,REF-204926,2026-04-19T00:00:00Z,207.99,19.32,206.21,EUR,Smith-Gaines,failed
po_7960470,REF-263324,2026-03-07T00:00:00Z,4495.87,8.97,4454.53,USD,"Hernandez, Wade and Rodriguez",pending
po_1477784,REF-214705,2026-02-15T00:00:00Z,18595.0,7.3,18555.62,GBP,"Smith, Guerra and Holmes",processing
po_2885936,REF-899541,2026-02-17T00:00:00Z,22890.050000000003,9.82,22841.58,USD,Stone and Sons,processing
po_9015983,REF-599377,2026-02-08T00:00:00Z,3406.92,16.79,3381.77,GBP,Joseph Group,pending
po_6513425,REF-186181,2026-03-25T00:00:00Z,20176.86,9.78,20141.05,USD,Hernandez-Diaz,failed
po_4990114,REF-872182,2026-03-15T00:00:00Z,8224.33,7.13,8215.4,EUR,"Brown, Middleton and Williams",processing
po_6658193,REF-325272,2026-02-26T00:00:00Z,4763.85,4.54,4714.01,GBP,Mccoy-Mccarthy,failed
po_2586848,REF-997805,2026-03-26T00:00:00Z,19318.02,9.69,19305.89,EUR,Li-Martinez,settled
po_3377472,REF-557351,2026-02-26T00:00:00Z,3221.48,5.22,3179.32,EUR,Ibarra-Clark,settled
po_4795970,REF-656334,2026-04-20T00:00:00Z,13193.55,15.27,13151.23,USD,Randall-Kerr,pending
po_1005932,REF-410899,2026-02-20T00:00:00Z,21465.589999999997,14.46,21460.92,EUR,"Luna, Morris and Gill",failed
po_7559885,REF-604293,2026-01-18T00:00:00Z,1534.06,5.72,1504.08,EUR,"Cox, Fernandez and Baker",failed
po_9734558,REF-875584,2026-04-02T00:00:00Z,3548.75,2.95,3532.5,EUR,"Pineda, Travis and Jones",processing
po_7400536,REF-739668,2026-04-05T00:00:00Z,7530.14,5.85,7488.08,USD,Morris Inc,processing
po_8255765,REF-405247,2026-04-07T00:00:00Z,21930.81,13.12,21909.15,GBP,"Salinas, Barnes and Cooper",failed
po_4714276,REF-540030,2026-02-11T00:00:00Z,22650.629999999997,13.65,22620.67,GBP,Jones-Fuentes,settled
po_7051555,REF-644176,2026-03-18T00:00:00Z,14057.18,14.48,14027.75,GBP,"Bell, Pollard and Berry",processing
po_1405076,REF-648159,2026-03-14T00:00:00Z,8730.83,7.25,8698.93,EUR,Jones-Turner,failed
po_3694288,REF-816189,2026-04-14T00:00:00Z,18244.469999999998,15.65,18233.21,EUR,Robinson Group,failed
po_7812644,REF-193186,2026-04-19T00:00:00Z,19546.010000000002,10.45,19529.68,USD,Cooper PLC,pending
po_9491272,REF-453371,2026-02-13T00:00:00Z,6670.700000000001,11.65,6635.39,GBP,Lee-Taylor,pending
po_2379281,REF-376163,2026-04-19T00:00:00Z,5002.39,5.27,4985.52,USD,Mccoy-Mccarthy,settled
po_9107980,REF-335372,2026-03-04T00:00:00Z,16738.41,8.88,16696.35,EUR,Thornton and Sons,pending
po_6396602,REF-935502,2026-03-31T00:00:00Z,15733.84,19.74,15690.7,EUR,"Hansen, Herrera and Taylor",pending
po_8721526,REF-428712,2026-03-09T00:00:00Z,2469.44,10.45,2438.12,GBP,Moore LLC,processing
po_1462664,REF-160341,2026-03-24T00:00:00Z,613.3000000000001,10.33,577.33,EUR,Walters LLC,pending
po_1113671,REF-807440,2026-03-30T00:00:00Z,16602.05,2.01,16553.48,EUR,Murray Group,failed
po_3004878,REF-269038,2026-04-03T00:00:00Z,15373.18,2.79,15355.92,GBP,"Howard, Russo and Smith",processing
po_5370558,REF-988422,2026-01-17T00:00:00Z,20148.399999999998,5.31,20127.73,EUR,Davis PLC,settled
po_7288704,REF-162019,2026-03-12T00:00:00Z,13151.7,19.16,13108.59,USD,Roach and Sons,pending
po_1509048,REF-816367,2026-01-12T00:00:00Z,4596.599999999999,18.77,4565.12,USD,Hammond Ltd,settled
po_7523750,REF-289180,2026-03-28T00:00:00Z,23416.859999999997,18.94,23377.44,USD,Mitchell-Byrd,settled
po_9847254,REF-523923,2026-04-11T00:00:00Z,3584.59,14.34,3556.0,EUR,Wade PLC,processing
po_9121925,REF-307661,2026-04-07T00:00:00Z,7112.84,6.81,7081.97,USD,Howe and Sons,failed
po_6082589,REF-422038,2026-01-11T00:00:00Z,13220.42,7.68,13200.56,USD,Wade PLC,settled
po_4415979,REF-488837,2026-03-06T00:00:00Z,18495.31,11.85,18470.04,GBP,Dickson Inc,settled
po_7237496,REF-404550,2026-04-28T00:00:00Z,5216.56,8.64,5170.6,GBP,"Miller, Anderson and Padilla",pending
po_7327221,REF-698254,2026-03-28T00:00:00Z,15568.179999999998,18.12,15553.55,EUR,Best Inc,processing
po_2115690,REF-904390,2026-03-30T00:00:00Z,15682.74,7.22,15672.76,EUR,Allen Group,failed
po_4368666,REF-697801,2026-04-19T00:00:00Z,7145.28,19.92,7138.05,EUR,"Rodriguez, Sutton and Santiago",processing
po_9449329,REF-899582,2026-01-10T00:00:00Z,5773.98,4.59,5735.41,EUR,"Short, Moore and Douglas",pending
po_4778826,REF-362985,2026-04-20T00:00:00Z,14240.82,4.69,14230.81,USD,"Wilson, Robertson and Gonzalez",processing
po_6396496,REF-683902,2026-02-05T00:00:00Z,1776.99,3.73,1757.84,USD,"Waller, Bass and Mitchell",settled
po_7476923,REF-506351,2026-04-14T00:00:00Z,9560.64,12.7,9545.8,GBP,Welch-Peck,processing
po_7517139,REF-767625,2026-02-13T00:00:00Z,17129.92,17.76,17079.96,GBP,Davis Group,failed
po_8065567,REF-530305,2026-02-27T00:00:00Z,20185.43,9.75,20141.13,USD,Allen Group,processing
po_8774158,REF-518259,2026-03-26T00:00:00Z,11629.2,15.52,11601.34,EUR,"Martinez, Joseph and Simmons",processing
po_7447324,REF-669197,2026-01-13T00:00:00Z,5404.42,9.2,5357.5,USD,Allen Ltd,processing
po_3190350,REF-882208,2026-02-03T00:00:00Z,9702.990000000002,10.25,9664.62,GBP,Anderson-Parks,settled
po_7089123,REF-994016,2026-02-11T00:00:00Z,2198.15,6.99,2166.61,USD,Johnson Inc,processing
po_5184066,REF-259401,2026-01-20T00:00:00Z,7310.11,13.61,7261.28,USD,Roberts Group,pending
po_8505009,REF-497798,2026-03-01T00:00:00Z,18942.760000000002,19.44,18897.95,USD,"Rodriguez, Evans and Patterson",failed
po_6951077,REF-754344,2026-01-17T00:00:00Z,22195.65,16.19,22165.11,USD,"Curry, Wolfe and Ramirez",settled
po_5414310,REF-638362,2026-01-24T00:00:00Z,24815.75,9.23,24792.75,EUR,Kim Group,settled
po_5534607,REF-236996,2026-01-04T00:00:00Z,16528.93,7.38,16493.78,EUR,Mccoy Ltd,processing
po_1386001,REF-302273,2026-03-11T00:00:00Z,3370.92,16.32,3330.19,EUR,"Hansen, Herrera and Taylor",settled
po_8730320,REF-348455,2026-04-12T00:00:00Z,9382.29,7.29,9350.37,USD,"Roberts, Frazier and Smith",settled
po_8986694,REF-196158,2026-01-23T00:00:00Z,17652.15,14.46,17611.09,USD,Cochran Inc,processing
po_3080547,REF-293910,2026-02-25T00:00:00Z,11778.970000000001,2.44,11743.53,GBP,Roach and Sons,pending
po_5721932,REF-532308,2026-03-17T00:00:00Z,4119.49,2.23,4081.53,GBP,"Thompson, Cooper and Young",settled
po_2105263,REF-901566,2026-03-27T00:00:00Z,15534.529999999999,14.82,15505.64,EUR,Rose-Gonzales,failed
po_8778317,REF-672435,2026-02-09T00:00:00Z,9320.39,9.82,9276.82,EUR,Rogers Inc,pending
po_3534008,REF-432108,2026-04-10T00:00:00Z,10534.49,4.49,10504.44,USD,"Cox, Fernandez and Baker",settled
po_8262122,REF-621480,2026-01-02T00:00:00Z,3791.07,17.18,3768.75,EUR,Mullins-Cabrera,processing
po_6167511,REF-840319,2026-02-10T00:00:00Z,8882.34,7.43,8850.4,USD,Smith and Sons,failed
po_8500727,REF-395590,2026-03-08T00:00:00Z,15319.509999999998,5.68,15300.38,GBP,Allen and Sons,failed
po_4976500,REF-457309,2026-03-12T00:00:00Z,15896.79,5.73,15855.94,EUR,Robbins LLC,processing
po_5634040,REF-255561,2026-04-06T00:00:00Z,12822.119999999999,7.91,12786.24,USD,Arnold-Beck,settled
po_4157389,REF-750801,2026-04-15T00:00:00Z,15883.85,12.35,15835.92,EUR,Morgan-Mckinney,settled
po_1424190,REF-628617,2026-04-12T00:00:00Z,18396.39,13.24,18393.98,USD,Simmons-Green,processing
po_5777526,REF-500576,2026-03-21T00:00:00Z,19409.51,3.44,19400.53,USD,Hays-Dalton,settled
po_5746424,REF-972210,2026-02-09T00:00:00Z,13842.439999999999,15.37,13825.56,EUR,Roberts LLC,settled
po_6673350,REF-166980,2026-03-04T00:00:00Z,18081.329999999998,7.53,18076.35,GBP,Reeves Ltd,settled
po_5014206,REF-262512,2026-03-29T00:00:00Z,13132.640000000001,13.99,13128.87,GBP,Spears-Beck,settled
po_9560523,REF-343967,2026-04-07T00:00:00Z,12018.87,10.35,11980.36,USD,Jones Group,processing
po_4569828,REF-711046,2026-01-29T00:00:00Z,5031.57,1.14,5023.11,USD,Ingram PLC,failed
po_9586664,REF-737134,2026-04-06T00:00:00Z,12822.949999999999,4.89,12784.22,USD,Juarez-Jones,settled
po_5233438,REF-697905,2026-04-07T00:00:00Z,18588.379999999997,1.45,18576.76,USD,Walters PLC,settled
po_5169447,REF-507446,2026-04-02T00:00:00Z,21517.25,3.04,21512.44,USD,Cooper PLC,settled
po_7254897,REF-566679,2026-02-07T00:00:00Z,21437.45,8.93,21432.72,EUR,Joseph Group,settled
po_1240653,REF-579123,2026-02-02T00:00:00Z,22472.100000000002,14.77,22465.58,EUR,Roberts LLC,processing
po_7919330,REF-166357,2026-03-02T00:00:00Z,6779.5,1.25,6769.92,GBP,Randall-Kerr,settled
po_8303868,REF-940896,2026-01-25T00:00:00Z,17783.19,14.36,17754.8,GBP,Webster and Sons,pending
po_3918610,REF-960581,2026-02-27T00:00:00Z,7210.1900000000005,8.07,7180.76,USD,Shaw-Stuart,failed
po_1717322,REF-477832,2026-02-21T00:00:00Z,20378.160000000003,18.45,20360.33,EUR,Morris Inc,pending
po_1067788,REF-930763,2026-04-14T00:00:00Z,21294.649999999998,11.46,21281.17,GBP,"Cox, Fernandez and Baker",pending
po_8611052,REF-514146,2026-03-11T00:00:00Z,12250.9,14.18,12242.27,EUR,Dudley Ltd,pending
po_4474350,REF-892514,2026-01-30T00:00:00Z,12402.79,15.75,12392.69,USD,Wong PLC,settled
po_1702543,REF-522576,2026-03-25T00:00:00Z,23810.82,19.56,23776.54,EUR,Robinson Group,processing
po_2456742,REF-665200,2026-04-06T00:00:00Z,6437.43,11.33,6413.16,EUR,Arnold-Beck,settled
po_3153928,REF-732929,2026-01-30T00:00:00Z,11410.87,13.83,11380.79,GBP,"Johnson, Phillips and Brown",settled
po_3917871,REF-830994,2026-02-04T00:00:00Z,1795.97,6.57,1750.76,USD,Moore LLC,pending
po_4748410,REF-180552,2026-04-17T00:00:00Z,10700.28,13.98,10682.62,GBP,"Frey, Mcgee and Bailey",processing
po_1344563,REF-245967,2026-01-21T00:00:00Z,20250.96,18.06,20215.25,USD,Cobb Group,failed
po_3307324,REF-684352,2026-02-24T00:00:00Z,10487.08,4.08,10480.15,USD,"Yu, Nguyen and Wood",pending
po_3472747,REF-375782,2026-03-12T00:00:00Z,16520.77,15.19,16505.05,GBP,Dudley Ltd,processing
po_8965143,REF-798258,2026-03-08T00:00:00Z,12791.59,5.07,12767.15,USD,Reynolds-Harris,pending
po_4780612,REF-897460,2026-01-18T00:00:00Z,3715.73,8.72,3674.16,USD,"Liu, Parsons and Delacruz",processing
po_3638806,REF-861785,2026-03-26T00:00:00Z,19534.11,10.9,19521.28,USD,King-George,processing
po_6091832,REF-188963,2026-03-12T00:00:00Z,15047.529999999999,12.5,15005.55,EUR,"Owen, Gibson and Johnson",failed
po_9937879,REF-815321,2026-04-28T00:00:00Z,12824.539999999999,13.0,12798.21,EUR,Walters LLC,failed
po_5672826,REF-428258,2026-01-29T00:00:00Z,21885.85,9.05,21871.92,GBP,Fitzgerald PLC,pending
po_5144427,REF-820480,2026-01-24T00:00:00Z,20072.13,16.01,20061.05,GBP,"Thompson, Cooper and Young",failed
po_1054812,REF-383891,2026-04-01T00:00:00Z,9394.85,16.43,9390.59,EUR,Reynolds-Torres,failed
po_8992131,REF-390551,2026-04-15T00:00:00Z,23392.829999999998,6.95,23370.41,GBP,"Clarke, Johnson and Watson",pending
po_1670038,REF-173693,2026-04-18T00:00:00Z,19053.78,11.76,19009.11,USD,Allen Group,settled
po_4688845,REF-748347,2026-01-28T00:00:00Z,7132.02,19.36,7122.6,USD,Ford Ltd,processing
po_3911570,REF-743964,2026-04-04T00:00:00Z,23908.93,6.31,23862.97,USD,"Roberts, Frazier and Smith",settled
po_1386322,REF-323753,2026-02-26T00:00:00Z,10921.470000000001,6.16,10893.95,GBP,Pennington PLC,processing
po_6271598,REF-506743,2026-03-19T00:00:00Z,8087.26,6.21,8068.95,EUR,"Owens, Peters and White",failed
po_9236899,REF-690672,2026-03-28T00:00:00Z,15043.259999999998,9.46,15020.88,EUR,"Murphy, Jordan and Whitney",processing
po_1804946,REF-372482,2026-04-26T00:00:00Z,8760.32,2.71,8722.05,EUR,Johnson-Ruiz,pending
po_4889220,REF-256268,2026-02-26T00:00:00Z,6322.240000000001,12.8,6278.52,GBP,Howard LLC,pending
po_4001846,REF-946964,2026-01-02T00:00:00Z,23560.329999999998,18.71,23551.85,USD,Rodriguez LLC,pending
po_5685491,REF-121724,2026-04-14T00:00:00Z,21412.46,9.64,21388.8,EUR,Fitzgerald PLC,settled
po_9718383,REF-242505,2026-02-17T00:00:00Z,16030.74,12.5,16012.4,USD,Smith and Sons,processing
po_6025077,REF-138185,2026-04-13T00:00:00Z,4212.530000000001,6.98,4193.22,EUR,Kennedy-Marks,pending
po_5243292,REF-719110,2026-02-26T00:00:00Z,10927.4,9.86,10902.55,GBP,Rivera-Stanley,processing
po_2310694,REF-252607,2026-01-31T00:00:00Z,11626.21,7.74,11595.9,EUR,Flynn-Matthews,processing
po_1404999,REF-631331,2026-02-08T00:00:00Z,1740.17,7.35,1717.2,EUR,Maxwell-Shepherd,processing
po_6539032,REF-229287,2026-03-15T00:00:00Z,7174.43,9.36,7141.06,USD,"Drake, Torres and Murray",failed
po_8162386,REF-330935,2026-02-19T00:00:00Z,2380.22,5.85,2352.41,EUR,Jones-Graham,pending
po_7243076,REF-606110,2026-04-03T00:00:00Z,4148.38,19.16,4105.7,USD,Hodge PLC,failed
po_5566565,REF-800188,2026-01-19T00:00:00Z,15814.4,10.67,15797.32,EUR,"Graham, Ferguson and Hill",processing
po_2654187,REF-370157,2026-04-12T00:00:00Z,1341.0500000000002,10.61,1305.88,GBP,Mcclain-Jensen,processing
po_8250571,REF-270336,2026-01-31T00:00:00Z,14183.71,9.99,14175.16,EUR,Cochran Inc,settled
po_3670798,REF-615753,2026-04-22T00:00:00Z,3008.0,12.28,2977.7,USD,"Salinas, Barnes and Cooper",settled
po_1548357,REF-549359,2026-03-10T00:00:00Z,19917.49,19.69,19909.95,USD,Schneider Ltd,failed
po_3851025,REF-424814,2026-01-21T00:00:00Z,16704.76,16.66,16659.8,USD,Reynolds LLC,processing
po_9328470,REF-742501,2026-04-16T00:00:00Z,15426.21,14.09,15395.49,GBP,"Chavez, Davis and Walton",settled
po_6479600,REF-574489,2026-04-13T00:00:00Z,16644.91,9.76,16633.59,GBP,Davis PLC,pending
po_6075879,REF-570726,2026-01-13T00:00:00Z,14749.32,4.99,14702.39,USD,Rivera-Stanley,processing
po_8543241,REF-151288,2026-01-08T00:00:00Z,3941.8700000000003,7.21,3934.36,USD,Hammond Ltd,processing
po_8010698,REF-197744,2026-02-22T00:00:00Z,213.66,1.18,210.78,USD,Davis Group,failed
po_8297043,REF-964366,2026-04-08T00:00:00Z,8484.789999999999,14.89,8446.07,USD,Reynolds-Torres,settled
po_4874618,REF-448762,2026-02-05T00:00:00Z,13527.57,16.86,13481.34,EUR,Mckinney-Cooper,pending
po_2276841,REF-707716,2026-03-26T00:00:00Z,22330.86,6.2,22290.54,USD,Nguyen-Roberts,processing
po_3973538,REF-708358,2026-03-04T00:00:00Z,19256.01,4.8,19228.3,GBP,Flynn-Matthews,processing
po_7063782,REF-885813,2026-01-16T00:00:00Z,23671.579999999998,18.7,23665.8,USD,"Evans, Conway and Hall",failed
po_6662811,REF-103489,2026-04-19T00:00:00Z,1935.69,15.55,1928.74,USD,Phillips-Wyatt,processing
po_2064228,REF-927326,2026-02-14T00:00:00Z,16717.21,7.5,16708.26,EUR,"Hobbs, Blanchard and Porter",pending
po_4804253,REF-946489,2026-01-13T00:00:00Z,810.87,18.74,768.98,EUR,"Gray, Williams and Weaver",processing
po_6287678,REF-144003,2026-01-25T00:00:00Z,9740.449999999999,2.62,9697.21,GBP,Shaw-Stuart,settled
po_5923296,REF-678399,2026-03-11T00:00:00Z,14835.23,3.02,14832.32,EUR,Garcia and Sons,failed
po_1438686,REF-456454,2026-02-04T00:00:00Z,17454.350000000002,7.23,17405.27,EUR,Smith Ltd,settled
po_5986295,REF-449999,2026-04-08T00:00:00Z,9124.65,13.5,9079.24,USD,Hodge PLC,settled
po_7058725,REF-449455,2026-03-25T00:00:00Z,7835.400000000001,3.03,7814.51,EUR,Leach-Walker,pending
po_7843602,REF-696655,2026-03-24T00:00:00Z,2074.4300000000003,10.94,2073.17,USD,"Short, Moore and Douglas",failed
po_5826180,REF-321257,2026-02-24T00:00:00Z,12343.2,12.71,12329.0,USD,"Pena, Jones and Sanchez",settled
po_3222118,REF-525244,2026-01-14T00:00:00Z,16253.07,5.39,16217.23,EUR,Joseph Group,pending
po_3422356,REF-218083,2026-02-04T00:00:00Z,17117.8,13.31,17109.6,USD,Hunt PLC,settled
po_9219381,REF-388426,2026-03-28T00:00:00Z,24456.78,6.2,24431.82,EUR,Garcia Ltd,settled
po_8939548,REF-581031,2026-04-05T00:00:00Z,11642.47,11.06,11602.97,USD,"Pena, Jones and Sanchez",processing
po_7452209,REF-599997,2026-04-17T00:00:00Z,11259.06,19.02,11247.34,GBP,Jones-Graham,pending
po_9890570,REF-790271,2026-02-03T00:00:00Z,13108.83,12.92,13062.66,GBP,"Evans, Conway and Hall",settled
po_4346496,REF-695539,2026-02-22T00:00:00Z,8233.039999999999,13.73,8201.23,GBP,Griffin Inc,failed
po_2279569,REF-999464,2026-01-05T00:00:00Z,15630.93,18.02,15624.87,USD,"Martinez, Joseph and Simmons",pending
po_2624977,REF-176130,2026-04-04T00:00:00Z,5146.65,1.22,5143.86,EUR,Shaw-Decker,processing
po_1106646,REF-457369,2026-01-11T00:00:00Z,16130.8,10.3,16084.41,EUR,Kirk-Morales,pending
po_1358384,REF-703638,2026-01-29T00:00:00Z,2558.54,4.66,2524.84,GBP,"Clarke, Johnson and Watson",pending
po_7151238,REF-239070,2026-01-25T00:00:00Z,18349.42,17.72,18317.69,USD,Kirk-Morales,failed
po_2228310,REF-496452,2026-03-01T00:00:00Z,3877.92,3.06,3869.39,USD,Mcdowell-Watts,pending
po_8533952,REF-810034,2026-04-23T00:00:00Z,6693.67,12.61,6671.85,GBP,Edwards-Boyd,processing
po_4854361,REF-525529,2026-01-25T00:00:00Z,15203.99,11.14,15166.88,GBP,Holmes and Sons,settled
po_5051609,REF-643114,2026-01-06T00:00:00Z,22763.0,2.59,22735.59,GBP,Ramsey-Caldwell,settled
po_8082038,REF-614335,2026-02-23T00:00:00Z,13770.289999999999,11.39,13733.96,USD,Mckinney-Cooper,failed
po_2386345,REF-902663,2026-01-04T00:00:00Z,24853.69,10.13,24818.98,EUR,"Savage, Garcia and Robinson",settled
po_3482081,REF-257050,2026-04-02T00:00:00Z,1485.18,11.95,1454.76,GBP,Thornton and Sons,processing
po_5383639,REF-926602,2026-03-20T00:00:00Z,3830.07,8.18,3785.67,EUR,Colon Group,failed
po_3856080,REF-228914,2026-03-13T00:00:00Z,13302.099999999999,8.13,13262.63,EUR,"Lewis, Joyce and Robertson",settled
po_3110014,REF-352067,2026-01-26T00:00:00Z,15638.96,6.09,15634.8,USD,Lewis-Robinson,settled
po_9651395,REF-682791,2026-04-23T00:00:00Z,6349.56,14.65,6339.06,GBP,"Pineda, Travis and Jones",pending
po_7839084,REF-168713,2026-03-27T00:00:00Z,10023.31,1.39,10007.73,USD,"Frey, Mcgee and Bailey",processing
po_3628520,REF-324263,2026-02-24T00:00:00Z,9240.589999999998,15.26,9222.21,GBP,"Waller, Bass and Mitchell",failed
po_7898650,REF-669868,2026-02-12T00:00:00Z,4724.870000000001,17.4,4685.06,USD,Shaw-Stuart,settled
po_1965082,REF-287123,2026-03-07T00:00:00Z,9274.75,6.54,9225.09,GBP,Colon Group,pending
po_2586703,REF-651773,2026-04-16T00:00:00Z,24279.899999999998,9.64,24244.05,EUR,Maxwell-Shepherd,processing
po_7822403,REF-722138,2026-01-30T00:00:00Z,13663.73,14.74,13620.84,GBP,Mullins-Cabrera,settled
po_1493220,REF-584141,2026-01-12T00:00:00Z,18995.72,7.36,18966.0,EUR,"Collins, Gardner and Shaw",processing
po_1051574,REF-821836,2026-01-31T00:00:00Z,20988.21,13.92,20943.98,GBP,Green Ltd,processing
po_7660590,REF-733016,2026-02-08T00:00:00Z,3396.77,7.52,3369.81,USD,"Hernandez, Greer and Jackson",settled
po_5280661,REF-326057,2026-04-30T00:00:00Z,4934.54,14.21,4887.78,GBP,Mata Inc,failed
po_8155750,REF-122286,2026-03-21T00:00:00Z,23557.420000000002,1.34,23518.18,USD,Johnson-Ruiz,settled
po_2676811,REF-517155,2026-02-18T00:00:00Z,13066.1,15.58,13018.41,USD,Smith-Ortiz,failed
po_4537620,REF-292312,2026-03-11T00:00:00Z,1374.21,16.8,1325.0,EUR,Jones-Fuentes,failed
po_7835998,REF-932371,2025-12-31T00:00:00Z,2921.0800000000004,5.44,2917.82,EUR,Griffin Inc,failed
po_1264631,REF-824679,2026-02-26T00:00:00Z,1394.69,9.61,1358.67,GBP,Goodwin-Martinez,failed
po_2504155,REF-756369,2026-03-20T00:00:00Z,10130.88,6.62,10086.31,GBP,Brown Ltd,failed
po_4103023,REF-122306,2026-02-06T00:00:00Z,3736.74,16.33,3694.62,GBP,"Nelson, Bowers and Cooper",pending
po_8007904,REF-687043,2026-03-13T00:00:00Z,19460.95,1.58,19412.31,EUR,"Graham, Garrett and Caldwell",processing
po_5776497,REF-736203,2026-03-07T00:00:00Z,7796.38,18.05,7754.81,GBP,Hunt-Whitney,processing
po_8283754,REF-555237,2026-03-19T00:00:00Z,24573.8,2.78,24540.41,GBP,Coffey-Howell,processing
po_6651446,REF-689083,2026-01-01T00:00:00Z,10236.990000000002,15.26,10187.95,USD,"Ramirez, Hernandez and Fox",failed
po_1016411,REF-934963,2026-03-16T00:00:00Z,9983.119999999999,17.19,9981.8,USD,Esparza-Carroll,processing
po_1803899,REF-900329,2026-04-16T00:00:00Z,1635.8799999999999,8.13,1588.56,USD,"Miller, Anderson and Padilla",settled
po_3410015,REF-873566,2026-04-19T00:00:00Z,2029.07,8.0,2025.61,GBP,Gonzalez-Pennington,failed
po_3301718,REF-270196,2026-02-19T00:00:00Z,11048.099999999999,11.55,11030.22,GBP,"Molina, Wells and Bright",settled
po_2126725,REF-150011,2026-04-28T00:00:00Z,18180.120000000003,4.77,18131.58,EUR,Arnold-Beck,processing
po_2705514,REF-279567,2026-04-01T00:00:00Z,23860.829999999998,4.1,23855.98,EUR,Robinson Group,processing
po_6152253,REF-590448,2026-01-16T00:00:00Z,5982.35,1.93,5968.38,GBP,Washington-West,pending
po_7683364,REF-145090,2026-03-06T00:00:00Z,1242.5,3.06,1218.45,EUR,Bowman LLC,pending
po_3879299,REF-114694,2026-01-09T00:00:00Z,16719.28,7.46,16690.23,USD,"Russell, Scott and Ramsey",processing
po_1384511,REF-962500,2026-04-21T00:00:00Z,5890.92,14.35,5865.77,EUR,Ford Ltd,processing
po_2415200,REF-620580,2026-02-20T00:00:00Z,11386.29,4.25,11353.0,GBP,Roach and Sons,pending
po_2222424,REF-791593,2026-03-27T00:00:00Z,16881.85,15.63,16855.23,USD,"Garner, Lawson and Richard",pending
po_1271225,REF-723033,2026-04-06T00:00:00Z,8249.33,3.41,8201.63,EUR,Reed PLC,settled
po_6001913,REF-982653,2026-03-25T00:00:00Z,23830.45,7.42,23786.21,GBP,Nguyen-Roberts,settled
po_7551438,REF-580127,2026-03-05T00:00:00Z,8710.21,11.25,8685.81,GBP,Prince-Martinez,pending
po_9486008,REF-758315,2026-04-02T00:00:00Z,6915.99,17.06,6890.63,USD,Cooper Ltd,pending
po_1870268,REF-774554,2026-04-11T00:00:00Z,12395.41,17.78,12360.33,GBP,"Bates, Diaz and Lowe",failed
po_5501703,REF-578816,2026-03-28T00:00:00Z,9552.269999999999,18.75,9538.96,GBP,"Davis, Kim and Ingram",processing
po_4264306,REF-769307,2026-01-23T00:00:00Z,4950.54,18.13,4922.78,EUR,Bowman LLC,settled
po_7772146,REF-658933,2026-01-23T00:00:00Z,6584.049999999999,5.21,6536.69,GBP,Thompson-Washington,pending
po_1262268,REF-845134,2026-03-12T00:00:00Z,2608.84,15.36,2577.96,GBP,Kelly-Murphy,failed
po_4959725,REF-808236,2026-04-22T00:00:00Z,229.06,1.72,214.87,EUR,Barrera Group,failed
po_4995474,REF-442640,2026-01-13T00:00:00Z,2268.12,9.5,2227.98,EUR,Allen-Taylor,failed
po_3208458,REF-907151,2026-02-05T00:00:00Z,23857.58,1.13,23819.45,USD,Gallegos-Stewart,failed
po_5689870,REF-948400,2026-03-12T00:00:00Z,10085.42,4.18,10069.79,USD,"Davis, Kim and Ingram",processing
po_3982571,REF-762880,2026-03-10T00:00:00Z,24604.87,6.79,24579.27,GBP,Robbins LLC,settled
po_4966490,REF-992351,2026-04-29T00:00:00Z,24642.45,17.67,24635.02,USD,Ramsey-Caldwell,settled
po_9720948,REF-603871,2026-02-12T00:00:00Z,1781.04,8.28,1754.33,USD,"Fox, Hernandez and Ryan",processing
po_9821924,REF-406884,2026-04-02T00:00:00Z,10602.93,16.46,10591.23,GBP,Rhodes Ltd,settled
po_7968718,REF-250169,2026-03-18T00:00:00Z,20926.420000000002,4.04,20912.56,USD,Walters PLC,processing
po_5456537,REF-191322,2026-03-31T00:00:00Z,19203.91,8.2,19179.2,EUR,Garcia Ltd,settled
po_3945223,REF-789625,2026-02-17T00:00:00Z,12789.53,14.06,12785.43,GBP,Allen-Taylor,pending
po_8165549,REF-978560,2026-01-23T00:00:00Z,23186.899999999998,13.49,23146.73,GBP,"Clarke, Johnson and Watson",settled
po_8010785,REF-274654,2026-04-24T00:00:00Z,13846.57,14.77,13839.58,USD,Lane-Hines,processing
po_8496508,REF-120510,2026-01-31T00:00:00Z,5521.76,17.11,5491.18,EUR,Zimmerman and Sons,processing
po_3319875,REF-358462,2026-02-11T00:00:00Z,11046.94,11.61,11017.54,USD,Nguyen-White,pending
po_9203143,REF-482003,2026-04-11T00:00:00Z,20343.43,18.85,20312.71,USD,Thompson-Campbell,processing
po_4388917,REF-639318,2026-03-26T00:00:00Z,8750.94,19.58,8749.09,USD,Brown-Huynh,pending
po_6842624,REF-582570,2026-01-14T00:00:00Z,20404.99,2.76,20371.45,GBP,Jimenez-Bradley,pending
po_3546569,REF-535771,2026-03-14T00:00:00Z,1447.46,3.99,1440.8,USD,Dickson-Padilla,processing
po_6753560,REF-218184,2026-01-14T00:00:00Z,1394.67,18.59,1361.25,GBP,"Best, Simon and Turner",processing
po_9740807,REF-407874,2026-01-04T00:00:00Z,23145.02,15.52,23138.94,GBP,Wright Group,failed
po_7301135,REF-650309,2026-03-21T00:00:00Z,7136.46,16.96,7129.15,GBP,Spears-Beck,pending
po_1286698,REF-929398,2026-04-17T00:00:00Z,24903.350000000002,5.35,24864.31,EUR,Wagner Ltd,processing
po_1430260,REF-665852,2026-02-10T00:00:00Z,4797.04,10.16,4789.14,EUR,"Walker, Garcia and Mcguire",settled
po_7917936,REF-618895,2026-03-12T00:00:00Z,15378.1,3.4,15365.92,EUR,Ford Ltd,failed
po_7093262,REF-817696,2026-04-15T00:00:00Z,8621.69,8.71,8576.2,EUR,Mcdowell-Watts,processing
po_9045874,REF-564322,2026-02-16T00:00:00Z,9272.18,3.6,9229.94,EUR,"Owen, Gibson and Johnson",failed
po_5633363,REF-224266,2026-04-08T00:00:00Z,2824.6499999999996,2.71,2786.24,GBP,"Pena, Jones and Sanchez",pending
po_2416584,REF-862066,2026-04-13T00:00:00Z,13631.289999999999,1.81,13620.71,GBP,Li-Martinez,processing
po_4297622,REF-150120,2026-01-10T00:00:00Z,11564.32,11.74,11562.11,USD,"Rogers, Anderson and Campos",pending
po_5265122,REF-366087,2026-03-17T00:00:00Z,11226.41,17.9,11184.33,GBP,Fitzgerald-Watson,processing
po_1418312,REF-971044,2026-01-30T00:00:00Z,8885.01,16.11,8847.01,USD,Simmons-Green,settled
po_1050782,REF-120602,2026-01-04T00:00:00Z,16688.19,13.69,16671.75,USD,Kim Group,settled
po_4752739,REF-947073,2026-01-04T00:00:00Z,1114.12,4.77,1081.37,GBP,Colon Group,processing
po_4914105,REF-530846,2026-01-13T00:00:00Z,9612.689999999999,15.48,9570.98,GBP,"Garcia, Mercado and West",processing
po_1441357,REF-115372,2026-04-13T00:00:00Z,14593.53,1.97,14582.03,USD,Hays-Dalton,processing
po_4946181,REF-266050,2026-04-17T00:00:00Z,2683.74,14.33,2664.64,EUR,Nguyen-White,processing
po_5362675,REF-976903,2026-04-03T00:00:00Z,2126.33,3.63,2110.43,EUR,Hughes Inc,settled
po_8026089,REF-561744,2026-03-14T00:00:00Z,13084.85,9.99,13060.61,GBP,Gray PLC,settled
po_3774103,REF-414106,2026-01-10T00:00:00Z,21087.32,9.05,21056.92,EUR,Randall-Kerr,pending
po_2887319,REF-766253,2026-03-26T00:00:00Z,14493.81,1.84,14475.43,GBP,Gonzalez-Mcdaniel,pending
po_4048843,REF-335018,2026-03-12T00:00:00Z,16878.309999999998,1.86,16862.96,GBP,Griffin Inc,processing
po_6670999,REF-360733,2026-03-10T00:00:00Z,20887.3,3.7,20881.29,EUR,Arnold-Beck,failed
po_1689341,REF-673268,2026-03-10T00:00:00Z,20686.5,3.61,20642.36,EUR,Vincent-Mcclure,failed
po_5165533,REF-703717,2026-03-18T00:00:00Z,24783.649999999998,15.35,24765.12,GBP,Crawford Ltd,pending
po_7721091,REF-598189,2026-01-27T00:00:00Z,17892.79,16.77,17875.5,USD,Gray PLC,settled
po_1474039,REF-251670,2026-03-04T00:00:00Z,22702.67,8.91,22663.07,EUR,Church Inc,settled
po_7722708,REF-640842,2026-04-08T00:00:00Z,22440.6,11.47,22416.98,GBP,"Owen, Gibson and Johnson",settled
po_7640884,REF-337475,2026-04-10T00:00:00Z,6825.11,11.44,6789.98,GBP,Hawkins-Saunders,failed
po_1982944,REF-456814,2026-02-10T00:00:00Z,14233.75,15.84,14191.35,GBP,Anderson LLC,failed
po_3109953,REF-173802,2026-01-14T00:00:00Z,22237.52,12.01,22231.62,USD,Flynn Group,failed
po_7292205,REF-722977,2026-01-03T00:00:00Z,9524.54,6.21,9490.1,USD,"Luna, Morris and Gill",processing
po_6176130,REF-115052,2026-01-20T00:00:00Z,1312.44,19.33,1273.81,EUR,"Hayes, Luna and Miller",pending
po_1909197,REF-937738,2026-02-02T00:00:00Z,10649.47,13.02,10643.16,USD,Goodwin-Martinez,failed
po_6211276,REF-997135,2026-01-20T00:00:00Z,274.33,15.51,253.67,GBP,"Nguyen, Williams and Smith",settled
po_2817775,REF-490604,2026-01-11T00:00:00Z,2023.9,10.81,1999.65,EUR,Cobb Group,processing
po_7854309,REF-182976,2026-04-21T00:00:00Z,24830.960000000003,17.2,24791.13,USD,Lopez-Stout,processing
po_9930343,REF-363432,2026-03-08T00:00:00Z,22993.420000000002,11.53,22990.06,USD,Walter Inc,pending
po_1791030,REF-229400,2026-01-16T00:00:00Z,23703.54,18.95,23701.0,USD,Newman-Thomas,failed
po_9241865,REF-252716,2026-04-04T00:00:00Z,7182.47,12.8,7148.04,EUR,"Taylor, Zavala and Bates",settled
po_6932930,REF-772677,2026-03-23T00:00:00Z,19145.83,13.45,19109.83,USD,Bowman LLC,settled
po_5475579,REF-143728,2026-04-15T00:00:00Z,15209.92,5.36,15178.34,EUR,Zimmerman Group,pending
po_5678396,REF-172481,2026-03-06T00:00:00Z,931.6500000000001,18.42,918.2,GBP,Hawkins-Saunders,failed
po_6377073,REF-661072,2026-04-14T00:00:00Z,1373.6499999999999,12.32,1360.84,GBP,Kirk-Morales,pending
po_6135087,REF-752317,2026-04-12T00:00:00Z,21906.149999999998,6.98,21856.48,GBP,Pennington PLC,pending
po_4418107,REF-495147,2026-02-01T00:00:00Z,6915.92,13.33,6874.17,EUR,Elliott-Wallace,processing
po_4558298,REF-777454,2026-01-14T00:00:00Z,5984.9400000000005,3.3,5975.72,USD,Contreras LLC,settled
po_7479928,REF-825263,2026-01-08T00:00:00Z,4420.8,11.41,4413.84,USD,"Johnson, Harrison and Thomas",failed
po_9096480,REF-859699,2026-04-27T00:00:00Z,19941.11,15.88,19926.57,EUR,Roach and Sons,pending
po_1058859,REF-809132,2026-04-16T00:00:00Z,10250.609999999999,16.5,10231.48,GBP,Brady-Ford,failed
po_7223817,REF-822502,2026-01-02T00:00:00Z,10968.09,2.64,10952.43,USD,"Davis, Kim and Ingram",settled
po_7162007,REF-439666,2026-03-10T00:00:00Z,24708.75,15.44,24669.87,USD,Hays-Dalton,processing
po_9724806,REF-860863,2026-03-09T00:00:00Z,7417.66,11.75,7372.67,USD,"Lewis, Joyce and Robertson",processing
po_3122388,REF-489017,2026-01-03T00:00:00Z,19547.28,2.65,19545.19,USD,"Snow, Rodgers and Miller",processing
po_3335391,REF-686225,2026-03-14T00:00:00Z,11424.54,15.9,11377.44,GBP,Pena Inc,failed
po_2620209,REF-579113,2026-03-03T00:00:00Z,24316.149999999998,16.15,24288.6,USD,Jones-Turner,pending
po_7147865,REF-270623,2026-01-22T00:00:00Z,23514.69,3.51,23500.64,EUR,Matthews PLC,failed
po_1835187,REF-917367,2026-02-24T00:00:00Z,12169.62,8.59,12165.51,USD,Mccoy Ltd,failed
po_1084840,REF-988792,2026-02-04T00:00:00Z,11501.33,10.22,11497.47,USD,Ramsey-Caldwell,pending
po_1989886,REF-540071,2026-01-17T00:00:00Z,17939.47,11.91,17933.99,USD,Anderson LLC,settled
po_1893220,REF-294961,2026-02-09T00:00:00Z,22191.79,3.59,22150.57,USD,Richard LLC,settled
po_6489988,REF-115420,2026-03-28T00:00:00Z,20281.57,5.31,20246.31,GBP,Davis PLC,pending
po_9634736,REF-999115,2026-01-27T00:00:00Z,10391.140000000001,19.57,10344.78,GBP,Brown Ltd,pending
po_5978973,REF-370340,2026-01-04T00:00:00Z,5361.55,17.75,5350.1,GBP,"Chavez, Davis and Walton",failed
po_5217304,REF-163413,2026-03-08T00:00:00Z,8496.1,18.69,8451.44,USD,Dickson-Gutierrez,pending
po_5642259,REF-936547,2026-04-27T00:00:00Z,8000.57,8.48,7965.04,USD,"Rodriguez, Evans and Patterson",processing
po_9277618,REF-691995,2026-01-26T00:00:00Z,2056.36,6.88,2024.54,EUR,Mcdowell-Watts,settled
po_7527429,REF-585175,2026-01-12T00:00:00Z,22243.49,14.35,22239.84,USD,"Hobbs, Blanchard and Porter",pending
po_8344014,REF-957287,2026-02-09T00:00:00Z,17979.390000000003,15.91,17934.24,EUR,Gray PLC,failed
po_8384567,REF-435027,2026-01-10T00:00:00Z,321.18,12.74,289.13,EUR,"Luna, Morris and Gill",settled
po_1470606,REF-564458,2026-04-07T00:00:00Z,23943.399999999998,13.66,23897.64,EUR,Cobb Group,settled
po_4598930,REF-910403,2026-02-07T00:00:00Z,7235.929999999999,10.62,7213.94,GBP,"Ramirez, Hernandez and Fox",failed
po_6712098,REF-453171,2026-03-24T00:00:00Z,15689.03,7.87,15680.85,USD,Mann Group,settled
po_9011131,REF-775414,2026-01-01T00:00:00Z,24108.64,15.79,24094.76,GBP,Young-Hudson,pending
po_9233863,REF-303261,2026-03-25T00:00:00Z,17390.82,15.42,17367.35,USD,Hunt PLC,pending
po_8707092,REF-111591,2026-04-16T00:00:00Z,5496.03,4.49,5468.71,GBP,Mitchell-Byrd,settled
po_1094264,REF-997593,2026-02-11T00:00:00Z,5522.63,19.22,5490.41,USD,Ibarra-Clark,processing
po_6604982,REF-511652,2026-02-18T00:00:00Z,411.21999999999997,19.92,373.26,USD,"Best, Simon and Turner",processing
po_8676803,REF-275622,2026-02-08T00:00:00Z,2235.11,10.89,2215.98,GBP,Best Inc,settled
po_2660519,REF-566529,2025-12-31T00:00:00Z,22283.66,12.55,22250.96,GBP,Kennedy-Marks,pending
po_6250385,REF-483822,2026-03-28T00:00:00Z,13097.17,9.81,13068.29,EUR,Dickson-Padilla,processing
po_9531555,REF-152789,2026-03-31T00:00:00Z,9603.970000000001,10.11,9558.45,GBP,Mckinney-Cooper,pending
po_3138437,REF-200636,2026-03-25T00:00:00Z,8340.82,16.93,8309.18,EUR,Johnson Inc,pending
po_4293083,REF-610944,2026-02-04T00:00:00Z,1537.86,13.79,1502.51,USD,"Yu, Nguyen and Wood",settled
po_4254164,REF-993780,2026-01-28T00:00:00Z,24470.449999999997,15.76,24467.42,EUR,Schneider Ltd,pending
po_6970322,REF-515102,2026-02-01T00:00:00Z,8423.74,12.11,8403.24,USD,Lewis-Robinson,pending
po_3669613,REF-194014,2026-03-17T00:00:00Z,17132.100000000002,19.16,17102.58,GBP,White-Wilson,pending
po_8043067,REF-389308,2026-04-15T00:00:00Z,6635.03,10.52,6610.17,GBP,Morris Inc,failed
po_7067824,REF-889727,2026-02-27T00:00:00Z,24225.71,12.04,24221.75,EUR,"Garner, Lawson and Richard",failed
po_3806405,REF-818125,2026-01-25T00:00:00Z,11061.59,3.46,11038.36,EUR,"Ball, Henderson and Caldwell",pending
po_5472051,REF-253991,2026-02-06T00:00:00Z,22088.55,2.93,22054.55,USD,"Best, Simon and Turner",settled
po_5423643,REF-753026,2026-04-04T00:00:00Z,23741.670000000002,11.63,23729.86,GBP,"Evans, Conway and Hall",pending
po_2301045,REF-160401,2026-03-26T00:00:00Z,23687.05,16.85,23682.19,USD,Johnson-Ruiz,processing
po_6628815,REF-589584,2026-04-20T00:00:00Z,24551.34,7.85,24503.94,EUR,Goodwin-Martinez,pending
po_3970963,REF-863503,2026-02-18T00:00:00Z,24796.25,8.03,24778.43,EUR,"Garner, Lawson and Richard",settled
po_2893169,REF-518487,2026-04-07T00:00:00Z,12756.26,5.55,12713.44,EUR,"Short, Moore and Douglas",processing
po_3640954,REF-290413,2026-02-03T00:00:00Z,3486.4100000000003,16.51,3439.3,EUR,Peterson LLC,failed
po_9316170,REF-532694,2026-03-13T00:00:00Z,5404.009999999999,16.62,5356.94,USD,"Hernandez, Hill and Hull",pending
po_5358076,REF-196865,2026-02-26T00:00:00Z,2022.1299999999999,13.93,2008.04,GBP,"Walker, Garcia and Mcguire",processing
po_8213778,REF-654735,2026-03-29T00:00:00Z,4890.65,7.15,4870.04,USD,"Murphy, Jordan and Whitney",pending
po_9709790,REF-900264,2026-04-28T00:00:00Z,2842.3500000000004,1.87,2809.09,USD,"Santana, Hoffman and Cobb",settled
po_3070608,REF-424207,2026-01-08T00:00:00Z,21450.649999999998,5.13,21411.96,USD,"Hernandez, Wade and Rodriguez",processing
po_9130904,REF-227531,2026-01-25T00:00:00Z,12411.49,7.54,12372.07,USD,Thomas PLC,failed
po_1023893,REF-346028,2026-04-26T00:00:00Z,20700.570000000003,17.2,20685.49,GBP,Wright Group,pending
po_7527846,REF-631917,2026-01-11T00:00:00Z,3282.59,15.97,3251.84,EUR,Gardner-Hayes,settled
po_2503919,REF-203463,2026-01-04T00:00:00Z,20796.600000000002,10.37,20748.38,USD,"Rodriguez, Evans and Patterson",processing
po_3707604,REF-310034,2026-03-02T00:00:00Z,13411.019999999999,10.66,13364.96,EUR,"Graham, Garrett and Caldwell",settled
po_1958984,REF-802916,2026-03-12T00:00:00Z,6382.030000000001,16.6,6362.56,USD,Pierce Inc,failed
po_2753913,REF-937537,2026-04-20T00:00:00Z,22549.510000000002,1.12,22507.95,USD,Webster and Sons,failed
po_4845985,REF-255710,2026-02-10T00:00:00Z,19338.920000000002,14.68,19309.95,GBP,Roberts Group,failed
po_2208309,REF-433888,2026-02-15T00:00:00Z,18273.98,15.56,18269.18,EUR,"Santana, Hoffman and Cobb",failed
po_1008857,REF-855914,2026-03-14T00:00:00Z,488.0,1.35,447.25,GBP,Anderson LLC,pending
po_7770171,REF-242559,2026-01-12T00:00:00Z,16698.6,11.76,16674.92,USD,Arroyo-Pope,processing
po_8723932,REF-607377,2026-03-03T00:00:00Z,5458.1,14.21,5410.1,USD,Gardner-Hayes,processing
po_6516611,REF-761614,2026-04-30T00:00:00Z,8842.74,1.59,8826.61,GBP,Ingram PLC,failed
po_5766279,REF-172617,2026-03-16T00:00:00Z,3664.19,14.51,3639.67,USD,Barrera Group,settled
po_8042900,REF-899555,2026-03-26T00:00:00Z,9947.18,8.33,9906.19,EUR,"Rice, Wallace and Castillo",failed
po_8157573,REF-526462,2026-01-02T00:00:00Z,6473.08,19.29,6441.87,EUR,King LLC,processing
po_9875419,REF-436693,2026-01-28T00:00:00Z,3464.29,8.86,3455.4,GBP,Wagner Ltd,pending
po_5160979,REF-649999,2026-04-27T00:00:00Z,24702.15,7.28,24686.52,EUR,Zimmerman and Sons,failed
po_5626953,REF-176539,2026-04-10T00:00:00Z,18668.93,6.42,18639.59,EUR,"Rollins, Charles and Black",failed
po_2673677,REF-253201,2026-01-21T00:00:00Z,467.19,2.97,453.98,GBP,Roberts Group,settled
po_7216697,REF-601992,2026-01-14T00:00:00Z,3266.49,16.21,3248.99,GBP,Anderson-Parks,pending
po_1459457,REF-391648,2026-02-07T00:00:00Z,964.31,15.01,956.38,USD,Allen Group,failed
po_8218298,REF-512596,2026-04-19T00:00:00Z,5169.469999999999,2.5,5120.9,EUR,"Rogers, Anderson and Campos",pending
po_4434355,REF-371974,2026-01-24T00:00:00Z,17668.289999999997,4.49,17652.76,GBP,Davis-Mitchell,processing
po_9463009,REF-579743,2026-02-08T00:00:00Z,898.63,13.82,861.3,USD,Maxwell-Shepherd,processing
po_9175462,REF-842230,2026-03-31T00:00:00Z,863.39,6.43,840.92,GBP,Davis PLC,processing
po_8082070,REF-339474,2026-01-19T00:00:00Z,7590.049999999999,4.44,7569.9,EUR,Welch-Peck,failed
po_1368537,REF-753900,2026-01-19T00:00:00Z,5006.03,5.82,4994.28,USD,Lawrence-Lee,processing
po_3911866,REF-955412,2026-02-15T00:00:00Z,16781.05,8.03,16766.43,EUR,Reed PLC,settled
po_2142551,REF-906965,2026-03-12T00:00:00Z,22805.5,16.19,22758.12,GBP,"Mooney, Black and Roach",settled
po_8990770,REF-154650,2026-02-06T00:00:00Z,23973.83,14.13,23941.36,GBP,Reeves Ltd,failed
po_6695502,REF-376519,2026-04-28T00:00:00Z,2694.9,18.69,2669.12,GBP,Jones-Taylor,pending
po_8572723,REF-513351,2026-02-18T00:00:00Z,20100.64,18.87,20071.54,GBP,"Curtis, Turner and Soto",pending
po_2240405,REF-580132,2026-03-08T00:00:00Z,2194.94,1.94,2171.67,USD,Barrera Group,processing
po_9287806,REF-208599,2026-02-14T00:00:00Z,19959.5,4.33,19953.5,USD,Contreras LLC,processing
po_7417287,REF-271494,2026-01-23T00:00:00Z,6305.74,4.65,6263.09,GBP,Allen-Taylor,pending
po_1197024,REF-408729,2026-02-06T00:00:00Z,17330.87,1.4,17316.59,USD,Juarez-Jones,pending
po_7664932,REF-466331,2026-03-28T00:00:00Z,15377.83,13.5,15355.9,EUR,"Owens, Peters and White",pending
po_6860108,REF-622199,2026-02-26T00:00:00Z,10395.11,3.69,10367.52,EUR,"Short, Moore and Douglas",pending
po_6298322,REF-399722,2026-03-16T00:00:00Z,14366.42,14.32,14328.3,USD,Contreras LLC,processing
po_5348804,REF-528453,2026-03-23T00:00:00Z,11626.779999999999,1.51,11595.23,GBP,Smith Ltd,failed
po_3965879,REF-992687,2026-04-07T00:00:00Z,18145.859999999997,2.79,18103.19,USD,Murray Group,pending
po_2744514,REF-490583,2026-04-01T00:00:00Z,18774.269999999997,3.08,18735.85,GBP,Reynolds-Harris,failed
po_6262649,REF-977469,2026-04-17T00:00:00Z,9778.37,15.74,9751.85,EUR,Thompson-Campbell,processing
po_3429853,REF-881562,2026-04-09T00:00:00Z,23654.420000000002,4.67,23644.65,EUR,Todd-Oconnor,settled
po_3574031,REF-327497,2026-03-09T00:00:00Z,1202.1100000000001,8.72,1160.67,USD,Kim Group,failed
po_1035751,REF-871076,2026-01-14T00:00:00Z,16304.96,7.61,16300.9,GBP,Mullins-Cabrera,pending
po_3715204,REF-201042,2026-04-21T00:00:00Z,4901.28,17.01,4854.96,EUR,Wade PLC,pending
po_9415479,REF-553189,2026-03-30T00:00:00Z,1545.3999999999999,8.32,1514.54,EUR,Shaw-Decker,pending
po_8282208,REF-452554,2026-03-05T00:00:00Z,10230.6,19.34,10202.54,GBP,"Hobbs, Blanchard and Porter",settled
po_9864325,REF-264470,2026-04-11T00:00:00Z,4791.42,14.46,4767.05,GBP,Banks-Savage,settled
po_2259303,REF-892217,2026-02-23T00:00:00Z,12369.32,9.87,12337.88,USD,Mckinney-Cooper,processing
po_3527911,REF-722246,2026-02-14T00:00:00Z,11564.960000000001,8.16,11529.59,GBP,Anderson Inc,processing
po_8300694,REF-198776,2026-04-16T00:00:00Z,15332.390000000001,1.17,15300.6,EUR,"Edwards, Anderson and Taylor",processing
po_9127407,REF-381141,2026-02-25T00:00:00Z,14495.869999999999,1.07,14493.81,GBP,Hughes Inc,processing
po_8689594,REF-525331,2026-02-05T00:00:00Z,6417.81,12.97,6391.38,EUR,"Roberts, Frazier and Smith",pending
po_2984200,REF-129312,2026-03-09T00:00:00Z,24973.06,19.75,24931.11,EUR,Austin-Bonilla,pending
po_1009139,REF-731063,2026-03-11T00:00:00Z,1029.4,11.25,1001.14,EUR,Zimmerman and Sons,pending
po_1244425,REF-348471,2026-03-11T00:00:00Z,8272.07,19.24,8263.75,EUR,Stone and Sons,failed
po_7499536,REF-509340,2026-04-02T00:00:00Z,56.13,11.6,40.78,USD,Hammond Ltd,pending
po_1523952,REF-898144,2026-03-05T00:00:00Z,10820.570000000002,15.25,10814.03,GBP,Flynn-Matthews,processing
po_7278457,REF-364309,2026-02-07T00:00:00Z,1223.03,18.86,1213.95,EUR,"Thompson, Cooper and Young",processing
po_4614732,REF-600890,2026-04-21T00:00:00Z,2989.47,13.3,2942.81,EUR,"Moss, Atkins and Daniels",failed
po_4888291,REF-507683,2026-04-25T00:00:00Z,6511.21,6.94,6484.03,EUR,Webster and Sons,processing
po_2533514,REF-206564,2026-01-27T00:00:00Z,7251.160000000001,2.29,7204.56,GBP,Mitchell-Byrd,processing
po_6447964,REF-546272,2026-01-20T00:00:00Z,15851.23,12.1,15841.85,EUR,Garcia and Sons,failed
po_7094706,REF-221274,2026-02-20T00:00:00Z,3536.2,2.76,3520.08,EUR,Cobb Group,processing
po_2997872,REF-909896,2026-02-14T00:00:00Z,11822.07,6.71,11803.61,EUR,Wright Group,processing
po_4372878,REF-449563,2026-01-04T00:00:00Z,21201.690000000002,13.24,21188.95,GBP,Walter Inc,pending
po_4086244,REF-283587,2026-04-23T00:00:00Z,12853.15,2.19,12836.67,GBP,Shaw-Decker,pending
po_6976722,REF-443343,2026-04-28T00:00:00Z,10251.449999999999,10.09,10229.63,GBP,Brown LLC,failed
po_3290957,REF-878365,2026-02-25T00:00:00Z,12456.49,11.94,12426.69,GBP,Webster and Sons,processing
po_6710639,REF-716082,2026-03-19T00:00:00Z,6577.3,14.38,6568.28,EUR,Flynn-Matthews,processing
po_9225504,REF-390387,2026-02-18T00:00:00Z,22634.539999999997,14.49,22617.44,USD,Bowman LLC,failed
po_8580838,REF-721109,2026-04-17T00:00:00Z,23682.600000000002,9.78,23637.56,GBP,Anderson Inc,failed
po_2392511,REF-203684,2026-04-13T00:00:00Z,22909.63,5.14,22899.7,EUR,Harvey Inc,settled
po_1380237,REF-185895,2026-04-09T00:00:00Z,18843.0,12.73,18805.84,GBP,Davenport PLC,pending
po_9465658,REF-254986,2026-02-09T00:00:00Z,11740.939999999999,1.39,11713.56,USD,Goodwin-Martinez,processing
po_9936187,REF-232683,2026-01-24T00:00:00Z,19232.99,11.9,19225.83,GBP,Mccoy Ltd,processing
po_5754781,REF-701848,2026-01-05T00:00:00Z,8772.359999999999,17.71,8755.3,USD,Gardner-Hayes,failed
po_5116223,REF-831025,2026-04-29T00:00:00Z,5195.679999999999,5.6,5184.44,USD,"Curtis, Turner and Soto",settled
po_4119511,REF-763611,2026-02-15T00:00:00Z,13643.7,16.01,13625.2,EUR,Anderson LLC,settled
po_7345316,REF-240534,2026-03-25T00:00:00Z,6192.41,7.52,6171.33,GBP,Allen Group,pending
po_6616376,REF-956686,2026-01-08T00:00:00Z,9485.57,16.54,9458.33,EUR,"Rollins, Charles and Black",failed
po_8083687,REF-298085,2026-01-04T00:00:00Z,1102.85,17.29,1095.27,EUR,"Pineda, Travis and Jones",settled
po_8019404,REF-891651,2026-03-08T00:00:00Z,16944.16,5.94,16918.89,EUR,"Miller, Anderson and Padilla",settled
po_3278090,REF-902434,2026-02-27T00:00:00Z,12696.220000000001,3.34,12653.77,EUR,Jones-Fuentes,failed
po_9510362,REF-225638,2026-03-12T00:00:00Z,16079.220000000001,11.42,16054.04,EUR,Griffin Inc,processing
po_2891078,REF-524361,2026-01-27T00:00:00Z,24093.13,7.63,24045.97,USD,Gray PLC,processing
po_1584689,REF-377356,2026-02-13T00:00:00Z,13671.63,7.77,13635.15,EUR,Thompson-Campbell,processing
po_5029854,REF-841632,2026-01-07T00:00:00Z,18997.269999999997,13.22,18955.1,USD,Holmes and Sons,settled
po_7826210,REF-887116,2026-01-18T00:00:00Z,2503.3300000000004,4.37,2492.3,GBP,"Dorsey, Patterson and Harrison",settled
po_4228253,REF-377888,2026-01-01T00:00:00Z,19857.41,10.99,19841.44,USD,Zimmerman and Sons,settled
po_4966900,REF-518755,2026-03-10T00:00:00Z,1300.42,16.25,1280.26,USD,Schneider Ltd,pending
po_1436154,REF-110461,2026-01-03T00:00:00Z,4975.06,5.11,4934.93,GBP,"Clarke, Johnson and Watson",processing
po_3012432,REF-214459,2026-01-11T00:00:00Z,16369.57,16.65,16367.35,USD,White-Wilson,failed
po_1902506,REF-697142,2026-01-14T00:00:00Z,18642.63,3.75,18593.45,USD,Garcia and Sons,pending
po_5556644,REF-251230,2026-02-15T00:00:00Z,21440.24,16.64,21424.29,USD,"Short, Moore and Douglas",processing
po_1404438,REF-772716,2026-02-22T00:00:00Z,15483.74,13.87,15435.18,USD,Jones-Taylor,failed
po_5790495,REF-138855,2026-02-17T00:00:00Z,14655.93,16.24,14619.04,EUR,Reynolds-Harris,processing
po_8353822,REF-324284,2026-01-16T00:00:00Z,19825.530000000002,11.59,19784.31,GBP,Dickson-Gutierrez,settled
po_4311495,REF-987484,2026-03-20T00:00:00Z,14347.369999999999,19.61,14307.88,EUR,"Garcia, Mercado and West",failed
po_3821467,REF-222964,2026-01-20T00:00:00Z,6782.95,4.16,6778.72,USD,Banks-Savage,processing
po_8607411,REF-318247,2025-12-31T00:00:00Z,21671.56,3.11,21658.84,EUR,Harvey Inc,settled
po_4381305,REF-102778,2026-04-12T00:00:00Z,3101.6800000000003,15.1,3054.92,USD,Mccoy-Mccarthy,processing
po_1849970,REF-669719,2026-02-07T00:00:00Z,9722.539999999999,12.34,9720.41,GBP,"Johnson, Phillips and Brown",failed
po_6184930,REF-186488,2026-02-26T00:00:00Z,10886.54,1.35,10878.19,USD,Brown and Sons,failed
po_7785074,REF-350791,2026-04-07T00:00:00Z,1755.8000000000002,3.82,1733.63,USD,"Fox, Hernandez and Ryan",settled
po_5848379,REF-246044,2026-04-13T00:00:00Z,6741.679999999999,3.84,6693.24,GBP,"Johnson, Harrison and Thomas",processing
po_3680486,REF-822287,2026-02-02T00:00:00Z,12580.01,5.22,12532.41,USD,Arroyo-Pope,processing
po_6804104,REF-687216,2026-04-08T00:00:00Z,2231.23,6.45,2202.57,GBP,Smith-Abbott,processing
po_2505437,REF-158071,2026-01-28T00:00:00Z,1580.74,15.17,1544.29,GBP,Anderson-Parks,pending
po_6454311,REF-467890,2026-01-08T00:00:00Z,14217.76,16.48,14205.76,GBP,Gardner-Hayes,failed
po_6585073,REF-251337,2026-04-24T00:00:00Z,24279.45,7.95,24266.86,EUR,"Curry, Wolfe and Ramirez",pending
po_3117579,REF-466710,2026-01-30T00:00:00Z,12349.64,13.7,12308.16,USD,"Matthews, Howard and Brown",pending
po_7858018,REF-468136,2026-04-29T00:00:00Z,12789.72,9.4,12746.96,EUR,Bauer Inc,failed
po_6055598,REF-163008,2026-03-15T00:00:00Z,11894.490000000002,3.39,11845.79,USD,Mcdowell-Watts,failed
po_6977392,REF-874814,2026-04-22T00:00:00Z,7716.320000000001,5.88,7707.3,EUR,Gonzalez Inc,pending
po_9911997,REF-958113,2026-03-23T00:00:00Z,16514.809999999998,5.73,16506.62,EUR,"Molina, Wells and Bright",processing
po_5356545,REF-627108,2026-03-05T00:00:00Z,8494.09,1.35,8450.65,GBP,"Jackson, Romero and Mendez",settled
po_1854928,REF-305597,2026-02-08T00:00:00Z,4580.32,15.14,4564.08,USD,Goodwin-Martinez,processing
po_2345229,REF-155439,2026-02-18T00:00:00Z,12434.74,6.24,12429.36,USD,Banks-Savage,settled
po_3610334,REF-823369,2026-04-06T00:00:00Z,20375.22,18.86,20336.95,USD,Kelly-Murphy,settled
po_6716435,REF-767033,2026-04-18T00:00:00Z,2497.54,11.07,2485.59,GBP,"Rodriguez, Sutton and Santiago",settled
po_2774754,REF-880850,2026-03-07T00:00:00Z,13985.75,11.5,13963.84,GBP,Crawford Ltd,settled
po_9983760,REF-312653,2026-04-24T00:00:00Z,24410.0,7.44,24399.3,USD,Allen and Sons,pending
po_1247136,REF-937045,2026-01-23T00:00:00Z,14011.779999999999,5.88,14002.46,USD,Buckley and Sons,failed
po_7684223,REF-964278,2026-01-20T00:00:00Z,5385.5,1.38,5351.85,EUR,"Russell, Scott and Ramsey",processing
po_6002828,REF-706144,2026-01-31T00:00:00Z,1722.02,8.38,1680.67,GBP,Peterson LLC,settled
po_4726746,REF-952880,2026-04-30T00:00:00Z,5488.5199999999995,6.48,5459.2,EUR,"Santana, Hoffman and Cobb",failed
po_7325966,REF-545735,2026-04-04T00:00:00Z,638.38,7.93,614.04,EUR,Kelly-Murphy,processing
po_9366276,REF-744312,2026-03-26T00:00:00Z,17851.670000000002,15.61,17830.06,USD,Ford Ltd,pending
po_9265786,REF-358769,2026-03-01T00:00:00Z,21408.83,2.87,21391.68,USD,Mccoy Ltd,pending
po_3575441,REF-262282,2026-02-02T00:00:00Z,12695.06,6.56,12679.57,EUR,Howard-Mcdonald,failed
po_9064545,REF-475498,2026-01-04T00:00:00Z,19361.82,13.18,19334.77,EUR,Roberts LLC,pending
po_8701056,REF-339359,2026-02-08T00:00:00Z,5466.32,8.28,5432.41,EUR,Washington-West,pending
po_1172563,REF-254665,2026-02-20T00:00:00Z,6530.34,17.95,6507.52,EUR,"Waller, Bass and Mitchell",pending
po_4655555,REF-454688,2026-04-30T00:00:00Z,21539.94,9.19,21495.18,GBP,"Peterson, Hood and Arroyo",processing
po_4947964,REF-376033,2026-04-12T00:00:00Z,22414.35,7.59,22400.62,GBP,"Savage, Garcia and Robinson",settled
po_7903721,REF-187879,2026-04-05T00:00:00Z,11892.84,15.0,11869.78,GBP,Gonzalez Inc,processing
po_8641043,REF-180713,2026-04-18T00:00:00Z,8659.640000000001,4.42,8622.94,USD,"Moss, Atkins and Daniels",pending
po_3644334,REF-587366,2026-04-16T00:00:00Z,12097.8,11.32,12066.58,USD,"Howard, Lynch and Morris",settled
po_1233441,REF-284257,2026-02-16T00:00:00Z,14444.37,19.61,14438.68,USD,King LLC,failed
po_7711928,REF-672907,2026-02-23T00:00:00Z,6780.490000000001,9.47,6734.22,USD,Roach and Sons,settled
po_8391531,REF-318815,2026-01-25T00:00:00Z,23544.36,6.29,23535.52,EUR,"Clarke, Johnson and Watson",processing
po_2824114,REF-690161,2026-01-28T00:00:00Z,22934.35,5.16,22899.1,USD,Stone and Sons,pending
po_1998239,REF-191233,2026-03-10T00:00:00Z,24790.030000000002,9.18,24782.88,EUR,"Smith, Guerra and Holmes",processing
po_6055858,REF-775829,2026-03-11T00:00:00Z,20646.960000000003,8.96,20605.97,EUR,Schneider Ltd,processing
po_7231119,REF-672145,2026-01-05T00:00:00Z,21205.079999999998,18.95,21166.03,USD,Silva-Green,pending
po_6998205,REF-336108,2026-03-15T00:00:00Z,6499.0199999999995,3.93,6494.73,GBP,Thomas PLC,failed
po_4492198,REF-864816,2026-03-20T00:00:00Z,8649.279999999999,15.35,8617.71,USD,Davenport PLC,pending
po_5533586,REF-271139,2026-04-27T00:00:00Z,7386.650000000001,17.71,7381.22,USD,"Garner, Lawson and Richard",settled
po_9071889,REF-741443,2026-04-26T00:00:00Z,18813.67,12.17,18790.14,EUR,Davis PLC,failed
po_2275295,REF-197419,2026-03-23T00:00:00Z,9649.12,2.9,9613.67,GBP,Allen Inc,failed
po_1426222,REF-433973,2026-03-01T00:00:00Z,3269.15,9.09,3224.52,EUR,Vincent-Mcclure,processing
po_6936330,REF-877861,2026-03-25T00:00:00Z,720.44,17.34,685.58,GBP,Mcdowell-Watts,failed
po_5377650,REF-710152,2026-01-12T00:00:00Z,6814.71,19.5,6790.87,GBP,"Cox, Fernandez and Baker",failed
po_4025480,REF-671742,2026-03-05T00:00:00Z,21539.800000000003,19.41,21502.74,USD,Leach-Walker,failed
po_6944002,REF-500769,2026-03-22T00:00:00Z,12334.31,17.58,12328.64,EUR,Skinner Ltd,settled
po_6379429,REF-388292,2026-02-24T00:00:00Z,17952.65,14.5,17917.38,GBP,Zimmerman and Sons,processing
po_7261796,REF-605681,2026-02-19T00:00:00Z,479.22,12.13,474.29,GBP,Matthews PLC,pending
po_8503142,REF-211452,2026-04-06T00:00:00Z,4619.01,8.81,4609.58,EUR,"Garza, Barker and Maddox",failed
po_3856168,REF-386813,2026-01-31T00:00:00Z,2330.47,9.42,2288.73,USD,Li-Montoya,pending
po_2416033,REF-478857,2026-03-15T00:00:00Z,6604.52,5.67,6575.35,EUR,Flynn-Matthews,pending
po_8741067,REF-191062,2026-01-11T00:00:00Z,3408.17,1.71,3383.36,EUR,Moore LLC,processing
po_1173197,REF-981373,2026-04-16T00:00:00Z,23090.36,7.19,23088.64,GBP,Gonzalez Inc,processing
po_5749869,REF-253735,2026-03-25T00:00:00Z,10641.81,19.33,10605.89,EUR,"Nguyen, Williams and Smith",failed
po_8996168,REF-956820,2026-02-04T00:00:00Z,17940.12,17.99,17892.52,EUR,Mitchell-Byrd,settled
po_1331732,REF-753971,2026-01-23T00:00:00Z,19806.13,16.88,19756.23,GBP,"Garcia, Mercado and West",processing
po_5507505,REF-276894,2026-01-05T00:00:00Z,4349.5,15.84,4331.58,GBP,Jones-Taylor,pending
po_1695624,REF-111303,2026-04-07T00:00:00Z,14340.43,9.88,14325.67,EUR,Richards-Johnson,pending
po_7556784,REF-455366,2026-03-17T00:00:00Z,1640.48,5.45,1603.9,USD,"Malone, Bell and Bryant",settled
po_9475662,REF-181424,2026-03-09T00:00:00Z,14597.09,10.93,14549.24,USD,Gonzalez-Mcdaniel,failed
po_3204083,REF-888992,2026-03-10T00:00:00Z,9953.87,8.37,9919.58,EUR,"Hobbs, Blanchard and Porter",pending
po_2845435,REF-490874,2026-03-07T00:00:00Z,9210.92,10.82,9209.38,EUR,Richard LLC,failed
po_8452557,REF-404145,2026-01-02T00:00:00Z,16268.14,9.07,16254.06,GBP,Pennington PLC,pending
po_8975467,REF-957130,2026-01-02T00:00:00Z,12134.75,13.21,12089.1,EUR,Brown LLC,settled
po_4428429,REF-328621,2026-02-11T00:00:00Z,12730.36,16.45,12714.43,GBP,"Fleming, King and Herring",processing
po_2304420,REF-122971,2026-04-18T00:00:00Z,18581.44,8.63,18553.73,EUR,"Fox, Hernandez and Ryan",processing
po_9539102,REF-900069,2026-02-20T00:00:00Z,5210.3,2.52,5168.17,USD,"Adams, Rodriguez and Walker",pending
po_5402585,REF-943351,2026-04-08T00:00:00Z,10490.93,12.16,10481.52,EUR,Walter Inc,pending
po_2065510,REF-417180,2026-02-10T00:00:00Z,24343.82,16.57,24312.59,USD,Lane-Hines,processing
po_8816646,REF-384745,2026-01-20T00:00:00Z,6516.64,3.12,6480.13,GBP,Wilson and Sons,processing
po_3380969,REF-332567,2026-03-25T00:00:00Z,9719.619999999999,13.43,9674.46,EUR,Arellano-Whitaker,settled
po_9683574,REF-157041,2026-03-01T00:00:00Z,23520.96,17.46,23488.57,USD,Davenport PLC,settled
po_8677980,REF-282298,2026-03-11T00:00:00Z,3785.0299999999997,10.65,3776.81,USD,Kirk-Henson,failed
po_2848491,REF-178917,2026-01-11T00:00:00Z,16058.01,9.97,16048.61,EUR,Jones-Graham,processing
po_5707871,REF-225878,2026-03-20T00:00:00Z,13285.53,7.2,13271.33,USD,"Johnson, Meyer and Hanna",processing
po_4606256,REF-961216,2026-03-28T00:00:00Z,16078.06,1.35,16057.08,EUR,Pena Inc,settled
po_1012904,REF-109389,2026-01-31T00:00:00Z,23929.149999999998,15.33,23921.69,EUR,"Snow, Rodgers and Miller",pending
po_5670464,REF-469025,2026-01-05T00:00:00Z,21149.73,19.45,21115.43,GBP,Ibarra-Clark,processing
po_7897346,REF-224630,2026-01-18T00:00:00Z,21022.45,4.75,21013.99,GBP,Prince-Martinez,pending
po_3263052,REF-397485,2026-02-21T00:00:00Z,9582.14,19.08,9544.46,EUR,"Waller, Bass and Mitchell",pending
po_3589058,REF-235067,2026-03-20T00:00:00Z,4663.17,15.01,4633.36,EUR,Randall-Kerr,pending
po_9811257,REF-586530,2026-03-06T00:00:00Z,21641.86,10.94,21632.4,EUR,Edwards-Boyd,failed
po_1833330,REF-298809,2026-04-05T00:00:00Z,2446.72,13.51,2413.75,USD,"Waller, Bass and Mitchell",processing
po_9666878,REF-419773,2026-04-11T00:00:00Z,21046.649999999998,10.42,21005.89,GBP,Smith and Sons,pending
po_1933001,REF-775731,2026-02-24T00:00:00Z,3357.98,5.44,3331.57,GBP,Stone and Sons,pending
po_9958162,REF-373698,2026-03-20T00:00:00Z,24840.77,1.08,24833.32,EUR,"Nelson, Bowers and Cooper",processing
po_1112869,REF-528334,2026-03-19T00:00:00Z,15724.16,16.11,15707.99,USD,Howe and Sons,failed
po_4295872,REF-788545,2026-01-09T00:00:00Z,17810.239999999998,2.39,17777.76,EUR,Hernandez-Diaz,failed
po_4522665,REF-253734,2026-01-05T00:00:00Z,2200.39,4.61,2176.87,GBP,Dickson Inc,pending
po_2102077,REF-738513,2026-03-11T00:00:00Z,6940.9,17.81,6894.67,EUR,Johnson-Newton,processing
po_6823594,REF-594106,2026-04-10T00:00:00Z,19445.21,7.68,19440.37,GBP,"Chavez, Davis and Walton",pending
po_5550794,REF-471214,2026-04-11T00:00:00Z,15171.54,12.76,15135.34,USD,Gardner Inc,failed
po_2966787,REF-595761,2026-04-15T00:00:00Z,23075.03,19.71,23047.59,USD,Randolph and Sons,pending
po_5675830,REF-319158,2026-03-28T00:00:00Z,4507.61,14.17,4475.82,GBP,"Murphy, Jordan and Whitney",settled
po_4971670,REF-831711,2026-03-18T00:00:00Z,3827.7900000000004,8.93,3810.01,EUR,Mata Inc,pending
po_1714040,REF-991294,2026-02-02T00:00:00Z,15162.64,1.78,15132.41,EUR,Mcclain-Jensen,settled
po_6679143,REF-333159,2026-04-20T00:00:00Z,13561.24,7.52,13532.76,GBP,"Molina, Wells and Bright",processing
po_1117615,REF-409611,2026-01-04T00:00:00Z,2832.5,19.09,2808.17,GBP,"Graham, Garrett and Caldwell",failed
po_7549850,REF-657656,2026-04-20T00:00:00Z,12056.74,16.63,12019.19,GBP,Welch-Peck,failed
po_3313039,REF-238695,2026-02-21T00:00:00Z,10582.78,2.4,10545.08,EUR,Bauer Inc,failed
po_7223752,REF-326578,2025-12-31T00:00:00Z,12170.05,14.89,12166.89,GBP,Howe and Sons,settled
po_3401866,REF-226545,2026-03-16T00:00:00Z,6686.78,1.44,6667.9,USD,Prince-Martinez,failed
po_1721385,REF-590199,2026-03-13T00:00:00Z,19198.15,19.37,19190.63,EUR,Goodwin-Martinez,failed
po_5786762,REF-950730,2026-02-01T00:00:00Z,23409.12,5.28,23362.76,GBP,Jimenez-Bradley,settled
po_3632349,REF-508199,2026-03-17T00:00:00Z,15818.26,12.35,15774.78,USD,Hunter-Nicholson,failed
po_1511425,REF-527191,2026-03-30T00:00:00Z,15445.79,6.63,15422.86,USD,Brady-Ford,pending
po_8099454,REF-165942,2026-04-12T00:00:00Z,450.84000000000003,2.78,425.48,USD,"Howell, Hart and Swanson",processing
po_5432782,REF-368079,2026-01-22T00:00:00Z,14349.6,7.94,14312.74,EUR,Allen and Sons,settled
po_7788325,REF-434829,2026-01-06T00:00:00Z,17397.02,9.16,17367.56,EUR,"Clarke, Johnson and Watson",processing
po_5074974,REF-757668,2026-02-02T00:00:00Z,4940.04,14.19,4890.34,EUR,Garcia and Sons,processing
po_9037259,REF-773593,2026-04-13T00:00:00Z,13574.39,13.97,13562.97,USD,Buckley and Sons,pending
po_5333341,REF-687906,2026-04-21T00:00:00Z,7254.27,9.99,7245.17,USD,"Russell, Scott and Ramsey",pending
po_3939153,REF-247525,2026-03-24T00:00:00Z,5641.56,6.57,5615.26,GBP,"Taylor, Zavala and Bates",pending
po_3127983,REF-737647,2026-01-19T00:00:00Z,16549.52,2.09,16504.58,GBP,Simmons-Green,processing
po_3525773,REF-103963,2026-01-03T00:00:00Z,5109.21,10.36,5063.44,USD,"Pineda, Travis and Jones",processing
po_4993651,REF-135410,2026-03-30T00:00:00Z,23501.9,1.66,23482.36,EUR,"Owens, Peters and White",failed
po_8286828,REF-964122,2026-04-03T00:00:00Z,3427.61,15.41,3403.42,EUR,White Group,pending
po_5401874,REF-550573,2026-04-17T00:00:00Z,3511.91,14.85,3464.56,GBP,"Malone, Bell and Bryant",failed
po_2298335,REF-648110,2026-01-13T00:00:00Z,7907.29,18.36,7893.66,EUR,Ingram PLC,processing
po_5316105,REF-836310,2026-03-17T00:00:00Z,20396.11,2.93,20351.34,USD,"Molina, Wells and Bright",settled
po_3306375,REF-402321,2026-03-19T00:00:00Z,16567.38,16.52,16521.81,USD,Harvey Inc,failed
po_9822459,REF-517009,2026-02-12T00:00:00Z,4368.820000000001,13.33,4336.31,GBP,White-Wilson,settled
po_7566854,REF-831411,2026-02-18T00:00:00Z,1710.3300000000002,13.91,1708.13,GBP,"Luna, Morris and Gill",processing
po_1850525,REF-811218,2026-04-23T00:00:00Z,14237.17,2.13,14195.04,EUR,King-George,pending
po_6410210,REF-438324,2026-02-22T00:00:00Z,10051.439999999999,15.41,10034.38,USD,"Evans, Conway and Hall",processing
po_1964519,REF-107181,2025-12-31T00:00:00Z,6406.280000000001,8.88,6387.77,EUR,Vincent-Mcclure,failed
po_9879906,REF-172048,2026-02-02T00:00:00Z,3889.73,11.15,3868.81,EUR,Church Inc,processing
po_9601587,REF-166608,2026-04-03T00:00:00Z,20949.03,2.15,20916.52,EUR,Allen Group,settled
po_2110878,REF-131873,2026-01-28T00:00:00Z,18331.13,10.04,18289.77,GBP,Shaw-Decker,processing
po_4433355,REF-682209,2026-01-19T00:00:00Z,3413.2000000000003,15.63,3394.86,EUR,"Johnson, Phillips and Brown",processing
po_3828400,REF-363417,2026-03-14T00:00:00Z,14372.74,5.77,14336.6,EUR,Orozco Ltd,pending
po_1685668,REF-656213,2026-04-26T00:00:00Z,20052.87,11.71,20040.73,USD,Beard-Cooper,processing
po_4380048,REF-739277,2026-02-15T00:00:00Z,7161.610000000001,10.92,7160.43,EUR,Jones-Turner,pending
po_7049771,REF-639285,2026-03-30T00:00:00Z,19709.44,8.16,19673.03,GBP,Spears-Beck,failed
po_7233246,REF-203449,2026-01-26T00:00:00Z,20975.65,16.43,20970.13,EUR,"Drake, Torres and Murray",settled
po_3240052,REF-479389,2026-04-15T00:00:00Z,7413.7,3.74,7390.15,USD,"Rodriguez, Evans and Patterson",processing
po_1933296,REF-812307,2026-03-01T00:00:00Z,24551.760000000002,11.49,24517.88,USD,Hunt-Whitney,processing
po_9626648,REF-620512,2026-02-22T00:00:00Z,17593.34,12.08,17589.09,USD,Crawford Ltd,failed
po_7895853,REF-738084,2026-03-06T00:00:00Z,13967.769999999999,1.43,13956.71,EUR,Goodwin-Martinez,pending
po_2673834,REF-518537,2026-03-16T00:00:00Z,9988.46,11.77,9979.88,USD,Lane-Hines,processing
po_4681694,REF-967717,2026-03-24T00:00:00Z,12805.39,3.79,12780.82,USD,Thornton and Sons,pending
po_9234757,REF-990804,2026-03-25T00:00:00Z,5634.0599999999995,10.71,5616.99,GBP,"Liu, Parsons and Delacruz",processing
po_2680238,REF-824059,2026-02-14T00:00:00Z,24930.5,7.47,24913.68,USD,"Taylor, Zavala and Bates",settled
po_5419244,REF-774976,2026-01-16T00:00:00Z,11016.65,7.99,11013.46,USD,Robinson Group,pending
po_2909764,REF-783043,2026-01-06T00:00:00Z,7818.1900000000005,15.25,7801.3,EUR,Reynolds-Torres,settled
po_7912442,REF-156032,2026-03-09T00:00:00Z,22010.420000000002,11.92,21961.58,EUR,Hays-Dalton,failed
po_2996911,REF-953963,2026-02-07T00:00:00Z,20507.980000000003,18.95,20489.58,EUR,Gardner-Hayes,failed
po_6560417,REF-560515,2026-03-25T00:00:00Z,15073.859999999999,18.51,15045.46,GBP,Rivera-Stanley,failed
po_1402082,REF-996046,2026-02-17T00:00:00Z,5732.700000000001,18.3,5685.31,EUR,Anderson LLC,failed
po_5491844,REF-285268,2026-02-18T00:00:00Z,21205.11,18.54,21167.81,GBP,Howard LLC,settled
po_4823973,REF-273628,2026-04-24T00:00:00Z,137.96,6.7,98.36,USD,White-Wilson,failed
po_9992831,REF-689774,2026-04-14T00:00:00Z,17504.64,13.62,17483.79,USD,Howard LLC,pending
po_7326882,REF-885489,2026-04-29T00:00:00Z,20325.57,3.34,20302.4,EUR,Mitchell-Byrd,processing
po_3242098,REF-428673,2026-01-17T00:00:00Z,10936.119999999999,19.6,10901.8,USD,Joseph Group,failed
po_6492824,REF-680624,2026-02-23T00:00:00Z,1840.79,6.78,1832.45,USD,Robinson and Sons,processing
po_1881584,REF-914601,2026-01-31T00:00:00Z,703.26,8.29,696.87,USD,Brown LLC,processing
po_9153183,REF-886891,2026-04-10T00:00:00Z,5508.76,8.14,5474.18,GBP,Austin-Bonilla,failed
po_5548071,REF-931324,2026-04-28T00:00:00Z,15245.390000000001,18.58,15206.2,USD,"Ramirez, Hernandez and Fox",failed
po_7341293,REF-661977,2026-04-26T00:00:00Z,12077.58,14.22,12040.75,USD,Shaw-Decker,failed
po_3248366,REF-197302,2026-02-14T00:00:00Z,14560.85,1.15,14516.98,USD,Schneider Ltd,settled
po_5080366,REF-199361,2026-02-23T00:00:00Z,6120.61,4.92,6115.41,EUR,Perez-Neal,settled
po_9799742,REF-532592,2026-03-09T00:00:00Z,6289.6900000000005,6.72,6273.01,EUR,"Berry, Rios and Marshall",failed
po_1205309,REF-548595,2026-01-18T00:00:00Z,10199.3,2.0,10178.49,GBP,"Malone, Bell and Bryant",pending
po_1458160,REF-829153,2026-04-26T00:00:00Z,21880.89,10.13,21860.11,GBP,Charles-Butler,settled
po_3276390,REF-120020,2026-01-18T00:00:00Z,8053.76,6.28,8010.97,GBP,Coffey-Howell,settled
po_2267110,REF-797134,2026-01-23T00:00:00Z,21736.38,4.95,21729.8,GBP,Allen and Sons,failed
po_7907522,REF-290353,2026-02-15T00:00:00Z,4865.55,7.33,4831.27,GBP,Bryant LLC,pending
po_5152649,REF-931574,2026-02-23T00:00:00Z,7500.0,9.62,7477.57,EUR,Fletcher-Pruitt,processing
po_7436550,REF-755450,2026-03-22T00:00:00Z,6985.389999999999,8.68,6936.28,GBP,"Walker, Garcia and Mcguire",failed
po_7198743,REF-925789,2026-02-16T00:00:00Z,6717.83,8.68,6706.09,EUR,Mata Inc,failed
po_5191647,REF-854638,2026-02-24T00:00:00Z,19450.48,4.85,19441.93,EUR,"Garner, Lawson and Richard",processing
po_6435508,REF-264263,2026-01-10T00:00:00Z,7477.110000000001,18.86,7462.81,EUR,Moore LLC,failed
po_2294596,REF-705815,2026-03-26T00:00:00Z,12539.130000000001,7.74,12517.78,EUR,Zimmerman Group,pending
po_2600862,REF-584342,2026-03-29T00:00:00Z,2574.54,12.66,2560.12,GBP,Lopez-Stout,processing
po_8415891,REF-388461,2026-04-03T00:00:00Z,13929.85,7.14,13909.4,USD,Pennington PLC,failed
po_1190390,REF-887116,2026-02-13T00:00:00Z,9741.849999999999,16.59,9730.3,GBP,"Thompson, Cooper and Young",failed
po_7907077,REF-533703,2026-03-23T00:00:00Z,24871.47,11.46,24837.06,USD,"Smith, Guerra and Holmes",pending
po_4266312,REF-466901,2026-01-21T00:00:00Z,857.8100000000001,6.17,845.72,EUR,Gallegos-Stewart,failed
po_8284002,REF-386923,2026-03-28T00:00:00Z,20860.129999999997,5.11,20834.94,GBP,"Peterson, Hood and Arroyo",settled
po_1648481,REF-786243,2026-03-15T00:00:00Z,2624.02,11.67,2615.64,USD,"Molina, Wells and Bright",processing
po_6072816,REF-175868,2026-04-05T00:00:00Z,10147.970000000001,17.87,10119.85,GBP,King LLC,settled
po_6434567,REF-803908,2026-03-13T00:00:00Z,1929.8799999999999,2.88,1890.31,USD,Gonzalez-Mcdaniel,settled
po_3710727,REF-814966,2026-03-15T00:00:00Z,5150.43,10.89,5101.87,USD,"Evans, Conway and Hall",settled
po_8993284,REF-762700,2026-04-18T00:00:00Z,3377.3,8.0,3334.69,GBP,Jones-Turner,processing
po_3840705,REF-926925,2026-03-11T00:00:00Z,4721.599999999999,3.88,4708.37,USD,"Johnson, Meyer and Hanna",failed
po_6777972,REF-451813,2026-04-27T00:00:00Z,1944.0,19.97,1926.48,USD,"Hobbs, Blanchard and Porter",pending
po_9734158,REF-763745,2026-01-17T00:00:00Z,18523.109999999997,18.29,18496.35,USD,"Malone, Bell and Bryant",processing
po_4493137,REF-132113,2026-01-07T00:00:00Z,12698.34,15.79,12679.42,GBP,Mann Group,failed
po_8992849,REF-263643,2026-02-27T00:00:00Z,11222.27,1.81,11220.16,GBP,Richard LLC,failed
po_2721466,REF-496438,2026-04-14T00:00:00Z,2846.98,1.07,2803.01,USD,Dickson-Padilla,processing
po_3348927,REF-662349,2026-01-17T00:00:00Z,16828.33,11.49,16816.09,USD,Lee-Taylor,pending
po_5495901,REF-442613,2026-03-01T00:00:00Z,7138.78,16.25,7115.61,GBP,"Yu, Nguyen and Wood",pending
po_1128442,REF-131144,2026-03-26T00:00:00Z,17660.45,9.3,17620.66,USD,Pierce Inc,settled
po_5069897,REF-896048,2026-03-17T00:00:00Z,23929.41,12.65,23913.65,GBP,Reynolds LLC,pending
po_1378709,REF-682662,2026-03-01T00:00:00Z,23267.52,15.36,23247.63,EUR,"Jackson, Romero and Mendez",processing
po_7752786,REF-713608,2026-03-12T00:00:00Z,16880.59,1.26,16850.37,USD,Moore LLC,failed
po_1819381,REF-831772,2026-02-08T00:00:00Z,22911.07,7.83,22876.29,EUR,"Roberts, Frazier and Smith",pending
po_6340983,REF-447665,2026-02-18T00:00:00Z,402.0,8.87,393.95,USD,Gordon-Roberts,pending
po_5962045,REF-475090,2026-01-17T00:00:00Z,7502.75,9.74,7488.55,GBP,Welch-Peck,processing
po_5595391,REF-808116,2026-02-05T00:00:00Z,8099.56,14.48,8094.64,USD,"Bryant, Harrison and Carter",failed
po_1250757,REF-660544,2026-02-10T00:00:00Z,8575.6,4.13,8566.65,EUR,Gallegos-Stewart,processing
po_9814090,REF-728918,2026-03-27T00:00:00Z,5580.0,1.88,5560.04,USD,"Taylor, Zavala and Bates",settled
po_1443636,REF-823683,2026-04-25T00:00:00Z,15153.189999999999,8.74,15137.39,EUR,"Short, Moore and Douglas",pending
po_1553932,REF-525847,2026-04-25T00:00:00Z,17168.9,3.3,17120.31,GBP,"Curry, Wolfe and Ramirez",pending
po_9174087,REF-258569,2026-01-23T00:00:00Z,7574.36,2.17,7569.21,EUR,Buckley and Sons,settled
po_6937412,REF-204280,2026-02-24T00:00:00Z,17774.13,6.87,17725.61,GBP,"Wilson, Robertson and Gonzalez",processing
po_5779221,REF-942846,2026-04-03T00:00:00Z,5709.179999999999,6.5,5691.94,EUR,Hammond Ltd,failed
po_8058513,REF-410072,2026-03-19T00:00:00Z,381.75,7.46,345.89,GBP,Peterson LLC,failed
po_2004520,REF-127790,2026-01-16T00:00:00Z,16220.0,5.67,16211.36,EUR,Smith and Sons,settled
po_2201455,REF-548348,2026-03-21T00:00:00Z,668.99,8.19,625.41,GBP,Gonzalez-Mcdaniel,failed
po_3491461,REF-399962,2026-01-10T00:00:00Z,10410.58,14.36,10366.77,EUR,"Hobbs, Blanchard and Porter",settled
po_9337140,REF-498562,2026-04-18T00:00:00Z,10969.13,11.83,10947.91,GBP,"Ward, Garcia and Henry",failed
po_7187441,REF-131807,2026-03-26T00:00:00Z,1059.1899999999998,3.75,1055.07,USD,Vincent-Mcclure,pending
po_9578346,REF-974955,2026-03-03T00:00:00Z,23593.48,9.09,23578.1,USD,"Martinez, Henderson and Osborne",pending
po_2843096,REF-526556,2026-02-08T00:00:00Z,17719.25,13.77,17711.24,USD,Hughes Inc,processing
po_2223884,REF-726290,2026-01-22T00:00:00Z,21905.929999999997,3.09,21898.51,GBP,Skinner Ltd,processing
po_8778606,REF-305398,2026-04-10T00:00:00Z,22571.370000000003,3.6,22528.33,USD,Rivera-Stanley,settled
po_5077123,REF-313502,2026-01-03T00:00:00Z,17470.87,13.26,17460.41,USD,Farrell-Willis,pending
po_4363181,REF-519641,2026-03-03T00:00:00Z,7934.7,2.28,7933.49,GBP,Spears-Beck,pending
po_8572545,REF-627831,2026-02-06T00:00:00Z,735.1,8.24,700.99,USD,Garcia Ltd,pending
po_1403103,REF-316893,2026-03-30T00:00:00Z,12510.21,8.04,12481.66,GBP,White Group,processing
po_2299316,REF-751828,2026-02-02T00:00:00Z,2871.58,7.3,2865.27,USD,"Brown, Middleton and Williams",processing
po_5728583,REF-151157,2026-03-10T00:00:00Z,19686.41,5.6,19682.4,GBP,"Pena, Jones and Sanchez",failed
po_4306537,REF-647818,2026-01-24T00:00:00Z,1922.36,13.14,1919.3,USD,"Davis, Kim and Ingram",settled
po_9115690,REF-981637,2026-03-03T00:00:00Z,9586.67,9.28,9551.29,EUR,Anderson Inc,settled
po_4342125,REF-189325,2026-01-14T00:00:00Z,10630.55,2.25,10621.72,GBP,Best Inc,settled
po_5142525,REF-298800,2026-02-16T00:00:00Z,8356.54,5.55,8337.67,GBP,Ingram PLC,pending
po_8135725,REF-248925,2026-03-25T00:00:00Z,7097.12,10.21,7075.16,EUR,Smith-Gaines,pending
po_2027269,REF-265245,2026-01-26T00:00:00Z,195.41,3.39,186.34,GBP,"Wilson, Robertson and Gonzalez",failed
po_8661818,REF-670811,2026-04-12T00:00:00Z,2723.23,5.25,2684.72,USD,Dickson-Padilla,pending
po_1018399,REF-896871,2026-01-15T00:00:00Z,11781.07,2.17,11741.84,GBP,"Miller, Anderson and Padilla",processing
po_8879437,REF-302859,2026-01-18T00:00:00Z,1858.35,12.76,1852.75,USD,"Yu, Nguyen and Wood",processing
po_5462978,REF-909375,2026-02-13T00:00:00Z,2732.49,12.68,2730.7,EUR,Perez-Neal,failed
po_5334775,REF-847263,2026-03-28T00:00:00Z,23638.74,12.85,23625.79,GBP,Wagner Ltd,settled
po_1735785,REF-152500,2026-02-22T00:00:00Z,17344.04,14.47,17339.65,EUR,Jenkins-Henderson,pending
po_4702011,REF-687753,2026-02-13T00:00:00Z,12627.0,10.64,12610.39,USD,"Kennedy, Lopez and Norton",pending
po_5027624,REF-522491,2026-03-14T00:00:00Z,15053.869999999999,1.44,15013.07,USD,"Rodriguez, Sutton and Santiago",pending
po_9356059,REF-482590,2026-02-23T00:00:00Z,17358.34,6.51,17324.52,GBP,Lewis-Robinson,settled
po_3403183,REF-418970,2026-01-11T00:00:00Z,569.54,3.18,544.26,EUR,"Luna, Morris and Gill",pending
po_1954026,REF-787294,2026-04-18T00:00:00Z,24745.49,12.2,24709.09,EUR,Dickson-Gutierrez,pending
po_6622093,REF-424767,2026-04-13T00:00:00Z,13065.64,18.92,13038.0,GBP,"Malone, Bell and Bryant",pending
po_9587333,REF-375263,2026-04-28T00:00:00Z,15590.05,2.56,15550.4,USD,"Luna, Morris and Gill",pending
po_2235644,REF-917689,2026-02-07T00:00:00Z,13059.5,17.4,13009.82,EUR,"Roberts, Frazier and Smith",settled
po_6174508,REF-742643,2026-01-01T00:00:00Z,17037.850000000002,9.02,17029.99,USD,Brown and Sons,pending
po_9904849,REF-863859,2026-04-06T00:00:00Z,18370.420000000002,19.21,18342.83,EUR,Peters-Ward,processing
po_4088273,REF-192045,2026-01-03T00:00:00Z,13651.88,9.26,13630.05,GBP,Robinson Group,settled
po_6335005,REF-956710,2026-02-19T00:00:00Z,11231.179999999998,3.02,11202.47,EUR,White Group,failed
po_1492012,REF-732565,2026-02-10T00:00:00Z,12066.09,18.45,12019.8,USD,Perez-Neal,failed
po_9965462,REF-678222,2026-03-02T00:00:00Z,2783.3900000000003,2.53,2756.28,EUR,Harvey Inc,settled
po_9242231,REF-783134,2026-04-21T00:00:00Z,13169.539999999999,9.8,13151.41,USD,Nguyen-White,settled
po_9278006,REF-229489,2026-01-02T00:00:00Z,19368.68,11.86,19354.19,GBP,Lopez-Stout,settled
po_9363019,REF-992319,2026-01-29T00:00:00Z,3784.45,1.38,3752.14,USD,White-Wilson,pending
po_9301670,REF-372170,2026-01-17T00:00:00Z,22664.17,14.12,22619.85,GBP,Best Inc,failed
po_4672026,REF-152113,2026-02-01T00:00:00Z,22548.21,14.77,22534.75,GBP,Garcia and Sons,failed
po_8196746,REF-639086,2026-02-14T00:00:00Z,22442.55,17.24,22410.68,GBP,Gonzalez Inc,processing
po_5088661,REF-261750,2026-01-30T00:00:00Z,20759.8,17.79,20751.01,GBP,Davis PLC,processing
po_6354067,REF-355700,2026-02-07T00:00:00Z,16470.949999999997,7.86,16430.76,GBP,Davis Group,settled
po_4813067,REF-580127,2026-01-06T00:00:00Z,10083.119999999999,10.31,10037.3,USD,"Garza, Barker and Maddox",pending
po_1081630,REF-689538,2026-01-30T00:00:00Z,6774.98,7.53,6759.29,EUR,Dickson-Padilla,pending
po_4155638,REF-167874,2026-04-23T00:00:00Z,7813.360000000001,14.71,7808.51,EUR,Hunt-Whitney,settled
po_4073227,REF-274975,2026-02-04T00:00:00Z,16469.59,7.53,16429.09,GBP,Peters-Ward,settled
po_4894835,REF-809778,2026-04-01T00:00:00Z,5622.41,2.49,5605.53,USD,Griffin Inc,failed
po_4352026,REF-575797,2026-03-29T00:00:00Z,7846.93,5.75,7833.8,GBP,Jones Group,settled
po_3915877,REF-598731,2026-04-16T00:00:00Z,21188.17,1.55,21150.26,GBP,Washington-West,failed
po_8311956,REF-698757,2026-02-23T00:00:00Z,9859.06,18.88,9821.57,USD,"Pena, Jones and Sanchez",failed
po_4612353,REF-960764,2026-01-18T00:00:00Z,18049.300000000003,5.35,18034.56,GBP,Stone and Sons,settled
po_3947827,REF-259649,2026-03-24T00:00:00Z,21298.460000000003,5.51,21258.97,USD,"Garcia, Mercado and West",pending
po_2427420,REF-589221,2026-02-17T00:00:00Z,9087.8,14.44,9061.25,EUR,Fletcher-Pruitt,failed
po_8846695,REF-784902,2026-03-28T00:00:00Z,5675.610000000001,8.41,5644.97,USD,"Bates, Diaz and Lowe",failed
po_2643332,REF-982746,2026-01-14T00:00:00Z,5390.49,5.68,5360.4,USD,Jones-Fuentes,settled
po_6809230,REF-607559,2026-04-09T00:00:00Z,5508.0,15.07,5465.33,EUR,Perez-Neal,settled
po_4574334,REF-110855,2026-01-06T00:00:00Z,1473.07,6.88,1435.58,EUR,Washington-West,failed
po_6838230,REF-898210,2026-02-26T00:00:00Z,14886.85,2.31,14871.27,GBP,Smith-Gaines,pending
po_2008418,REF-355419,2026-01-09T00:00:00Z,13559.98,6.9,13554.05,USD,Mckinney-Cooper,pending
po_7896688,REF-934765,2026-02-15T00:00:00Z,13408.93,16.98,13397.04,GBP,Silva-Green,pending
po_1774654,REF-874142,2026-01-31T00:00:00Z,16224.7,7.72,16221.61,GBP,Webster and Sons,settled
po_2748178,REF-219684,2026-02-27T00:00:00Z,19528.9,9.72,19519.07,EUR,"Garza, Barker and Maddox",failed
po_7534479,REF-377695,2026-03-20T00:00:00Z,22098.07,12.4,22056.76,GBP,Cochran Inc,processing
po_3256065,REF-891935,2026-03-29T00:00:00Z,5964.65,15.53,5927.28,EUR,"Miller, Anderson and Padilla",processing
po_3782891,REF-618435,2026-02-15T00:00:00Z,13645.71,5.13,13608.97,USD,Brown-Huynh,failed
po_6002802,REF-618247,2026-01-22T00:00:00Z,7575.13,13.75,7565.6,EUR,"Rodriguez, Evans and Patterson",failed
po_9565000,REF-541972,2026-04-04T00:00:00Z,2884.77,18.61,2839.55,EUR,"Bryant, Harrison and Carter",pending
po_4038772,REF-610049,2026-01-28T00:00:00Z,137.26,3.75,99.67,EUR,Morris Inc,settled
po_3857812,REF-727373,2026-02-11T00:00:00Z,12084.080000000002,3.98,12076.79,USD,Arnold-Beck,processing
po_9003810,REF-830357,2026-02-26T00:00:00Z,579.88,12.05,535.05,GBP,Davenport PLC,processing
po_1157926,REF-230273,2026-03-03T00:00:00Z,7932.4,10.36,7910.2,USD,Kelly-Murphy,failed
po_2734021,REF-198690,2026-04-16T00:00:00Z,2411.96,6.8,2390.45,EUR,Walters PLC,processing
po_2909727,REF-823246,2026-04-19T00:00:00Z,2278.2000000000003,13.22,2239.78,USD,"Graham, Ferguson and Hill",settled
po_2289861,REF-816458,2026-04-11T00:00:00Z,24801.97,17.36,24777.93,EUR,Wade PLC,failed
po_6733552,REF-731296,2026-03-29T00:00:00Z,18899.02,18.17,18863.97,USD,Newman-Thomas,pending
po_4091304,REF-762823,2026-03-18T00:00:00Z,3866.7,17.73,3849.89,EUR,Hunt PLC,settled
po_5380869,REF-211457,2026-04-25T00:00:00Z,20824.52,2.86,20805.98,EUR,Dickson Inc,pending
po_6131376,REF-328199,2026-02-18T00:00:00Z,7994.280000000001,15.98,7975.52,USD,Davis PLC,processing
po_8021886,REF-740972,2026-04-05T00:00:00Z,22889.41,2.22,22868.79,USD,Roberts Group,pending
po_6127619,REF-601449,2026-01-03T00:00:00Z,4830.43,4.26,4822.93,EUR,"Hernandez, Hill and Hull",pending
po_6176461,REF-930380,2026-04-22T00:00:00Z,2419.28,2.79,2374.09,GBP,Simmons-Green,settled
po_6161516,REF-679597,2026-04-07T00:00:00Z,7295.0,7.67,7272.48,USD,"Thompson, Cooper and Young",settled
po_4229956,REF-108456,2026-02-04T00:00:00Z,16466.73,7.08,16442.82,EUR,"Payne, Wall and Hernandez",pending
po_1591105,REF-964710,2026-03-06T00:00:00Z,24785.27,4.32,24753.2,GBP,Nguyen-White,processing
po_4219121,REF-281685,2026-03-17T00:00:00Z,10864.57,1.31,10833.74,GBP,Best Inc,pending
po_9680402,REF-102307,2026-02-06T00:00:00Z,3219.64,5.37,3192.24,GBP,Schneider Ltd,pending
po_3962773,REF-557367,2026-02-17T00:00:00Z,9308.699999999999,12.78,9288.9,GBP,"Graham, Ferguson and Hill",pending
po_1138525,REF-961082,2026-02-12T00:00:00Z,558.2600000000001,9.11,545.07,EUR,Walter Inc,processing
po_5596432,REF-444076,2026-02-20T00:00:00Z,8092.51,10.66,8084.83,USD,Allen Ltd,processing
po_8676852,REF-495618,2026-03-26T00:00:00Z,24684.54,17.25,24649.23,GBP,"Kennedy, Lopez and Norton",settled
po_2721829,REF-561703,2026-03-20T00:00:00Z,14633.95,10.13,14616.45,USD,"Hansen, Herrera and Taylor",failed
po_4429433,REF-863333,2026-03-10T00:00:00Z,41.21,4.94,26.29,EUR,"Hernandez, Greer and Jackson",failed
po_9128100,REF-391754,2026-04-23T00:00:00Z,14415.51,1.87,14397.7,EUR,Li-Jones,failed
po_6431223,REF-275970,2026-03-16T00:00:00Z,1869.41,19.98,1825.72,GBP,Wilson Group,processing
po_1868567,REF-174810,2026-04-11T00:00:00Z,21900.64,4.72,21866.75,EUR,Hickman-Walter,failed
po_3473460,REF-675952,2026-02-25T00:00:00Z,613.27,18.17,567.85,USD,Roberts LLC,processing
po_5331289,REF-443458,2026-02-18T00:00:00Z,19001.44,15.84,18980.69,USD,"Ramirez, Hernandez and Fox",processing
po_8524467,REF-257851,2026-03-27T00:00:00Z,5879.17,16.93,5834.91,GBP,"Chavez, Davis and Walton",processing
po_9319786,REF-533561,2026-03-27T00:00:00Z,11552.06,10.42,11538.08,EUR,Anderson-Parks,failed
po_5026970,REF-450520,2026-04-01T00:00:00Z,16284.66,9.85,16260.33,EUR,"Ward, Garcia and Henry",processing
po_4484579,REF-589942,2026-02-22T00:00:00Z,21839.12,4.95,21806.18,USD,Webster and Sons,settled
po_8091166,REF-528910,2026-04-11T00:00:00Z,14304.02,7.5,14285.11,EUR,Thomas PLC,pending
po_7067867,REF-816741,2026-03-21T00:00:00Z,23580.030000000002,2.48,23538.63,EUR,King LLC,processing
po_8527555,REF-325482,2026-03-05T00:00:00Z,2213.75,2.77,2191.92,USD,Washington-West,processing
po_3234175,REF-519320,2026-02-21T00:00:00Z,7053.66,7.52,7034.59,EUR,"Clarke, Johnson and Watson",failed
po_5668083,REF-342805,2026-03-29T00:00:00Z,6965.82,13.93,6923.75,USD,Gray PLC,processing
po_5250179,REF-326787,2026-01-08T00:00:00Z,1723.7,15.07,1700.46,USD,Beard-Cooper,failed
po_4785951,REF-297108,2025-12-31T00:00:00Z,7540.41,19.85,7498.33,EUR,"Hernandez, Wade and Rodriguez",processing
po_6339847,REF-313443,2026-01-11T00:00:00Z,12016.86,2.49,11989.67,USD,Walter Inc,pending
po_3865701,REF-677112,2026-03-03T00:00:00Z,16000.03,11.53,15951.44,GBP,Peterson LLC,processing
po_1930920,REF-664172,2026-01-27T00:00:00Z,9484.97,19.25,9435.33,EUR,Dickson Inc,settled
po_3908982,REF-264611,2026-02-08T00:00:00Z,4751.34,6.97,4747.24,USD,Anderson-Parks,processing
po_6380919,REF-521084,2026-04-02T00:00:00Z,2301.6299999999997,4.61,2289.68,USD,"Thompson, Cooper and Young",failed
po_7824589,REF-149757,2026-04-24T00:00:00Z,11075.08,14.45,11037.75,USD,Cobb Group,pending
po_6725110,REF-685484,2026-04-10T00:00:00Z,8163.75,8.92,8155.27,EUR,Barrera Group,settled
po_7786347,REF-499020,2026-03-23T00:00:00Z,624.36,8.93,597.12,USD,"Rodriguez, Evans and Patterson",pending
po_5546458,REF-769029,2026-04-28T00:00:00Z,15855.0,16.19,15829.67,EUR,Morgan-Mckinney,settled
po_1824706,REF-938496,2026-03-25T00:00:00Z,8683.41,4.0,8647.94,USD,"Cox, Fernandez and Baker",settled
po_2482641,REF-745592,2026-02-12T00:00:00Z,22839.370000000003,4.54,22823.9,EUR,Walters LLC,settled
po_6040478,REF-116709,2026-02-20T00:00:00Z,17714.19,6.01,17669.76,USD,"Drake, Torres and Murray",processing
po_1591852,REF-187484,2026-02-01T00:00:00Z,1071.0,8.39,1065.41,GBP,Hughes Inc,failed
po_7990905,REF-633367,2026-03-08T00:00:00Z,5566.14,17.82,5533.43,GBP,Randolph and Sons,pending
po_4595677,REF-500755,2026-03-12T00:00:00Z,22146.84,4.94,22120.9,USD,Maxwell-Shepherd,settled
po_8710832,REF-357836,2026-04-03T00:00:00Z,21465.17,14.89,21424.53,GBP,"Fox, Hernandez and Ryan",failed
po_9278287,REF-197492,2026-04-22T00:00:00Z,3226.82,11.58,3225.44,USD,Robinson Group,processing
po_1027018,REF-792929,2026-03-29T00:00:00Z,20910.21,3.1,20871.96,EUR,Wagner Ltd,pending
po_9428568,REF-459502,2026-03-06T00:00:00Z,5263.38,19.03,5261.47,EUR,"Liu, Parsons and Delacruz",failed
po_6532337,REF-441263,2026-03-14T00:00:00Z,12034.15,4.01,12003.76,EUR,Robbins LLC,processing
po_2976629,REF-767013,2026-03-31T00:00:00Z,24174.77,12.76,24135.06,USD,Cooper Ltd,processing
po_4985978,REF-433754,2026-04-10T00:00:00Z,6770.65,1.15,6723.82,EUR,Morgan-Mckinney,settled
po_3894941,REF-975634,2026-01-07T00:00:00Z,8836.470000000001,3.75,8790.29,GBP,"Short, Moore and Douglas",failed
po_9491800,REF-500105,2026-03-02T00:00:00Z,7698.679999999999,6.22,7650.11,GBP,Schneider Ltd,pending
po_6803583,REF-329820,2026-04-21T00:00:00Z,13866.869999999999,6.18,13849.88,USD,"Rogers, Anderson and Campos",settled
po_4459632,REF-997363,2026-03-03T00:00:00Z,22335.45,14.24,22315.09,USD,"Moss, Atkins and Daniels",failed
po_3864080,REF-656495,2026-03-31T00:00:00Z,2748.53,17.71,2699.46,GBP,Smith Ltd,failed
po_7671710,REF-456708,2026-02-27T00:00:00Z,13962.55,10.73,13938.14,USD,Arroyo-Pope,failed
po_7285488,REF-603838,2026-04-16T00:00:00Z,11178.279999999999,3.91,11159.13,GBP,Hughes Inc,failed
po_5565303,REF-804836,2026-01-26T00:00:00Z,15132.84,9.25,15110.28,USD,"Taylor, Zavala and Bates",processing
po_9264946,REF-860515,2026-02-07T00:00:00Z,12054.17,17.34,12048.18,EUR,"Martinez, Joseph and Simmons",pending
po_1800922,REF-524584,2026-03-03T00:00:00Z,20762.34,19.05,20755.96,EUR,Johnson Inc,failed
po_8856743,REF-795428,2026-01-30T00:00:00Z,19216.460000000003,7.4,19168.33,GBP,"Hayes, Luna and Miller",failed
po_3425437,REF-199856,2026-02-08T00:00:00Z,6804.61,19.37,6777.33,GBP,"Salinas, Barnes and Cooper",failed
po_2972292,REF-611494,2026-04-16T00:00:00Z,12201.519999999999,8.8,12162.46,GBP,Church Inc,pending
po_5119761,REF-206705,2026-02-28T00:00:00Z,11163.63,3.37,11114.89,EUR,Li-Jones,failed
po_1323716,REF-397167,2026-03-04T00:00:00Z,24872.29,7.61,24867.48,GBP,"Ramirez, Hernandez and Fox",settled
po_9875182,REF-501832,2026-04-30T00:00:00Z,18971.829999999998,13.92,18955.51,EUR,Hamilton-Bautista,processing
po_4320912,REF-918511,2026-04-13T00:00:00Z,2808.04,10.25,2768.3,EUR,Gomez-Cardenas,pending
po_6794950,REF-612805,2026-01-05T00:00:00Z,17629.379999999997,15.31,17588.19,GBP,Lewis-Robinson,settled
po_8409312,REF-616422,2026-01-21T00:00:00Z,1240.69,17.8,1202.03,EUR,Newman-Thomas,failed
po_7540294,REF-154053,2026-03-26T00:00:00Z,4961.92,10.76,4920.53,GBP,Price PLC,failed
po_3118220,REF-720020,2026-04-13T00:00:00Z,5985.12,19.18,5951.18,GBP,Bowers Ltd,pending
po_7615498,REF-213461,2026-01-10T00:00:00Z,8122.589999999999,15.42,8073.73,USD,"Lewis, Joyce and Robertson",processing
po_2431567,REF-492990,2026-01-23T00:00:00Z,9465.6,18.51,9454.12,EUR,Wright Group,pending
po_2672973,REF-679460,2026-01-26T00:00:00Z,17213.88,18.06,17186.56,USD,Welch-Peck,processing
po_4096807,REF-178119,2026-01-03T00:00:00Z,9588.2,11.29,9565.5,USD,Erickson and Sons,processing
po_8801944,REF-606362,2026-02-28T00:00:00Z,12735.73,15.07,12716.25,EUR,"Garcia, Mercado and West",failed
po_9405450,REF-536245,2026-03-22T00:00:00Z,16383.900000000001,11.91,16363.79,GBP,"Owen, Gibson and Johnson",settled
po_1342811,REF-520065,2026-04-11T00:00:00Z,9713.349999999999,18.32,9693.39,EUR,Harvey Inc,settled
po_2675054,REF-452628,2026-01-16T00:00:00Z,16148.390000000001,19.88,16138.19,USD,Davis-Mitchell,pending
po_3883538,REF-223591,2026-01-22T00:00:00Z,23883.92,1.07,23863.25,EUR,Jones-Graham,pending
po_9447086,REF-931171,2026-02-15T00:00:00Z,13812.859999999999,4.65,13771.31,GBP,Reed PLC,settled
po_6104605,REF-426629,2026-03-02T00:00:00Z,11232.96,16.35,11229.65,EUR,White Group,settled
po_2677155,REF-638157,2026-02-16T00:00:00Z,4780.37,10.37,4755.22,GBP,"Davis, Kim and Ingram",processing
po_5250843,REF-159751,2026-02-26T00:00:00Z,868.14,5.41,840.64,EUR,Colon Group,failed
po_4765489,REF-684426,2026-04-06T00:00:00Z,9661.19,18.89,9644.99,EUR,"Miller, Anderson and Padilla",processing
po_6592366,REF-347814,2026-04-07T00:00:00Z,21118.6,19.69,21072.89,GBP,Bowers Ltd,failed
po_2555745,REF-394551,2026-03-10T00:00:00Z,2979.4,8.35,2929.85,USD,Church Inc,failed
po_7580103,REF-477360,2026-04-24T00:00:00Z,12120.16,9.54,12104.13,EUR,"Clarke, Johnson and Watson",failed
po_4409424,REF-692733,2026-03-06T00:00:00Z,10502.15,12.57,10472.73,EUR,Schneider Ltd,failed
po_8991958,REF-983793,2026-01-01T00:00:00Z,13225.06,15.58,13222.41,EUR,"Payne, Wall and Hernandez",processing
po_8449742,REF-893634,2026-01-05T00:00:00Z,10994.27,15.92,10989.85,EUR,"Williams, Oneill and Torres",settled
po_5057676,REF-726077,2026-03-11T00:00:00Z,24712.73,3.72,24709.19,USD,Allen and Sons,pending
po_4199904,REF-989364,2026-04-16T00:00:00Z,606.09,11.22,588.38,EUR,Peters-Ward,processing
po_5819564,REF-460326,2026-03-05T00:00:00Z,15006.72,15.82,14979.67,USD,Ramsey-Caldwell,failed
po_8450197,REF-110282,2026-04-10T00:00:00Z,24068.219999999998,19.87,24047.12,GBP,Lawrence-Lee,pending
po_9062053,REF-768510,2026-03-08T00:00:00Z,12007.460000000001,18.09,12004.79,EUR,"Walker, Garcia and Mcguire",failed
po_2279911,REF-238116,2026-03-25T00:00:00Z,23077.86,3.99,23064.53,GBP,Young-Hudson,failed
po_8902192,REF-798910,2026-04-27T00:00:00Z,4363.91,7.16,4362.69,USD,Davis PLC,settled
po_5992185,REF-122232,2026-01-19T00:00:00Z,7841.64,6.16,7822.68,GBP,Rose-Gonzales,processing
po_8504725,REF-382130,2026-01-07T00:00:00Z,15510.75,4.25,15497.36,GBP,Smith and Sons,settled
po_4626686,REF-870645,2026-02-06T00:00:00Z,1429.17,14.44,1408.67,GBP,"Wilson, Robertson and Gonzalez",settled
po_1116892,REF-260986,2026-03-17T00:00:00Z,21619.789999999997,1.84,21614.1,EUR,Hays-Dalton,settled
po_4997590,REF-747417,2026-01-03T00:00:00Z,15254.5,3.84,15242.38,EUR,Reeves Ltd,processing
po_8203403,REF-457004,2026-03-15T00:00:00Z,14436.61,16.24,14394.34,USD,Gonzalez-Mcdaniel,processing
po_4996732,REF-581810,2026-04-16T00:00:00Z,24370.11,4.01,24340.55,EUR,Charles-Butler,pending
po_8735772,REF-173494,2026-03-29T00:00:00Z,12964.880000000001,17.76,12940.36,GBP,Lane-Hines,failed
po_6157067,REF-584903,2026-03-20T00:00:00Z,4970.81,10.85,4958.89,EUR,Wilson Ltd,settled
po_5816411,REF-659877,2026-04-28T00:00:00Z,19079.87,2.25,19078.41,USD,Arellano-Whitaker,failed
po_4704808,REF-500496,2026-02-20T00:00:00Z,10415.83,12.39,10394.61,EUR,Schneider Ltd,settled
po_7643810,REF-205125,2026-04-26T00:00:00Z,17969.09,2.25,17952.86,EUR,"Pena, Jones and Sanchez",processing
po_8522486,REF-168970,2026-03-22T00:00:00Z,10582.34,4.11,10542.08,USD,Price PLC,pending
po_3787770,REF-827228,2026-04-26T00:00:00Z,15443.14,18.34,15421.01,GBP,Kirk-Henson,failed
po_2133362,REF-312643,2026-04-02T00:00:00Z,10125.400000000001,13.25,10082.03,USD,Allen Group,failed
po_2026181,REF-372428,2026-02-09T00:00:00Z,6291.25,9.41,6254.25,GBP,"Martinez, Joseph and Simmons",failed
po_6817661,REF-342428,2026-02-08T00:00:00Z,23663.13,9.91,23653.58,USD,Lopez-Stout,pending
po_1846806,REF-332065,2026-04-24T00:00:00Z,6231.66,5.37,6221.8,GBP,"Evans, Conway and Hall",failed
po_6439117,REF-764315,2026-01-02T00:00:00Z,3880.2400000000002,8.6,3834.36,EUR,Kim Group,pending
po_1877905,REF-194135,2026-03-31T00:00:00Z,8197.57,3.89,8183.17,USD,"Salinas, Barnes and Cooper",failed
po_2528959,REF-952505,2026-02-16T00:00:00Z,7698.45,16.62,7656.07,USD,Mata Inc,failed
po_3034681,REF-366263,2026-03-19T00:00:00Z,17939.34,8.45,17894.53,USD,Newman-Thomas,pending
po_8257408,REF-980694,2026-01-02T00:00:00Z,24529.65,3.5,24517.02,EUR,Brown and Sons,settled
po_6135035,REF-429664,2026-01-07T00:00:00Z,7844.0,5.1,7833.7,EUR,Smith Ltd,processing
po_9146884,REF-146275,2026-01-13T00:00:00Z,18677.16,10.96,18635.44,GBP,"Bates, Diaz and Lowe",settled
po_8054216,REF-354880,2026-02-18T00:00:00Z,1027.29,1.87,980.67,EUR,Davenport PLC,failed
po_2883407,REF-895516,2026-03-09T00:00:00Z,8402.42,18.93,8368.43,EUR,Gardner Inc,failed
po_8439765,REF-118604,2026-02-05T00:00:00Z,11513.74,10.89,11466.08,EUR,Dickson-Gutierrez,failed
po_8540358,REF-531652,2026-01-26T00:00:00Z,8702.58,17.5,8683.32,EUR,Hunter-Nicholson,failed
po_9452037,REF-147640,2026-02-24T00:00:00Z,2126.3199999999997,12.89,2122.93,EUR,Beard-Cooper,processing
po_1309179,REF-654965,2026-02-13T00:00:00Z,465.2,2.89,431.03,USD,Thompson-Campbell,processing
po_5866606,REF-489206,2026-01-13T00:00:00Z,2746.44,1.45,2728.93,USD,Kirk-Henson,settled
po_4974548,REF-854892,2026-04-05T00:00:00Z,14783.1,10.09,14756.6,USD,"Owens, Peters and White",failed
po_4792077,REF-651710,2026-01-31T00:00:00Z,5432.820000000001,10.34,5383.51,USD,"Molina, Wells and Bright",failed
po_3437261,REF-506308,2026-04-06T00:00:00Z,7886.95,9.59,7869.45,EUR,"Howard, Russo and Smith",failed
po_4094594,REF-235936,2026-01-04T00:00:00Z,147.94,13.53,129.33,USD,"Martinez, Henderson and Osborne",settled
po_9183869,REF-631461,2026-04-08T00:00:00Z,23104.45,6.58,23077.62,GBP,Erickson and Sons,failed
po_3685540,REF-186924,2026-02-22T00:00:00Z,14643.15,5.93,14602.99,EUR,Maxwell-Shepherd,pending
po_7379687,REF-583906,2026-04-21T00:00:00Z,4839.31,12.99,4805.04,USD,Brown and Sons,settled
po_2710197,REF-106712,2026-02-21T00:00:00Z,15157.869999999999,16.28,15116.96,USD,Brown Ltd,pending
po_5392839,REF-418529,2026-04-23T00:00:00Z,23916.269999999997,2.77,23911.42,GBP,"Dorsey, Patterson and Harrison",settled
po_6196201,REF-110179,2026-02-08T00:00:00Z,23614.39,1.73,23598.11,GBP,Hawkins-Saunders,failed
po_7538508,REF-410286,2026-01-12T00:00:00Z,19829.13,10.0,19814.81,EUR,Allen-Taylor,pending
po_1062242,REF-380734,2026-04-02T00:00:00Z,15031.710000000001,5.36,15001.1,USD,Allen-Taylor,settled
po_6881972,REF-294848,2026-01-11T00:00:00Z,18713.600000000002,2.24,18701.15,GBP,"Jackson, Romero and Mendez",settled
po_7517905,REF-128062,2026-01-10T00:00:00Z,6101.48,1.41,6054.86,GBP,Hamilton-Bautista,failed
po_7799596,REF-912538,2026-02-17T00:00:00Z,11650.98,1.48,11610.38,EUR,Roberts Group,settled
po_8451620,REF-609908,2026-02-25T00:00:00Z,19980.22,3.1,19953.36,USD,"Chavez, Davis and Walton",settled
po_5686145,REF-124773,2026-03-19T00:00:00Z,20820.030000000002,5.43,20807.88,USD,"Yu, Nguyen and Wood",failed
po_5090337,REF-269616,2026-04-30T00:00:00Z,24668.989999999998,17.65,24623.55,EUR,Dudley Ltd,settled
po_6090854,REF-854283,2026-01-27T00:00:00Z,9671.949999999999,14.19,9633.55,EUR,Mitchell-Byrd,pending
po_9039011,REF-882498,2026-04-11T00:00:00Z,17981.76,8.37,17948.48,USD,Lopez-Stout,processing
po_7104180,REF-310510,2026-03-14T00:00:00Z,17568.25,2.92,17539.85,USD,Vincent-Mcclure,pending
po_7595877,REF-242865,2026-02-18T00:00:00Z,15213.75,4.96,15197.94,USD,Phillips-Wyatt,processing
po_7629008,REF-609605,2026-02-15T00:00:00Z,16594.46,15.2,16573.98,GBP,Thompson-Washington,pending
po_1929168,REF-125012,2026-02-11T00:00:00Z,15123.39,7.21,15118.31,GBP,Nguyen-White,settled
po_4241648,REF-883270,2026-04-08T00:00:00Z,4860.360000000001,6.76,4833.35,EUR,Kim Group,processing
po_9284425,REF-524546,2026-04-19T00:00:00Z,19144.09,18.93,19109.95,GBP,Roberts Group,processing
po_2369209,REF-859839,2026-02-09T00:00:00Z,15739.330000000002,19.7,15712.54,EUR,Howard-Mcdonald,failed
po_6316098,REF-130467,2026-04-16T00:00:00Z,1647.42,12.58,1601.68,GBP,Orozco Ltd,settled
po_7749788,REF-336273,2026-01-18T00:00:00Z,10918.220000000001,18.32,10877.77,USD,Jenkins-Henderson,pending
po_5165993,REF-986738,2026-02-10T00:00:00Z,11581.130000000001,15.19,11540.86,EUR,"George, Lewis and Mitchell",processing
po_6602645,REF-921196,2026-02-08T00:00:00Z,12711.259999999998,7.61,12694.71,USD,"Howard, Lynch and Morris",settled
po_4949030,REF-602172,2026-03-08T00:00:00Z,17496.48,3.21,17472.55,USD,"Berry, Rios and Marshall",pending
po_8858567,REF-299503,2026-01-18T00:00:00Z,9935.57,14.71,9896.86,USD,"Ramirez, Hernandez and Fox",pending
po_9044411,REF-463076,2026-04-07T00:00:00Z,24453.329999999998,19.77,24419.23,GBP,Brady-Ford,processing
po_1513872,REF-585507,2026-03-24T00:00:00Z,3771.76,11.32,3731.73,EUR,"Garner, Lawson and Richard",failed
po_2856073,REF-274198,2026-03-14T00:00:00Z,828.9599999999999,9.96,826.03,GBP,"Brown, Middleton and Williams",pending
po_5948048,REF-404724,2026-04-07T00:00:00Z,5765.21,9.93,5757.46,EUR,"Howell, Hart and Swanson",settled
po_1307364,REF-319509,2026-04-07T00:00:00Z,12312.06,17.82,12264.17,GBP,"Fleming, King and Herring",settled
po_3575986,REF-550126,2026-01-16T00:00:00Z,17261.219999999998,11.05,17223.67,EUR,"Hernandez, Wade and Rodriguez",settled
po_1505595,REF-959071,2026-04-22T00:00:00Z,16793.260000000002,3.13,16749.9,GBP,Roberts LLC,processing
po_2078399,REF-685264,2026-04-17T00:00:00Z,3168.2999999999997,8.4,3121.1,EUR,Pennington PLC,processing
po_3851395,REF-404244,2026-02-05T00:00:00Z,158.27,12.14,132.0,GBP,Prince-Martinez,failed
po_7249141,REF-700986,2026-03-19T00:00:00Z,185.46,5.65,176.63,USD,Lewis-Robinson,pending
po_9337336,REF-779395,2026-02-27T00:00:00Z,8176.08,4.31,8126.32,GBP,King-George,failed
po_7742191,REF-221437,2026-01-11T00:00:00Z,14908.439999999999,2.57,14905.46,USD,Kelly-Murphy,processing
po_6192519,REF-476170,2026-04-26T00:00:00Z,24276.519999999997,3.49,24235.01,USD,Howard LLC,pending
po_2794738,REF-289841,2026-03-17T00:00:00Z,24025.969999999998,15.92,23991.62,EUR,"Snow, Rodgers and Miller",pending
po_9902106,REF-563629,2026-01-18T00:00:00Z,18999.89,18.32,18970.94,EUR,Park-Daniels,settled
po_5568345,REF-221934,2026-01-23T00:00:00Z,21981.38,13.93,21957.91,GBP,Schneider Ltd,settled
po_8827281,REF-210968,2026-02-18T00:00:00Z,206.79,18.22,200.64,EUR,Robbins LLC,failed
po_9598818,REF-809633,2026-03-07T00:00:00Z,22844.27,11.38,22811.32,USD,Brown LLC,failed
po_5642138,REF-696087,2026-04-01T00:00:00Z,9929.56,14.0,9913.24,USD,Flynn-Matthews,failed
po_6950148,REF-709778,2026-02-20T00:00:00Z,6995.35,3.07,6945.67,USD,"Hernandez, Hill and Hull",processing
po_7104797,REF-740914,2026-01-26T00:00:00Z,6281.71,6.97,6255.9,GBP,Hickman-Walter,pending
po_1952764,REF-496798,2026-01-09T00:00:00Z,8313.21,13.39,8263.4,GBP,Mccoy Ltd,settled
po_3493299,REF-819409,2026-04-22T00:00:00Z,11666.0,14.59,11655.65,EUR,Smith-Abbott,failed
po_7586532,REF-733355,2026-03-16T00:00:00Z,22623.579999999998,4.01,22607.14,EUR,"Mooney, Black and Roach",pending
po_8111541,REF-375232,2026-01-19T00:00:00Z,20266.15,7.27,20226.33,EUR,"Shaw, Baker and Scott",settled
po_5598546,REF-256024,2026-01-05T00:00:00Z,7906.4,16.18,7866.23,EUR,"Hernandez, Hill and Hull",settled
po_3832999,REF-254638,2026-03-22T00:00:00Z,13830.130000000001,18.22,13786.53,USD,Leach-Walker,pending
po_6586260,REF-684536,2026-02-22T00:00:00Z,9136.33,19.42,9132.83,EUR,"Rodriguez, Sutton and Santiago",pending
po_2035429,REF-665112,2026-04-08T00:00:00Z,204.14,16.65,190.26,EUR,"Salinas, Barnes and Cooper",settled
po_4083007,REF-495344,2026-03-13T00:00:00Z,17373.0,11.72,17364.67,USD,Smith-Gaines,failed
po_5242142,REF-774564,2026-02-24T00:00:00Z,10041.43,1.63,10025.27,EUR,"Bates, Diaz and Lowe",processing
po_3643272,REF-177474,2026-04-03T00:00:00Z,22840.62,8.18,22811.3,EUR,Jones-Taylor,pending
po_5693061,REF-281756,2026-01-20T00:00:00Z,5637.58,15.81,5627.67,EUR,White Group,failed
po_2327921,REF-566516,2026-04-23T00:00:00Z,12336.67,4.18,12287.61,GBP,Wilson Group,settled
po_8156941,REF-707744,2026-03-05T00:00:00Z,10457.95,19.07,10413.53,EUR,Johnson-Ruiz,processing
po_8407456,REF-583427,2026-02-15T00:00:00Z,22923.66,14.24,22922.48,EUR,"Curry, Wolfe and Ramirez",failed
po_3287252,REF-249190,2026-01-11T00:00:00Z,11741.990000000002,19.79,11715.87,USD,Perez-Neal,processing
po_9645484,REF-558801,2026-01-15T00:00:00Z,17694.93,4.82,17693.41,EUR,"Rollins, Charles and Black",processing
po_7055966,REF-167217,2026-03-22T00:00:00Z,24248.789999999997,8.09,24236.12,GBP,Shaw-Stuart,failed
po_9152030,REF-189758,2026-03-18T00:00:00Z,19844.030000000002,2.95,19800.29,USD,Young-Hudson,pending
po_3544537,REF-967183,2026-03-01T00:00:00Z,16263.14,6.58,16230.38,GBP,Nguyen-White,settled
po_3963032,REF-968931,2026-04-28T00:00:00Z,24363.36,1.91,24361.78,USD,Thomas PLC,failed
po_8941847,REF-815839,2026-03-31T00:00:00Z,4121.900000000001,9.75,4107.72,GBP,Nguyen-Roberts,failed
po_2398894,REF-424253,2026-04-05T00:00:00Z,8070.07,3.15,8049.25,GBP,"Hernandez, Hill and Hull",pending
po_8504258,REF-296769,2026-01-11T00:00:00Z,23550.01,3.19,23530.42,GBP,Johnson-Ruiz,processing
po_9660586,REF-904070,2026-03-04T00:00:00Z,20967.08,6.23,20941.13,EUR,"Curtis, Turner and Soto",settled
po_4508111,REF-279217,2026-02-20T00:00:00Z,23911.11,8.1,23901.16,EUR,"Ward, Garcia and Henry",pending
po_9584542,REF-222222,2026-04-25T00:00:00Z,18453.39,13.7,18422.52,USD,Li-Martinez,failed
po_1669128,REF-223505,2026-02-21T00:00:00Z,1976.79,3.81,1932.44,EUR,Young-Hudson,processing
po_3364015,REF-451216,2026-01-01T00:00:00Z,15463.04,17.22,15414.59,EUR,Thompson-Campbell,failed
po_8959777,REF-419865,2026-02-26T00:00:00Z,15280.380000000001,17.71,15231.03,GBP,Robbins LLC,settled
po_9446439,REF-149722,2026-03-09T00:00:00Z,11490.24,12.75,11463.83,EUR,"Johnson, Phillips and Brown",processing
po_7978463,REF-573871,2026-02-02T00:00:00Z,7397.26,18.42,7347.52,EUR,Fitzgerald PLC,failed
po_5942667,REF-167111,2026-03-25T00:00:00Z,4594.78,5.61,4570.33,EUR,"Rogers, Anderson and Campos",failed
po_8027733,REF-521593,2026-04-12T00:00:00Z,24547.61,5.79,24530.18,EUR,Griffin Inc,settled
po_9255362,REF-236877,2026-03-31T00:00:00Z,2580.2000000000003,8.86,2575.9,USD,Reeves Ltd,pending
po_1796684,REF-165669,2026-01-24T00:00:00Z,21853.72,8.91,21808.32,EUR,Gonzalez Inc,failed
po_9761958,REF-520835,2026-03-06T00:00:00Z,8693.88,3.65,8684.25,GBP,"Davis, Kim and Ingram",pending
po_9935807,REF-743251,2026-04-16T00:00:00Z,10883.48,9.53,10833.96,USD,Brady-Ford,settled
po_4516641,REF-807276,2026-04-17T00:00:00Z,6119.95,18.44,6082.41,GBP,Jones Group,pending
po_7353851,REF-564009,2026-04-10T00:00:00Z,13134.880000000001,14.73,13085.78,EUR,Kennedy-Marks,pending
po_9058745,REF-183879,2026-02-25T00:00:00Z,11247.56,17.92,11234.67,USD,Allen Inc,pending
po_3111028,REF-848512,2026-03-23T00:00:00Z,21512.010000000002,5.19,21472.99,EUR,Cooper PLC,pending
po_9744411,REF-843635,2026-02-08T00:00:00Z,20430.550000000003,16.01,20399.97,EUR,Hughes Inc,pending
po_7706371,REF-209325,2026-02-06T00:00:00Z,22355.62,9.74,22312.02,EUR,"Bates, Diaz and Lowe",processing
po_2183684,REF-639911,2026-02-04T00:00:00Z,9566.62,4.1,9518.34,USD,Davis-Mitchell,failed
po_3678648,REF-791258,2026-01-01T00:00:00Z,22974.21,1.6,22952.54,EUR,Peters-Ward,processing
po_2528696,REF-853308,2026-04-30T00:00:00Z,5221.5599999999995,8.14,5178.07,USD,"Hernandez, Wade and Rodriguez",pending
po_4317311,REF-674739,2026-04-24T00:00:00Z,13771.33,9.71,13754.35,USD,Jimenez-Bradley,pending
po_6929961,REF-434254,2026-01-09T00:00:00Z,12335.86,7.47,12287.78,GBP,Jones-Turner,failed
po_5802058,REF-780041,2026-02-10T00:00:00Z,24452.14,11.62,24407.16,USD,"Curtis, Turner and Soto",failed
po_2615321,REF-948303,2026-01-18T00:00:00Z,3340.07,12.59,3296.26,GBP,Johnson-Ruiz,pending
po_4397070,REF-256172,2026-02-09T00:00:00Z,12300.630000000001,14.88,12298.37,GBP,"Thompson, Cooper and Young",pending
po_4360057,REF-999933,2026-03-28T00:00:00Z,4784.04,9.29,4734.11,GBP,Howard-Mcdonald,failed
po_1451469,REF-851356,2026-04-12T00:00:00Z,14422.3,16.53,14407.47,USD,"Curry, Wolfe and Ramirez",failed
po_5395397,REF-108557,2026-02-21T00:00:00Z,22648.58,14.49,22608.33,EUR,Church Inc,processing
po_3528952,REF-284445,2026-03-29T00:00:00Z,15032.91,4.14,15030.64,GBP,"Gray, Williams and Weaver",settled
po_7372760,REF-404086,2026-01-11T00:00:00Z,12609.15,6.74,12574.96,USD,Reynolds LLC,failed
po_2578739,REF-718753,2026-04-21T00:00:00Z,20639.6,3.88,20616.93,USD,"Edwards, Anderson and Taylor",processing
po_5874824,REF-607776,2026-04-26T00:00:00Z,12241.93,16.45,12239.18,EUR,"Adams, Rodriguez and Walker",settled
po_6787172,REF-937825,2026-02-03T00:00:00Z,19552.34,14.6,19548.5,USD,"Martinez, Henderson and Osborne",processing
po_9452839,REF-337076,2026-01-19T00:00:00Z,9005.380000000001,2.76,8968.7,GBP,Jones-Turner,settled
po_6794346,REF-998524,2026-04-07T00:00:00Z,24444.53,6.34,24414.43,USD,Wade PLC,processing
po_9312731,REF-823540,2026-01-27T00:00:00Z,21579.36,2.25,21535.89,USD,Zimmerman Group,settled
po_3870573,REF-985396,2026-01-27T00:00:00Z,6272.87,7.37,6259.94,USD,Davis-Mitchell,settled
po_4549604,REF-668054,2026-04-26T00:00:00Z,4714.33,3.17,4682.94,GBP,"Martinez, Joseph and Simmons",processing
po_3438906,REF-887471,2026-04-09T00:00:00Z,23033.149999999998,11.11,22985.46,GBP,Erickson and Sons,settled
po_4873662,REF-426317,2026-03-07T00:00:00Z,10319.64,2.68,10294.58,EUR,"Snow, Rodgers and Miller",settled
po_5245664,REF-563748,2026-03-14T00:00:00Z,11487.94,8.03,11447.78,EUR,Silva-Green,pending
po_2277216,REF-171766,2026-04-24T00:00:00Z,17796.08,12.54,17790.7,GBP,Wagner Ltd,processing
po_4883491,REF-761224,2026-03-31T00:00:00Z,19598.280000000002,2.7,19572.79,EUR,"Taylor, Zavala and Bates",failed
po_1116522,REF-819308,2026-03-21T00:00:00Z,7312.15,2.76,7269.44,GBP,Jackson LLC,processing
po_4483946,REF-494691,2026-03-07T00:00:00Z,3846.0299999999997,11.08,3825.89,USD,Jones Group,failed
po_1556102,REF-928368,2026-01-02T00:00:00Z,23586.61,2.32,23558.97,EUR,"Shaw, Baker and Scott",processing
po_3897769,REF-955896,2026-02-04T00:00:00Z,21447.62,18.63,21406.91,USD,Esparza-Carroll,failed
po_2418404,REF-290046,2026-04-13T00:00:00Z,21958.989999999998,15.28,21909.92,USD,Wong PLC,processing
po_6134381,REF-276743,2026-02-12T00:00:00Z,21145.99,13.58,21122.4,USD,Moore LLC,failed
po_2528343,REF-223252,2026-03-27T00:00:00Z,14671.92,13.99,14637.26,USD,Davis PLC,settled
po_1687095,REF-816269,2026-01-16T00:00:00Z,386.63,17.61,343.66,GBP,"Nelson, Bowers and Cooper",failed
po_4578033,REF-839889,2026-03-21T00:00:00Z,17503.489999999998,13.82,17478.8,EUR,Anderson-Parks,processing
po_2608201,REF-791582,2026-01-15T00:00:00Z,16510.98,7.49,16469.41,GBP,Edwards-Boyd,pending
po_3000855,REF-647084,2026-03-27T00:00:00Z,20903.63,18.73,20898.9,EUR,"Bates, Diaz and Lowe",failed
po_4099165,REF-163282,2026-01-30T00:00:00Z,24209.54,20.0,24196.72,GBP,Banks-Savage,processing
po_3741808,REF-687736,2026-03-12T00:00:00Z,11513.81,8.72,11475.82,USD,Allen Ltd,settled
po_8707020,REF-551283,2026-03-10T00:00:00Z,10317.17,6.84,10313.07,USD,Rivera-Stanley,pending
po_8292109,REF-972380,2026-01-01T00:00:00Z,20769.81,18.85,20731.99,USD,Bowers Ltd,pending
po_7868021,REF-639858,2026-03-14T00:00:00Z,20065.46,4.34,20018.7,GBP,Thomas PLC,processing
po_9424597,REF-456844,2026-04-13T00:00:00Z,19972.17,19.96,19966.12,GBP,Allen Inc,failed
po_4635734,REF-450061,2026-02-08T00:00:00Z,119.35,15.12,112.22,USD,Maxwell-Shepherd,failed
po_4810110,REF-741505,2026-01-01T00:00:00Z,23829.78,9.22,23812.36,USD,Esparza-Carroll,failed
po_7701498,REF-228106,2026-02-16T00:00:00Z,6848.719999999999,15.57,6812.28,EUR,Webster and Sons,pending
po_9343182,REF-256708,2026-01-16T00:00:00Z,10910.060000000001,4.54,10876.03,USD,"Matthews, Howard and Brown",pending
po_4429497,REF-904071,2026-04-15T00:00:00Z,20289.99,1.21,20252.58,GBP,Bowers Ltd,pending
po_5519483,REF-950078,2026-04-23T00:00:00Z,17101.7,9.36,17077.93,GBP,Murray Group,failed
po_6074298,REF-504375,2026-03-25T00:00:00Z,11987.69,14.13,11951.02,EUR,"Roberts, Frazier and Smith",settled
po_9764329,REF-403421,2026-02-24T00:00:00Z,11629.54,12.72,11602.6,GBP,Mata Inc,failed
po_4543799,REF-941785,2026-03-22T00:00:00Z,13171.1,8.07,13166.17,GBP,Wright Group,pending
po_9791397,REF-936625,2026-02-13T00:00:00Z,18965.910000000003,13.75,18945.08,GBP,Dickson-Gutierrez,settled
po_2493623,REF-593912,2026-02-22T00:00:00Z,5642.910000000001,1.02,5598.27,EUR,Garcia and Sons,failed
po_4822724,REF-208174,2026-01-19T00:00:00Z,21446.72,5.89,21416.49,EUR,Silva-Green,failed
po_4644018,REF-435948,2026-02-13T00:00:00Z,207.92,3.84,205.39,GBP,Randall-Kerr,settled
po_3852325,REF-804098,2026-02-17T00:00:00Z,18461.54,4.89,18414.13,EUR,Walter Inc,processing
po_8421655,REF-510451,2026-03-26T00:00:00Z,14980.970000000001,17.32,14969.78,USD,Gardner-Hayes,pending
po_8226710,REF-698757,2026-04-23T00:00:00Z,23141.22,15.95,23101.27,EUR,Gardner Inc,settled
po_5142710,REF-908623,2026-04-27T00:00:00Z,2476.84,8.95,2440.77,EUR,"Garcia, Mercado and West",failed
po_6565925,REF-561876,2026-03-10T00:00:00Z,19844.620000000003,7.55,19824.56,GBP,Gray PLC,settled
po_1728065,REF-194970,2026-02-25T00:00:00Z,13600.16,8.66,13569.45,EUR,"Shaw, Baker and Scott",failed
po_5449614,REF-257073,2026-01-07T00:00:00Z,9938.5,6.67,9891.91,GBP,"Fox, Hernandez and Ryan",pending
po_4516117,REF-960092,2026-01-23T00:00:00Z,14898.92,6.9,14881.74,USD,Reynolds-Harris,failed
po_2360024,REF-600107,2026-01-27T00:00:00Z,22630.27,3.2,22620.14,GBP,"Pena, Jones and Sanchez",failed
po_1711440,REF-428214,2026-03-30T00:00:00Z,18222.039999999997,6.75,18182.44,GBP,Mccoy-Mccarthy,failed
po_3807671,REF-670224,2026-04-18T00:00:00Z,5420.780000000001,15.92,5391.06,EUR,Reeves Ltd,processing
po_2520290,REF-997127,2026-01-23T00:00:00Z,2700.84,12.54,2670.55,USD,"Adams, Rodriguez and Walker",settled
po_2367073,REF-473546,2026-01-04T00:00:00Z,15671.75,16.1,15646.17,GBP,Dudley Ltd,processing
po_8089455,REF-254773,2026-03-19T00:00:00Z,13423.390000000001,19.29,13418.29,GBP,Todd-Oconnor,pending
po_9321947,REF-470162,2026-03-14T00:00:00Z,1897.59,11.56,1878.79,USD,Robbins LLC,processing
po_4851254,REF-211376,2026-02-20T00:00:00Z,6436.72,19.9,6390.79,USD,Bauer Inc,failed
po_4859134,REF-215518,2026-01-21T00:00:00Z,8010.94,12.68,7967.07,GBP,Leach-Walker,pending
po_8222168,REF-619382,2026-04-08T00:00:00Z,8158.73,14.06,8130.54,GBP,Jones-Fuentes,settled
po_8083215,REF-674171,2026-04-20T00:00:00Z,15842.1,3.33,15840.81,GBP,Mccoy-Mccarthy,failed
po_5583118,REF-144565,2026-04-17T00:00:00Z,6369.8099999999995,7.19,6347.99,GBP,Lewis-Robinson,failed
po_5400256,REF-813141,2026-03-16T00:00:00Z,787.8599999999999,9.21,770.18,EUR,Price PLC,pending
po_8232296,REF-248540,2026-02-02T00:00:00Z,14307.960000000001,17.11,14298.18,USD,"Salinas, Barnes and Cooper",failed
po_8875446,REF-147077,2026-01-24T00:00:00Z,15179.84,13.77,15130.37,GBP,Hammond Ltd,processing
po_7694402,REF-819723,2026-04-10T00:00:00Z,14594.03,15.59,14571.7,USD,Thompson-Campbell,failed
po_5955190,REF-761993,2026-03-17T00:00:00Z,6773.16,2.2,6769.96,EUR,Hunter-Nicholson,failed
po_1011537,REF-254683,2026-04-01T00:00:00Z,23823.87,15.16,23797.34,USD,Richard LLC,failed
po_2996942,REF-159313,2026-04-18T00:00:00Z,11355.33,8.06,11329.09,USD,Howard-Mcdonald,processing
po_4795355,REF-233038,2026-01-19T00:00:00Z,7258.22,16.06,7221.67,USD,Jenkins-Henderson,failed
po_3535547,REF-928394,2026-04-28T00:00:00Z,7078.68,6.77,7043.91,USD,Murray Group,pending
po_7423431,REF-197233,2026-01-29T00:00:00Z,10699.81,6.9,10691.43,GBP,Rivera-Stanley,processing
po_7996292,REF-327587,2026-04-13T00:00:00Z,13006.42,14.34,12994.97,GBP,Perez-Neal,pending
po_1423495,REF-409778,2026-02-08T00:00:00Z,20620.75,19.71,20603.53,USD,Brady-Ford,failed
po_9930124,REF-594641,2026-03-06T00:00:00Z,13868.92,11.37,13861.62,GBP,"Russell, Scott and Ramsey",processing
po_7231355,REF-756166,2026-01-07T00:00:00Z,2037.86,14.48,1998.78,GBP,Allen and Sons,processing
po_3388012,REF-928744,2026-02-01T00:00:00Z,12062.050000000001,17.48,12032.1,EUR,"Hobbs, Blanchard and Porter",processing
po_4804764,REF-314687,2026-04-29T00:00:00Z,17715.120000000003,5.62,17702.99,EUR,Arellano-Whitaker,failed
po_7111882,REF-196715,2026-01-03T00:00:00Z,4173.79,11.31,4136.58,EUR,"Williams, Oneill and Torres",failed
po_9374197,REF-631196,2026-03-08T00:00:00Z,15712.539999999999,5.13,15681.8,GBP,Wilson and Sons,processing
po_1231191,REF-147223,2026-03-15T00:00:00Z,12901.550000000001,4.93,12886.35,EUR,"Jackson, Romero and Mendez",settled
po_7748076,REF-582168,2026-02-08T00:00:00Z,19945.57,13.77,19943.96,GBP,Moore LLC,processing
po_9065837,REF-289776,2026-01-15T00:00:00Z,4100.52,5.97,4072.3,GBP,"Frey, Mcgee and Bailey",processing
po_7749412,REF-991800,2026-01-25T00:00:00Z,17735.809999999998,19.37,17715.17,USD,"Peterson, Hood and Arroyo",settled
po_2886851,REF-364633,2026-01-25T00:00:00Z,24762.07,13.5,24713.71,USD,Jones-Taylor,processing
po_7312675,REF-507684,2026-01-03T00:00:00Z,24185.989999999998,19.04,24172.62,USD,Peterson LLC,settled
po_5139676,REF-478986,2026-04-28T00:00:00Z,18197.6,15.34,18172.12,GBP,Flynn Group,settled
po_7054562,REF-704190,2026-02-12T00:00:00Z,4895.33,9.08,4855.7,GBP,"Garner, Lawson and Richard",pending
po_4221034,REF-462855,2026-03-15T00:00:00Z,2266.06,12.53,2255.24,EUR,Gonzalez-Pennington,processing
po_7923925,REF-178638,2026-01-12T00:00:00Z,9147.52,10.49,9098.9,USD,King LLC,pending
po_8722037,REF-102658,2026-01-11T00:00:00Z,24856.25,1.35,24820.75,GBP,Green Ltd,settled
po_2982588,REF-576252,2026-02-17T00:00:00Z,5626.9,4.44,5623.69,GBP,Thornton and Sons,pending
po_2737420,REF-481506,2026-01-07T00:00:00Z,7689.740000000001,15.31,7656.18,GBP,Anderson-Parks,failed
po_4449428,REF-107458,2026-02-28T00:00:00Z,15492.75,4.47,15461.11,USD,Rogers Inc,processing
po_8957144,REF-821273,2026-03-11T00:00:00Z,12722.529999999999,7.59,12711.71,EUR,Jones-Fuentes,processing
po_4368270,REF-322862,2026-04-16T00:00:00Z,21561.629999999997,8.52,21553.26,GBP,Bowman LLC,processing
po_6932142,REF-566039,2026-03-07T00:00:00Z,14915.6,16.37,14873.34,EUR,Charles-Butler,pending
po_9794923,REF-769543,2026-04-01T00:00:00Z,22711.38,6.98,22680.43,EUR,Hamilton-Bautista,pending
po_9953630,REF-943820,2026-02-25T00:00:00Z,8355.05,8.66,8335.83,USD,Lane-Hines,pending
po_5610990,REF-876295,2026-02-07T00:00:00Z,6215.95,1.02,6210.67,GBP,Wagner Ltd,processing
po_5888064,REF-941131,2026-01-05T00:00:00Z,21011.11,9.88,20964.81,EUR,"Nelson, Bowers and Cooper",processing
po_1900697,REF-329020,2026-01-31T00:00:00Z,21633.36,15.4,21597.63,GBP,"Bates, Diaz and Lowe",failed
po_8742414,REF-758804,2026-01-22T00:00:00Z,1382.28,13.04,1357.97,USD,Holmes and Sons,pending
po_6727632,REF-376389,2026-01-11T00:00:00Z,21581.6,16.36,21579.48,USD,Gardner-Hayes,failed
po_3683022,REF-861475,2026-01-03T00:00:00Z,10292.5,5.54,10262.11,USD,"Williams, Oneill and Torres",processing
po_5168475,REF-584149,2026-03-03T00:00:00Z,14285.789999999999,18.77,14260.38,USD,Wade PLC,processing
po_9853509,REF-941633,2026-03-21T00:00:00Z,12255.78,11.22,12244.74,USD,Mckinney-Cooper,failed
po_5883075,REF-366658,2026-01-29T00:00:00Z,12863.45,12.78,12819.45,USD,Price PLC,processing
po_8181028,REF-573627,2026-04-20T00:00:00Z,15393.25,10.87,15368.12,USD,Peterson LLC,failed
po_1085209,REF-700347,2026-03-25T00:00:00Z,22264.11,16.67,22221.72,GBP,Roberts Group,pending
po_5125311,REF-973888,2026-01-26T00:00:00Z,3145.3900000000003,19.32,3126.84,EUR,Mcdowell-Watts,failed
po_3740598,REF-773885,2026-03-17T00:00:00Z,24464.59,3.77,24462.33,USD,Rhodes Ltd,failed
po_6049211,REF-182193,2026-01-25T00:00:00Z,161.26,3.36,134.37,EUR,"Hernandez, Wade and Rodriguez",settled
po_5544868,REF-401869,2026-03-08T00:00:00Z,22782.57,7.26,22740.85,EUR,Davis-Mitchell,failed
po_6956512,REF-609628,2026-01-20T00:00:00Z,9427.86,2.87,9384.32,USD,Wilson Group,failed
po_6508711,REF-653508,2026-04-09T00:00:00Z,9186.51,5.97,9144.11,EUR,Gonzalez Inc,processing
po_5283351,REF-681337,2026-03-06T00:00:00Z,412.07,14.53,396.95,GBP,Bowman LLC,settled
po_2040238,REF-921930,2026-02-13T00:00:00Z,719.27,14.52,693.39,EUR,Smith-Ortiz,pending
po_5839523,REF-617115,2026-04-29T00:00:00Z,7555.2300000000005,16.43,7518.13,EUR,Arroyo-Pope,pending
po_8748475,REF-845217,2026-01-07T00:00:00Z,15446.9,18.52,15401.98,USD,Skinner Ltd,settled
po_8556510,REF-542261,2026-04-10T00:00:00Z,4979.13,6.01,4957.01,GBP,"Wilson, Robertson and Gonzalez",settled
po_5635629,REF-812549,2026-01-18T00:00:00Z,19567.47,18.22,19561.41,USD,Randolph and Sons,settled
po_8112913,REF-928695,2026-01-30T00:00:00Z,24060.16,19.17,24010.55,EUR,Edwards-Boyd,pending
po_1502801,REF-156590,2026-03-06T00:00:00Z,17517.030000000002,15.42,17491.4,EUR,Kirk-Henson,settled
po_1775541,REF-594455,2026-03-28T00:00:00Z,11893.529999999999,12.71,11854.39,EUR,Harvey Inc,pending
po_4432773,REF-672859,2026-03-05T00:00:00Z,934.76,4.07,925.27,GBP,Garcia Ltd,failed
po_2053339,REF-327680,2026-03-31T00:00:00Z,17185.579999999998,12.68,17157.16,GBP,Lane-Hines,failed
po_9598383,REF-523814,2026-02-24T00:00:00Z,13040.6,4.53,13005.33,EUR,"Hernandez, Hill and Hull",pending
po_8282887,REF-863290,2026-01-19T00:00:00Z,10909.17,9.4,10888.25,EUR,"Yu, Nguyen and Wood",failed
po_6619686,REF-693995,2026-03-19T00:00:00Z,11117.8,16.4,11104.58,EUR,Jackson LLC,failed
po_5500806,REF-392708,2026-03-19T00:00:00Z,7829.56,12.19,7791.04,USD,Lopez-Stout,processing
po_4116180,REF-980575,2026-01-23T00:00:00Z,24014.71,5.3,23969.45,USD,Murray Group,pending
po_6531488,REF-639682,2026-01-26T00:00:00Z,1371.58,8.32,1354.51,EUR,Cooper Ltd,failed
po_9035909,REF-940058,2026-04-15T00:00:00Z,16606.170000000002,5.96,16573.24,GBP,Brown-Huynh,failed
po_3979157,REF-589571,2026-01-21T00:00:00Z,5393.59,6.54,5390.52,EUR,Orozco Ltd,settled
po_6709813,REF-486566,2026-04-20T00:00:00Z,11111.87,12.92,11090.84,EUR,Cobb Group,pending
po_9220307,REF-294646,2026-01-24T00:00:00Z,1299.22,14.14,1265.31,USD,"Hayes, Luna and Miller",settled
po_7100705,REF-521749,2025-12-31T00:00:00Z,5208.4,12.46,5200.0,GBP,Li-Martinez,failed
po_4616644,REF-727675,2026-03-20T00:00:00Z,14536.47,19.62,14519.96,EUR,Howard-Mcdonald,pending
po_5823461,REF-331552,2026-01-15T00:00:00Z,15714.710000000001,18.78,15697.09,EUR,Johnson-Ruiz,processing
po_7679738,REF-357770,2026-02-05T00:00:00Z,6042.129999999999,4.34,5999.19,USD,Mckinney-Cooper,pending
po_5059319,REF-538849,2026-01-02T00:00:00Z,24222.19,17.94,24201.34,EUR,"Liu, Parsons and Delacruz",settled
po_3983504,REF-884677,2026-04-25T00:00:00Z,2845.63,10.93,2840.55,USD,Morgan-Mckinney,processing
po_9887313,REF-934394,2026-04-12T00:00:00Z,20274.38,12.07,20259.57,USD,"Snow, Rodgers and Miller",failed
po_7916656,REF-411217,2026-03-15T00:00:00Z,8325.65,15.9,8287.91,USD,Fletcher-Pruitt,failed
po_4193733,REF-997784,2026-01-08T00:00:00Z,3603.4900000000002,15.72,3588.55,USD,Wilson Ltd,pending
po_3005179,REF-605407,2026-02-09T00:00:00Z,5117.87,19.83,5096.99,USD,Buckley and Sons,pending
po_4757673,REF-924484,2026-01-12T00:00:00Z,892.5699999999999,18.49,849.3,GBP,Rivera-Stanley,processing
po_1512151,REF-734524,2026-02-17T00:00:00Z,9570.95,2.31,9532.54,USD,Allen-Taylor,settled
po_5823825,REF-496806,2026-04-09T00:00:00Z,22347.23,1.53,22314.69,GBP,"Hobbs, Blanchard and Porter",failed
po_7185276,REF-472184,2026-04-28T00:00:00Z,9659.36,5.96,9658.03,GBP,"Thompson, Cooper and Young",pending
po_2088084,REF-254355,2026-02-23T00:00:00Z,13468.11,9.29,13461.17,GBP,Jimenez-Bradley,settled
po_1821389,REF-103384,2026-04-17T00:00:00Z,24750.140000000003,4.73,24746.74,USD,"Moss, Atkins and Daniels",pending
po_5656184,REF-985007,2026-02-13T00:00:00Z,16711.510000000002,9.82,16677.63,GBP,"Murphy, Jordan and Whitney",processing
po_7548876,REF-787905,2026-03-23T00:00:00Z,2686.9700000000003,11.7,2651.9,EUR,Gardner-Hayes,settled
po_6900644,REF-486290,2026-01-26T00:00:00Z,3756.8799999999997,10.42,3753.68,EUR,Barrera Group,settled
po_5733741,REF-770000,2026-02-22T00:00:00Z,22010.5,12.54,21985.04,GBP,Simmons-Green,failed
po_2346434,REF-346621,2026-03-09T00:00:00Z,16404.74,2.17,16373.77,EUR,"Ramirez, Hernandez and Fox",processing
po_4571659,REF-949195,2026-02-17T00:00:00Z,16051.02,5.66,16019.29,USD,Schneider Ltd,processing
po_1893609,REF-640645,2026-01-16T00:00:00Z,8048.04,13.84,8040.39,EUR,Wilson and Sons,processing
po_3305942,REF-719593,2026-02-20T00:00:00Z,2894.94,2.57,2865.57,GBP,Mata Inc,processing
po_9095273,REF-782646,2026-03-13T00:00:00Z,22683.260000000002,11.69,22643.99,USD,Brown and Sons,processing
po_1531126,REF-416470,2026-01-27T00:00:00Z,22910.84,3.67,22867.84,GBP,Church Inc,processing
po_4346505,REF-720258,2026-02-17T00:00:00Z,12930.59,8.73,12901.34,GBP,Wade PLC,processing
po_1262420,REF-440276,2026-02-09T00:00:00Z,24428.289999999997,17.3,24412.6,GBP,Wilson Group,processing
po_4592469,REF-101464,2026-01-14T00:00:00Z,8784.48,15.49,8736.47,GBP,Schneider Ltd,pending
po_2552036,REF-764965,2026-04-23T00:00:00Z,5316.84,16.91,5273.18,EUR,"Ward, Garcia and Henry",failed
po_7532816,REF-439040,2026-04-26T00:00:00Z,9655.630000000001,14.22,9624.1,EUR,Charles-Butler,pending
po_1849537,REF-798779,2026-01-31T00:00:00Z,145.49,16.13,124.05,USD,Crawford Ltd,pending
po_3775922,REF-510185,2026-01-13T00:00:00Z,1325.76,3.03,1310.5,GBP,Robinson Group,failed
po_8293903,REF-365387,2026-02-24T00:00:00Z,12897.23,14.89,12877.02,GBP,"Johnson, Phillips and Brown",settled
po_1998990,REF-552035,2026-02-11T00:00:00Z,24549.070000000003,4.38,24513.58,GBP,Smith and Sons,failed
po_1114753,REF-818876,2026-03-23T00:00:00Z,2201.77,5.11,2163.97,GBP,"Miller, Anderson and Padilla",failed
po_2813157,REF-226874,2026-03-15T00:00:00Z,22557.54,17.91,22534.48,GBP,Mitchell-Jones,pending
po_5148887,REF-645859,2026-03-06T00:00:00Z,17586.92,9.68,17553.48,EUR,"Ward, Garcia and Henry",failed
po_2595567,REF-770317,2026-03-29T00:00:00Z,22836.51,2.17,22830.69,EUR,Jackson LLC,failed
po_7619216,REF-279123,2026-04-08T00:00:00Z,2590.5,8.47,2580.97,EUR,Shaw-Decker,settled
po_6216653,REF-975595,2026-01-31T00:00:00Z,314.31,12.76,275.44,USD,Davis PLC,pending
po_8529972,REF-592585,2026-04-26T00:00:00Z,16036.66,4.39,16003.8,EUR,Spears-Beck,failed
po_3308027,REF-929819,2026-04-22T00:00:00Z,553.98,4.47,536.09,USD,Hamilton-Bautista,failed
po_4683109,REF-803502,2026-03-16T00:00:00Z,10964.0,2.96,10935.78,GBP,"Bryant, Harrison and Carter",pending
po_5600265,REF-756994,2026-03-26T00:00:00Z,22708.05,17.65,22698.2,GBP,King-George,failed
po_4207286,REF-744031,2026-03-07T00:00:00Z,19354.11,6.94,19337.49,USD,Rose-Gonzales,processing
po_4318864,REF-602777,2026-03-04T00:00:00Z,235.07,9.67,195.74,EUR,"Malone, Bell and Bryant",processing
po_3874187,REF-112042,2026-03-10T00:00:00Z,3161.9900000000002,8.04,3153.01,USD,Lane-Hines,failed
po_1434692,REF-443310,2026-04-05T00:00:00Z,20463.100000000002,10.46,20432.86,USD,Thomas PLC,failed
po_3359997,REF-893048,2026-02-20T00:00:00Z,24446.370000000003,3.55,24433.74,EUR,Nguyen-Roberts,processing
po_6927470,REF-966185,2026-04-23T00:00:00Z,21759.949999999997,6.84,21712.67,USD,Mullins-Cabrera,processing
po_6130694,REF-269063,2026-04-25T00:00:00Z,21966.93,19.13,21936.22,USD,"Chavez, Davis and Walton",pending
po_9934658,REF-269841,2026-02-20T00:00:00Z,22449.88,16.22,22444.2,GBP,"Ward, Garcia and Henry",pending
po_3260158,REF-139252,2026-03-27T00:00:00Z,13716.230000000001,19.48,13689.86,EUR,Leach-Walker,settled
po_5699370,REF-896381,2026-01-23T00:00:00Z,13345.85,6.92,13335.65,GBP,King-George,processing
po_2854303,REF-531340,2026-01-05T00:00:00Z,7697.76,5.45,7687.0,USD,Hawkins-Saunders,failed
po_3189038,REF-595303,2026-04-02T00:00:00Z,14324.53,10.29,14291.34,USD,Gordon-Roberts,settled
po_2409698,REF-599249,2026-02-23T00:00:00Z,17917.1,11.9,17889.98,EUR,Randolph and Sons,processing
po_8654520,REF-140721,2026-01-28T00:00:00Z,1108.54,5.24,1066.95,GBP,Moore LLC,settled
po_9556359,REF-426839,2026-04-09T00:00:00Z,12495.55,4.66,12478.31,GBP,"Graham, Garrett and Caldwell",settled
po_5222196,REF-479266,2026-01-04T00:00:00Z,5982.21,8.8,5979.69,EUR,"Cox, Fernandez and Baker",failed
po_6646803,REF-178332,2026-03-22T00:00:00Z,273.65,13.8,235.62,USD,"Williams, Oneill and Torres",failed
po_2775920,REF-590716,2026-02-27T00:00:00Z,11306.49,1.59,11268.14,GBP,"Howard, Russo and Smith",settled
po_8442257,REF-906384,2026-01-02T00:00:00Z,17005.420000000002,10.34,16986.43,USD,Jones-Graham,settled
po_6043550,REF-548290,2026-03-11T00:00:00Z,2433.4500000000003,19.26,2392.09,USD,Todd-Oconnor,settled
po_4760258,REF-626469,2026-01-15T00:00:00Z,11803.23,1.55,11763.72,USD,"Johnson, Harrison and Thomas",pending
po_5375197,REF-606341,2026-03-19T00:00:00Z,16533.8,5.32,16493.69,GBP,Coffey-Howell,settled
po_2766340,REF-718543,2026-04-29T00:00:00Z,15664.11,13.92,15617.58,GBP,Colon Group,settled
po_8779870,REF-359481,2026-01-17T00:00:00Z,19219.890000000003,2.53,19200.9,EUR,Brown and Sons,processing
po_4522962,REF-864241,2026-01-25T00:00:00Z,6818.5199999999995,6.99,6798.9,EUR,Arellano-Whitaker,pending
po_4420921,REF-169689,2026-03-22T00:00:00Z,20548.53,1.63,20544.94,EUR,Gallegos-Stewart,pending
po_8120587,REF-559002,2026-04-10T00:00:00Z,6644.72,16.82,6637.84,GBP,"Nguyen, Williams and Smith",settled
po_6277836,REF-740794,2026-04-01T00:00:00Z,16721.45,15.5,16710.18,GBP,"Roberts, Frazier and Smith",failed
po_3240872,REF-659790,2026-01-07T00:00:00Z,10062.42,11.55,10051.87,USD,Shaw-Stuart,pending
po_8567612,REF-776163,2026-04-22T00:00:00Z,17389.88,7.85,17349.27,GBP,"Rogers, Anderson and Campos",failed
po_6135826,REF-612393,2026-03-04T00:00:00Z,4563.26,16.33,4541.33,GBP,Davis PLC,settled
po_8761761,REF-412110,2026-02-18T00:00:00Z,14248.380000000001,15.92,14218.29,GBP,Ramsey-Caldwell,failed
po_4323826,REF-205566,2026-03-15T00:00:00Z,16369.84,1.83,16339.29,EUR,Holmes and Sons,processing
po_7614280,REF-132591,2026-02-28T00:00:00Z,3593.77,5.13,3554.85,GBP,Kim Group,failed
po_3605402,REF-358500,2026-02-07T00:00:00Z,18778.85,5.61,18744.25,GBP,Austin-Bonilla,settled
po_9507289,REF-861170,2026-02-22T00:00:00Z,14842.39,4.29,14798.47,EUR,Richards-Johnson,pending
po_7612543,REF-864776,2026-02-25T00:00:00Z,17791.28,18.37,17748.02,EUR,"Dorsey, Patterson and Harrison",processing
po_7337981,REF-798681,2026-04-08T00:00:00Z,10243.5,2.51,10231.16,EUR,"Savage, Garcia and Robinson",settled
po_8421458,REF-853358,2026-03-09T00:00:00Z,227.79000000000002,18.1,188.58,USD,Reeves Ltd,processing
po_9724649,REF-833176,2026-02-09T00:00:00Z,4632.66,12.55,4584.45,GBP,Kirk-Morales,pending
po_7419930,REF-101483,2026-02-17T00:00:00Z,3062.94,18.6,3014.35,USD,Elliott-Wallace,failed
po_1868046,REF-216810,2026-01-31T00:00:00Z,1754.7099999999998,4.98,1730.37,EUR,Moore LLC,pending
po_1449635,REF-388523,2026-01-24T00:00:00Z,2685.37,8.83,2658.62,USD,Moore LLC,settled
po_6824539,REF-787036,2026-03-12T00:00:00Z,11824.74,12.33,11814.92,USD,Peters-Ward,failed
po_8473910,REF-443778,2026-04-14T00:00:00Z,3346.53,1.56,3306.84,USD,"Howard, Lynch and Morris",pending
po_1789860,REF-170294,2026-04-30T00:00:00Z,19887.02,12.88,19864.28,USD,"Molina, Wells and Bright",processing
po_3952379,REF-815938,2026-02-12T00:00:00Z,12949.13,8.43,12903.97,EUR,"Martinez, Joseph and Simmons",failed
po_5536395,REF-209454,2026-02-12T00:00:00Z,11185.2,7.16,11146.69,GBP,Fitzgerald-Watson,settled
po_8142813,REF-504819,2026-03-03T00:00:00Z,22708.379999999997,18.51,22668.96,USD,Kelly-Murphy,processing
po_2443563,REF-828735,2026-03-27T00:00:00Z,11058.130000000001,13.27,11054.45,GBP,Walters LLC,processing
po_3686160,REF-569341,2026-03-05T00:00:00Z,24473.63,5.04,24458.97,EUR,Anderson LLC,settled
po_7525972,REF-371245,2026-01-18T00:00:00Z,8943.32,16.23,8925.44,GBP,Pena Inc,processing
po_3365308,REF-152611,2026-04-06T00:00:00Z,24662.96,17.93,24644.11,GBP,"Cox, Fernandez and Baker",pending
po_4047223,REF-918338,2026-03-11T00:00:00Z,21337.24,8.38,21319.56,USD,Thornton and Sons,settled
po_2227669,REF-663811,2026-04-13T00:00:00Z,21930.9,19.54,21889.66,EUR,Randolph and Sons,processing
po_9360674,REF-867847,2026-02-24T00:00:00Z,3187.38,9.1,3147.12,GBP,"Fox, Hernandez and Ryan",settled
po_5759893,REF-566762,2026-01-31T00:00:00Z,2516.0,11.64,2505.35,EUR,"Johnson, Meyer and Hanna",settled
po_7285689,REF-295515,2026-02-24T00:00:00Z,6019.91,9.31,5978.08,GBP,Farrell-Willis,settled
po_3904487,REF-170326,2026-02-08T00:00:00Z,19035.31,14.47,19013.82,GBP,Cooper PLC,pending
po_3062316,REF-713659,2026-03-14T00:00:00Z,3441.79,19.43,3430.42,GBP,Jones Group,settled
po_7552975,REF-575402,2026-02-22T00:00:00Z,23704.53,7.0,23703.18,EUR,Flynn Group,pending
po_8949617,REF-561552,2026-02-16T00:00:00Z,10097.95,8.31,10061.69,GBP,Newman-Thomas,failed
po_2184633,REF-624428,2026-01-01T00:00:00Z,1220.61,2.18,1195.55,EUR,Kennedy-Marks,processing
po_9996106,REF-876366,2026-02-07T00:00:00Z,24925.7,13.91,24901.8,EUR,Smith-Ortiz,processing
po_5146853,REF-420119,2026-01-17T00:00:00Z,895.38,2.69,891.66,EUR,Webster and Sons,pending
po_3238579,REF-217480,2026-01-13T00:00:00Z,6099.45,7.75,6064.32,USD,Rose-Gonzales,processing
po_9416644,REF-365238,2026-04-29T00:00:00Z,6953.45,18.58,6930.09,EUR,Farrell-Willis,pending
po_5199941,REF-359462,2026-04-22T00:00:00Z,23886.48,13.41,23882.13,GBP,"Gray, Williams and Weaver",pending
po_8894132,REF-744588,2026-03-17T00:00:00Z,22622.969999999998,19.03,22601.35,GBP,Phillips-Wyatt,pending
po_9295548,REF-222602,2026-04-17T00:00:00Z,3497.12,12.53,3456.27,GBP,Howard-Mcdonald,settled
po_2262175,REF-109466,2026-04-17T00:00:00Z,21434.17,13.04,21405.14,GBP,"Hernandez, Wade and Rodriguez",failed
po_6919121,REF-822078,2026-02-22T00:00:00Z,4311.55,3.96,4308.76,EUR,Arellano-Whitaker,pending
po_2028247,REF-389947,2026-01-11T00:00:00Z,3235.38,6.38,3227.46,USD,Murray Group,failed
po_1410093,REF-896883,2026-01-01T00:00:00Z,1263.37,6.13,1255.52,EUR,Shaw-Stuart,failed
po_8964398,REF-607737,2026-02-28T00:00:00Z,2205.67,5.19,2173.82,GBP,Green Ltd,processing
po_7536971,REF-565371,2026-01-16T00:00:00Z,11055.789999999999,3.01,11034.88,USD,Robinson and Sons,pending
po_5186937,REF-153481,2026-03-31T00:00:00Z,15219.13,9.3,15190.23,USD,Jacobs PLC,processing
po_4708558,REF-298121,2026-03-01T00:00:00Z,12641.609999999999,3.13,12618.56,EUR,Hays-Dalton,settled
po_8070294,REF-925766,2026-03-30T00:00:00Z,8729.35,4.55,8682.27,USD,"George, Lewis and Mitchell",pending
po_5867093,REF-193158,2026-03-17T00:00:00Z,21426.26,16.65,21412.96,GBP,"Martinez, Joseph and Simmons",processing
po_3637555,REF-159112,2026-03-21T00:00:00Z,3728.8,1.89,3705.17,GBP,Buckley and Sons,processing
po_3357377,REF-328903,2026-03-18T00:00:00Z,16742.399999999998,14.89,16724.64,USD,Nguyen-White,processing
po_5853563,REF-487633,2026-02-20T00:00:00Z,23311.829999999998,9.0,23297.39,EUR,"Rodriguez, Sutton and Santiago",pending
po_6244702,REF-654027,2026-04-19T00:00:00Z,20530.89,6.96,20505.63,EUR,"Howard, Russo and Smith",settled
po_4836380,REF-696515,2026-02-19T00:00:00Z,2763.49,9.51,2727.93,GBP,Cooper PLC,failed
po_6924480,REF-246456,2026-03-22T00:00:00Z,18450.19,12.17,18425.67,GBP,"Rollins, Charles and Black",failed
po_1775752,REF-515759,2026-03-03T00:00:00Z,11370.359999999999,5.19,11342.65,USD,Nguyen-Roberts,processing
po_2458765,REF-769383,2026-02-15T00:00:00Z,3104.5499999999997,13.8,3068.45,GBP,Walters PLC,failed
po_5933474,REF-553527,2026-04-13T00:00:00Z,13973.69,8.65,13935.87,USD,Jones-Turner,settled
po_4529282,REF-551875,2026-02-20T00:00:00Z,12683.23,10.61,12656.85,EUR,Wilson Ltd,failed
po_4535213,REF-450431,2026-01-23T00:00:00Z,13286.75,15.78,13246.2,EUR,Gomez-Cardenas,failed
po_8843765,REF-968125,2026-04-01T00:00:00Z,12218.5,15.84,12208.84,GBP,Wilson Ltd,pending
po_9610099,REF-210472,2026-02-19T00:00:00Z,21904.480000000003,10.54,21884.08,EUR,"Payne, Wall and Hernandez",processing
po_7997574,REF-362752,2026-02-03T00:00:00Z,23607.8,5.36,23567.6,GBP,Silva-Green,failed
po_4414013,REF-359600,2026-03-10T00:00:00Z,17417.9,10.38,17392.7,USD,Cobb Group,pending
po_5034253,REF-938649,2026-01-20T00:00:00Z,2328.62,7.91,2299.2,GBP,Mata Inc,pending
po_8154596,REF-169801,2026-03-27T00:00:00Z,6102.8,1.66,6078.09,EUR,Hunt PLC,settled
po_2328461,REF-910846,2026-03-25T00:00:00Z,15167.380000000001,8.15,15119.77,USD,"Evans, Conway and Hall",failed
po_5776107,REF-423912,2026-04-18T00:00:00Z,20561.420000000002,6.78,20525.2,USD,Bowman LLC,settled
po_9718692,REF-111319,2026-02-26T00:00:00Z,22451.75,17.52,22450.28,GBP,Mccoy Ltd,pending
po_3329220,REF-498919,2026-01-14T00:00:00Z,4523.04,15.33,4488.56,USD,Schneider Ltd,pending
po_3809601,REF-271993,2026-04-23T00:00:00Z,4070.0699999999997,10.39,4025.43,USD,Allen Group,settled
po_4011818,REF-942221,2026-01-14T00:00:00Z,10053.93,7.33,10037.26,GBP,Anderson Inc,processing
po_1200078,REF-279428,2026-01-21T00:00:00Z,10840.640000000001,4.75,10821.95,USD,"Johnson, Harrison and Thomas",failed
po_4903804,REF-934001,2026-02-10T00:00:00Z,16666.27,10.58,16626.97,USD,Howe and Sons,processing
po_6401100,REF-861346,2026-03-24T00:00:00Z,1278.6,18.02,1261.54,USD,Walters LLC,settled
po_3644930,REF-860305,2026-01-31T00:00:00Z,11064.7,4.67,11060.6,EUR,Fletcher-Pruitt,settled
po_8962779,REF-747968,2026-01-09T00:00:00Z,21289.85,14.66,21249.55,GBP,"Savage, Garcia and Robinson",processing
po_1939699,REF-556791,2026-03-13T00:00:00Z,6829.07,13.54,6806.13,EUR,Rhodes Ltd,settled
po_9386050,REF-789589,2026-03-10T00:00:00Z,13627.03,8.64,13587.04,USD,Zimmerman Group,processing
po_9106263,REF-691915,2026-02-03T00:00:00Z,14665.8,9.87,14622.17,EUR,Allen and Sons,settled
po_4180902,REF-838164,2026-02-01T00:00:00Z,16682.08,2.13,16645.38,GBP,Dickson-Padilla,failed
po_4606435,REF-597341,2026-03-12T00:00:00Z,13346.38,7.45,13314.58,GBP,Randall-Kerr,processing
po_7444535,REF-955194,2026-04-24T00:00:00Z,4121.160000000001,6.43,4106.14,EUR,"Savage, Garcia and Robinson",pending
po_7799154,REF-895655,2026-04-02T00:00:00Z,14657.91,19.45,14648.77,USD,Mccoy Ltd,processing
po_5392329,REF-509394,2026-04-30T00:00:00Z,20800.01,3.53,20765.14,EUR,"Malone, Bell and Bryant",failed
po_8706951,REF-535790,2026-01-22T00:00:00Z,6406.84,6.24,6404.26,GBP,"Curtis, Turner and Soto",failed
po_6577582,REF-384054,2026-01-26T00:00:00Z,18535.829999999998,6.49,18511.41,GBP,Wong PLC,settled
po_9239612,REF-349180,2026-02-17T00:00:00Z,4543.74,4.3,4511.3,GBP,Mcclain-Jensen,failed
po_7042039,REF-281958,2026-02-25T00:00:00Z,4484.13,1.04,4471.38,GBP,Colon Group,processing
po_5363341,REF-654730,2026-04-12T00:00:00Z,6562.63,4.73,6545.74,GBP,"Howard, Lynch and Morris",settled
po_2191374,REF-350202,2026-04-25T00:00:00Z,3575.46,13.01,3529.34,EUR,Mcclain-Jensen,settled
po_9705239,REF-723832,2026-04-13T00:00:00Z,2923.67,12.36,2877.94,USD,"Lewis, Joyce and Robertson",settled
po_7967827,REF-466997,2026-01-10T00:00:00Z,10636.06,18.29,10632.9,EUR,Robinson and Sons,settled
po_5433773,REF-927538,2026-02-22T00:00:00Z,4184.9400000000005,12.72,4147.31,GBP,Morris Inc,failed
po_5796901,REF-499220,2026-04-07T00:00:00Z,21270.56,16.92,21265.41,GBP,Spears-Beck,pending
po_5584551,REF-358674,2026-01-21T00:00:00Z,16073.31,7.15,16049.92,USD,Rogers Inc,processing
po_7542320,REF-721840,2026-01-21T00:00:00Z,22410.13,1.3,22387.39,EUR,"Ward, Garcia and Henry",failed
po_8275450,REF-385835,2026-03-18T00:00:00Z,1070.3799999999999,17.62,1033.02,GBP,Hunt PLC,failed
po_3875835,REF-115810,2026-04-01T00:00:00Z,15489.1,2.68,15483.83,EUR,"Nguyen, Williams and Smith",failed
po_2021485,REF-787236,2026-04-17T00:00:00Z,16616.140000000003,19.67,16590.56,EUR,Todd-Oconnor,pending
po_7082101,REF-356032,2026-03-23T00:00:00Z,6067.96,7.13,6029.06,USD,Jones-Graham,pending
po_2380613,REF-886339,2026-04-03T00:00:00Z,14047.59,16.3,14014.27,GBP,"Howell, Hart and Swanson",pending
po_5274755,REF-387048,2026-03-20T00:00:00Z,14769.24,12.11,14734.99,GBP,Bryant LLC,settled
po_6366676,REF-558916,2026-01-04T00:00:00Z,16651.74,7.08,16627.72,EUR,Allen Inc,failed
po_1365165,REF-839699,2026-02-17T00:00:00Z,16915.26,10.71,16900.98,GBP,"Berry, Rios and Marshall",pending
po_4666023,REF-652819,2026-01-08T00:00:00Z,5167.110000000001,1.78,5132.22,EUR,"Hernandez, Greer and Jackson",settled
po_5190965,REF-312160,2026-01-31T00:00:00Z,12058.609999999999,16.28,12037.05,EUR,Gordon-Roberts,processing
po_9145722,REF-333327,2026-01-11T00:00:00Z,16969.18,14.74,16932.66,GBP,Mullins-Cabrera,processing
po_4490119,REF-536247,2026-04-19T00:00:00Z,19596.739999999998,19.29,19583.48,EUR,"Johnson, Meyer and Hanna",settled
po_4223585,REF-152976,2026-01-13T00:00:00Z,5105.88,4.58,5071.01,GBP,Anderson Inc,settled
po_1238332,REF-452700,2026-02-09T00:00:00Z,7820.26,6.35,7800.37,GBP,Lawrence-Lee,settled
po_5277779,REF-631675,2026-04-14T00:00:00Z,18698.47,9.61,18665.09,EUR,Wong PLC,processing
po_9510197,REF-443085,2026-03-13T00:00:00Z,14620.109999999999,9.63,14588.73,USD,"Moss, Atkins and Daniels",settled
po_7444012,REF-188743,2026-03-18T00:00:00Z,13471.16,7.34,13436.9,GBP,Walters LLC,settled
po_3850029,REF-553570,2026-02-07T00:00:00Z,7872.1900000000005,3.97,7856.34,EUR,Bowman LLC,processing
po_7304047,REF-172484,2026-04-10T00:00:00Z,8295.710000000001,1.83,8272.59,EUR,"Garza, Barker and Maddox",pending
po_9309537,REF-234401,2026-04-05T00:00:00Z,18988.11,14.32,18975.29,EUR,Mckinney-Cooper,processing
po_6429336,REF-412551,2026-03-25T00:00:00Z,2710.81,10.27,2668.5,USD,Mann Group,failed
po_6830521,REF-820650,2026-03-03T00:00:00Z,21751.94,9.89,21733.37,GBP,Smith-Gaines,failed
po_7833899,REF-686864,2026-02-22T00:00:00Z,16973.96,7.49,16941.64,USD,Dickson-Gutierrez,failed
po_7625767,REF-715527,2026-01-26T00:00:00Z,2967.0,2.28,2936.26,USD,Jones Group,pending
po_9513896,REF-986743,2026-02-26T00:00:00Z,16071.7,19.82,16039.95,EUR,"George, Lewis and Mitchell",pending
po_8079251,REF-618689,2026-01-20T00:00:00Z,23257.88,5.47,23244.61,USD,Pierce Inc,settled
po_9794036,REF-611555,2026-01-14T00:00:00Z,10167.810000000001,7.57,10149.03,GBP,Price PLC,processing
po_3788395,REF-465216,2026-01-24T00:00:00Z,4403.62,10.9,4365.07,USD,"Howard, Russo and Smith",settled
po_6110440,REF-996684,2026-01-27T00:00:00Z,22043.2,19.75,21999.82,GBP,Hamilton-Bautista,pending
po_8201913,REF-458131,2026-04-10T00:00:00Z,3247.93,13.78,3204.94,GBP,Nguyen-Roberts,failed
po_8828798,REF-451106,2026-03-12T00:00:00Z,24190.16,12.46,24165.42,GBP,Smith and Sons,pending
po_9647339,REF-855018,2026-03-24T00:00:00Z,9653.529999999999,1.19,9638.82,USD,"Ball, Henderson and Caldwell",pending
po_2806165,REF-796276,2026-03-26T00:00:00Z,15320.84,3.95,15287.49,GBP,Anderson-Parks,failed
po_2033269,REF-573566,2026-02-22T00:00:00Z,21162.82,2.27,21139.47,EUR,Harvey Inc,processing
po_2238779,REF-668129,2026-04-11T00:00:00Z,21251.22,6.25,21234.15,GBP,"Garcia, Mercado and West",processing
po_3246094,REF-861142,2026-02-20T00:00:00Z,6759.91,16.29,6724.46,USD,Brown and Sons,processing
po_6366022,REF-954175,2026-03-26T00:00:00Z,16445.75,16.84,16422.31,GBP,Randall-Kerr,processing
po_7165694,REF-985250,2026-03-09T00:00:00Z,18082.82,14.68,18052.7,USD,Morris Inc,processing
po_7963691,REF-893554,2026-04-29T00:00:00Z,23673.35,11.68,23653.59,GBP,"Snow, Rodgers and Miller",failed
po_2118896,REF-143608,2026-03-09T00:00:00Z,891.32,15.41,882.58,GBP,Skinner Ltd,processing
po_9103615,REF-118299,2026-01-20T00:00:00Z,10730.59,13.17,10729.54,USD,Fletcher-Pruitt,settled
po_5215402,REF-527859,2026-03-16T00:00:00Z,12308.89,1.11,12272.33,EUR,Maxwell-Shepherd,failed
po_6545135,REF-882514,2026-03-04T00:00:00Z,22370.68,2.8,22359.28,GBP,"Bryant, Harrison and Carter",pending
po_7477773,REF-633086,2026-04-09T00:00:00Z,3223.29,6.99,3216.3,EUR,Garcia and Sons,processing
po_6184666,REF-158296,2026-03-26T00:00:00Z,1082.8,6.38,1046.11,USD,Gomez-Cardenas,processing
po_2832248,REF-733741,2026-03-11T00:00:00Z,20522.38,1.25,20511.52,GBP,King LLC,failed
po_1241600,REF-760874,2026-02-14T00:00:00Z,16406.59,4.15,16377.28,GBP,Bryant LLC,failed
po_8217658,REF-816430,2026-04-03T00:00:00Z,7857.78,13.02,7855.0,EUR,Hamilton-Bautista,pending
po_5868690,REF-971836,2026-04-09T00:00:00Z,22443.2,13.4,22409.41,USD,Juarez-Jones,settled
po_9553014,REF-314463,2026-03-26T00:00:00Z,10210.67,1.08,10201.49,USD,Richards-Johnson,settled
po_7811410,REF-333268,2026-01-15T00:00:00Z,14034.300000000001,10.37,13992.03,GBP,"Martinez, Joseph and Simmons",pending
po_4996787,REF-263667,2026-04-27T00:00:00Z,19121.2,1.25,19086.9,USD,"Pena, Jones and Sanchez",processing
po_2076163,REF-774662,2026-03-17T00:00:00Z,12243.140000000001,8.69,12232.86,EUR,Anderson Inc,processing
po_6421371,REF-339997,2026-02-09T00:00:00Z,17465.73,8.97,17457.89,USD,Newman-Thomas,settled
po_8054145,REF-871556,2026-02-09T00:00:00Z,23733.5,1.7,23708.27,USD,Reynolds-Harris,failed
po_3977577,REF-671050,2026-03-18T00:00:00Z,18817.1,7.08,18778.89,GBP,"Garza, Barker and Maddox",processing
po_3322079,REF-821578,2026-01-25T00:00:00Z,18684.859999999997,7.1,18670.19,EUR,"Bell, Pollard and Berry",settled
po_8784414,REF-656233,2026-04-19T00:00:00Z,21598.14,3.09,21592.8,EUR,Allen Ltd,processing
po_5682675,REF-538269,2026-03-02T00:00:00Z,14534.65,15.39,14510.64,EUR,Davis Group,pending
po_9563572,REF-740375,2026-04-11T00:00:00Z,14318.6,1.02,14280.67,USD,Phillips-Wyatt,processing
po_2435092,REF-626175,2026-04-26T00:00:00Z,17151.75,1.07,17137.95,EUR,Smith-Abbott,pending
po_7044654,REF-552033,2026-01-19T00:00:00Z,746.76,9.11,724.05,USD,Banks-Savage,processing
po_6000554,REF-649987,2026-01-07T00:00:00Z,4910.08,1.96,4887.61,GBP,Johnson-Ruiz,pending
po_5095100,REF-645957,2026-01-22T00:00:00Z,21281.49,11.53,21279.68,GBP,Robinson and Sons,processing
po_9382060,REF-906866,2026-03-06T00:00:00Z,3978.27,2.53,3963.49,EUR,Contreras LLC,settled
po_8239919,REF-812834,2026-04-19T00:00:00Z,6381.59,15.28,6371.82,GBP,Mann Group,pending
po_2274272,REF-886568,2026-02-06T00:00:00Z,20969.65,2.98,20931.22,EUR,Gonzalez-Pennington,settled
po_8418843,REF-145885,2026-04-05T00:00:00Z,2031.81,13.54,2017.98,EUR,Kirk-Henson,pending
po_6359473,REF-960511,2026-04-24T00:00:00Z,22776.98,17.6,22727.63,GBP,Wagner Ltd,pending
po_8732870,REF-286331,2026-01-07T00:00:00Z,22736.45,2.29,22731.71,EUR,Mitchell-Byrd,settled
po_5237614,REF-355729,2026-01-21T00:00:00Z,15450.71,5.45,15423.21,EUR,"Murphy, Jordan and Whitney",pending
po_3627549,REF-702837,2026-02-27T00:00:00Z,12504.19,15.88,12502.91,USD,Howard LLC,settled
po_1763145,REF-216038,2026-01-17T00:00:00Z,1255.48,15.43,1212.78,GBP,Beard-Cooper,processing
po_9159497,REF-729968,2026-01-29T00:00:00Z,6995.25,8.55,6981.97,GBP,Cooper Ltd,pending
po_3589728,REF-149569,2026-02-06T00:00:00Z,14082.13,11.68,14039.82,GBP,"Molina, Wells and Bright",failed
po_9646009,REF-771681,2026-02-21T00:00:00Z,4813.8099999999995,1.39,4797.16,USD,Pena Inc,settled
po_2757793,REF-210947,2026-03-25T00:00:00Z,23439.32,1.99,23435.41,GBP,Garcia and Sons,failed
po_7618353,REF-825420,2026-01-13T00:00:00Z,14347.26,17.9,14320.39,USD,"George, Lewis and Mitchell",failed
po_5902041,REF-408041,2026-03-02T00:00:00Z,8298.32,16.1,8255.61,EUR,Ingram PLC,failed
po_1079643,REF-557552,2026-01-24T00:00:00Z,13985.26,12.04,13969.26,GBP,Joseph Group,failed
po_2655024,REF-562586,2026-03-02T00:00:00Z,3461.83,8.61,3439.89,GBP,Harvey Inc,settled
po_7004501,REF-360564,2026-01-08T00:00:00Z,6571.86,7.97,6559.08,GBP,Griffin Inc,processing
po_8638619,REF-590721,2026-04-17T00:00:00Z,4774.389999999999,6.17,4725.45,GBP,Walters LLC,processing
po_6643721,REF-717048,2026-04-07T00:00:00Z,21438.109999999997,18.97,21408.94,USD,Jones-Graham,pending
po_1858631,REF-820547,2026-04-08T00:00:00Z,19526.82,15.17,19500.39,USD,Walters PLC,failed
po_8615569,REF-770173,2026-03-20T00:00:00Z,24200.530000000002,13.87,24160.24,EUR,Fitzgerald-Watson,processing
po_8537227,REF-342849,2026-01-23T00:00:00Z,9742.179999999998,3.1,9695.46,GBP,Jacobs PLC,pending
po_7783608,REF-250544,2026-03-11T00:00:00Z,17365.89,11.07,17363.62,GBP,Smith and Sons,settled
po_3080016,REF-485781,2026-04-22T00:00:00Z,16969.7,8.0,16942.75,GBP,Charles-Butler,processing
po_5558849,REF-752480,2026-04-06T00:00:00Z,12341.69,9.45,12338.92,USD,Perez-Neal,processing
po_6125508,REF-543347,2026-04-03T00:00:00Z,19369.82,18.55,19361.28,USD,Flynn-Matthews,failed
po_5628150,REF-493041,2026-04-24T00:00:00Z,14426.51,18.85,14403.69,GBP,Schneider Ltd,processing
po_8216959,REF-162744,2026-04-26T00:00:00Z,23904.84,10.42,23869.87,EUR,Smith and Sons,settled
po_1784190,REF-403537,2026-03-01T00:00:00Z,17890.4,4.82,17875.02,USD,Kelly-Murphy,settled
po_1155534,REF-603627,2026-01-18T00:00:00Z,21193.0,16.14,21171.89,EUR,"Howell, Hart and Swanson",failed
po_8355184,REF-408396,2026-03-29T00:00:00Z,3955.87,15.03,3953.17,GBP,"Murphy, Jordan and Whitney",failed
po_7441613,REF-434042,2026-01-08T00:00:00Z,9962.300000000001,19.79,9921.76,USD,"Edwards, Anderson and Taylor",pending
po_1495124,REF-827402,2026-02-19T00:00:00Z,17094.66,17.55,17059.28,EUR,Holmes and Sons,processing
po_3999094,REF-953478,2026-04-14T00:00:00Z,3903.96,12.92,3889.35,GBP,Nguyen-White,settled
po_2137192,REF-334528,2026-02-11T00:00:00Z,24459.22,19.37,24446.47,EUR,Mann Group,settled
po_3237797,REF-913450,2026-02-17T00:00:00Z,5649.2,6.99,5628.17,USD,Orozco Ltd,settled
po_6765873,REF-264038,2026-02-15T00:00:00Z,16694.7,12.15,16648.21,EUR,"Garza, Barker and Maddox",processing
po_9096157,REF-518557,2026-04-21T00:00:00Z,14084.099999999999,19.08,14043.88,GBP,Contreras LLC,processing
po_6607460,REF-646289,2026-03-01T00:00:00Z,1938.99,1.38,1912.02,GBP,Walters PLC,settled
po_6626848,REF-381903,2026-01-25T00:00:00Z,10605.34,16.44,10592.18,USD,Reynolds-Harris,pending
po_9979905,REF-809369,2026-04-04T00:00:00Z,22590.469999999998,15.71,22576.12,EUR,Reynolds LLC,failed
po_6429619,REF-242354,2026-04-13T00:00:00Z,13882.47,16.32,13856.24,GBP,Barrera Group,settled
po_7319220,REF-327153,2026-01-24T00:00:00Z,13723.06,14.49,13673.99,EUR,"Johnson, Harrison and Thomas",failed
po_2259739,REF-293334,2026-03-22T00:00:00Z,20272.59,19.16,20263.71,GBP,"Bates, Diaz and Lowe",failed
po_5487505,REF-220326,2026-03-05T00:00:00Z,20772.23,16.65,20740.76,EUR,"Dorsey, Patterson and Harrison",failed
po_9312041,REF-706837,2025-12-31T00:00:00Z,15016.55,17.56,14980.49,USD,"Collins, Gardner and Shaw",processing
po_5877165,REF-123802,2026-01-27T00:00:00Z,21302.06,8.56,21269.25,GBP,Li-Martinez,failed
po_9207371,REF-438650,2026-04-22T00:00:00Z,3645.49,2.79,3625.6,GBP,Randall-Kerr,pending
po_5117131,REF-980575,2026-04-14T00:00:00Z,16762.09,19.32,16745.79,GBP,"Snow, Rodgers and Miller",pending
po_7390281,REF-656165,2026-03-06T00:00:00Z,21045.02,4.38,21013.97,GBP,Davis PLC,processing
po_6777863,REF-534443,2026-01-30T00:00:00Z,10952.189999999999,13.06,10903.89,USD,"Cox, Fernandez and Baker",processing
po_7485646,REF-192201,2026-01-02T00:00:00Z,4079.33,11.86,4045.96,USD,Hickman-Walter,failed
po_9868236,REF-979691,2026-04-22T00:00:00Z,16704.11,13.6,16681.98,EUR,Smith-Abbott,processing
po_1025783,REF-369491,2026-04-05T00:00:00Z,22241.69,10.68,22213.68,EUR,"Salinas, Barnes and Cooper",pending
po_3390200,REF-591546,2026-02-26T00:00:00Z,9879.69,5.02,9872.16,USD,Prince-Martinez,pending
po_3765816,REF-901296,2026-04-23T00:00:00Z,3419.7200000000003,13.51,3369.96,USD,Smith-Ortiz,failed
po_3958594,REF-552959,2026-02-08T00:00:00Z,23434.489999999998,1.3,23393.73,EUR,"Graham, Ferguson and Hill",failed
po_5049131,REF-889385,2026-02-26T00:00:00Z,9235.85,13.14,9228.44,GBP,Todd-Oconnor,pending
po_9721090,REF-797475,2026-04-01T00:00:00Z,7829.089999999999,11.82,7779.4,USD,Gonzalez Inc,processing
po_8352238,REF-702083,2026-04-21T00:00:00Z,18673.120000000003,19.1,18663.65,USD,Hernandez-Diaz,failed
po_8797486,REF-618341,2026-01-27T00:00:00Z,2236.37,14.45,2207.43,EUR,Jones-Turner,pending
po_4056890,REF-927320,2026-01-02T00:00:00Z,549.29,7.11,532.62,GBP,"Pineda, Travis and Jones",failed
po_6922990,REF-833253,2026-03-13T00:00:00Z,6378.849999999999,10.19,6352.62,GBP,Allen Group,pending
po_1752856,REF-855704,2026-04-22T00:00:00Z,12154.720000000001,7.56,12107.18,GBP,Bowman LLC,processing
po_7260225,REF-784232,2026-01-23T00:00:00Z,3937.43,13.92,3903.33,EUR,Cooper Ltd,processing
po_2546025,REF-973439,2026-04-12T00:00:00Z,22596.010000000002,9.94,22582.43,USD,Bauer Inc,processing
po_9347270,REF-792439,2026-01-10T00:00:00Z,21731.39,6.19,21689.6,USD,"Howard, Russo and Smith",pending
po_7490389,REF-341448,2026-04-08T00:00:00Z,11546.68,17.1,11500.1,USD,Zimmerman and Sons,failed
po_9767637,REF-316929,2026-03-03T00:00:00Z,8199.710000000001,13.4,8164.97,EUR,Wagner Ltd,failed
po_2800475,REF-811384,2026-04-05T00:00:00Z,6757.82,8.5,6719.04,GBP,Kirk-Henson,processing
po_4369728,REF-433828,2026-03-15T00:00:00Z,6430.38,14.51,6410.27,GBP,"Bates, Diaz and Lowe",settled
po_2516759,REF-159230,2026-02-02T00:00:00Z,8994.630000000001,13.43,8983.61,USD,"Collins, Gardner and Shaw",pending
po_8393161,REF-535804,2026-03-18T00:00:00Z,18745.480000000003,14.24,18721.9,GBP,Zimmerman Group,failed
po_1832585,REF-902767,2026-03-18T00:00:00Z,11901.42,11.9,11868.23,USD,Arnold-Beck,pending
po_2270746,REF-699710,2026-03-06T00:00:00Z,5341.95,10.16,5323.32,USD,"Ball, Henderson and Caldwell",pending
po_3625818,REF-857526,2026-01-08T00:00:00Z,13177.960000000001,14.16,13169.36,USD,Dudley Ltd,failed
po_6986353,REF-558415,2026-04-21T00:00:00Z,13967.97,11.32,13920.39,GBP,Thornton and Sons,processing
po_5464125,REF-941828,2026-02-13T00:00:00Z,2640.37,13.84,2619.16,GBP,Maxwell-Shepherd,failed
po_6303143,REF-110284,2026-04-07T00:00:00Z,22444.98,6.9,22424.23,USD,"Nelson, Bowers and Cooper",failed
po_5255351,REF-655514,2026-02-09T00:00:00Z,13610.32,2.51,13584.84,GBP,Green Ltd,pending
po_4839815,REF-899847,2026-02-18T00:00:00Z,9449.5,10.11,9438.77,EUR,"Thompson, Cooper and Young",pending
po_5836861,REF-746060,2026-01-14T00:00:00Z,23048.3,1.96,22998.94,USD,"Ward, Garcia and Henry",pending
po_9167350,REF-596226,2026-02-01T00:00:00Z,264.7,19.55,241.61,GBP,"Malone, Bell and Bryant",processing
po_9790803,REF-560412,2026-01-11T00:00:00Z,14548.56,6.69,14525.49,GBP,Gardner Inc,failed
po_4038192,REF-762435,2026-04-12T00:00:00Z,11348.380000000001,5.77,11330.77,USD,Reynolds-Harris,processing
po_9709888,REF-333056,2026-01-18T00:00:00Z,11002.72,8.09,10978.74,USD,Rose-Gonzales,pending
po_5771146,REF-162637,2026-04-27T00:00:00Z,20356.63,14.86,20354.04,USD,Peters-Ward,settled
po_7818594,REF-231790,2026-02-21T00:00:00Z,7607.83,4.84,7590.35,USD,Zimmerman and Sons,pending
po_7766911,REF-961047,2026-04-29T00:00:00Z,15368.89,10.98,15322.99,EUR,Davis PLC,processing
po_8644646,REF-916072,2026-01-18T00:00:00Z,15843.29,13.18,15831.53,GBP,Mccoy Ltd,pending
po_5654694,REF-697041,2026-03-25T00:00:00Z,10362.38,13.57,10312.58,GBP,Cooper PLC,processing
po_6798738,REF-185658,2026-03-28T00:00:00Z,3963.21,5.51,3948.02,GBP,Thornton and Sons,failed
po_2519356,REF-170975,2026-01-15T00:00:00Z,18488.579999999998,12.22,18452.46,EUR,Cooper PLC,processing
po_9750555,REF-310220,2026-04-07T00:00:00Z,215.1,12.77,203.47,EUR,Brady-Ford,failed
po_6327975,REF-936243,2026-01-10T00:00:00Z,18545.5,5.6,18525.48,USD,Mitchell-Byrd,processing
po_6203954,REF-571644,2026-01-28T00:00:00Z,12105.68,9.99,12100.54,GBP,"Rogers, Anderson and Campos",processing
po_8103217,REF-654887,2026-04-16T00:00:00Z,17242.739999999998,4.78,17220.03,GBP,Hamilton-Bautista,processing
po_8414162,REF-489434,2026-03-02T00:00:00Z,1196.6399999999999,13.52,1172.05,EUR,Moore LLC,failed
po_4543855,REF-744717,2026-03-24T00:00:00Z,1019.29,10.57,1001.5,EUR,"Bryant, Harrison and Carter",failed
po_5105303,REF-219685,2026-02-05T00:00:00Z,1192.19,8.2,1185.46,USD,Smith Ltd,settled
po_6632365,REF-500982,2026-03-21T00:00:00Z,2200.6600000000003,1.64,2172.61,GBP,Johnson-Ruiz,pending
po_4779307,REF-782431,2026-04-28T00:00:00Z,641.66,8.48,602.02,GBP,"Bates, Diaz and Lowe",pending
po_4086634,REF-441004,2026-02-15T00:00:00Z,3537.88,13.29,3524.11,USD,Wilson Ltd,processing
po_9318398,REF-136559,2026-04-03T00:00:00Z,16820.030000000002,17.0,16788.06,USD,Reynolds LLC,settled
po_7677331,REF-707701,2026-03-13T00:00:00Z,2808.01,19.23,2759.5,EUR,Flynn-Matthews,settled
po_7859428,REF-498173,2026-02-06T00:00:00Z,5784.69,3.92,5764.82,GBP,Prince-Martinez,processing
po_9357931,REF-233411,2026-01-13T00:00:00Z,21695.18,13.14,21655.38,USD,Dickson-Gutierrez,failed
po_2577858,REF-630172,2026-03-23T00:00:00Z,998.9000000000001,1.7,952.19,USD,Randall-Kerr,failed
po_9392388,REF-537667,2026-01-11T00:00:00Z,6682.02,3.73,6644.77,EUR,Howe and Sons,processing
po_5266286,REF-791913,2026-01-11T00:00:00Z,18246.95,10.22,18216.8,EUR,"Rollins, Charles and Black",processing
po_9151087,REF-723094,2026-01-31T00:00:00Z,20284.129999999997,13.84,20269.35,USD,Crawford Ltd,failed
po_8218269,REF-229996,2026-03-29T00:00:00Z,146.23,16.79,109.96,USD,Perez-Neal,pending
po_1111203,REF-983389,2026-01-09T00:00:00Z,21599.66,18.15,21580.64,EUR,Hammond Ltd,settled
po_9199241,REF-113887,2026-03-30T00:00:00Z,16216.54,3.0,16189.59,GBP,Anderson-Parks,pending
po_5913992,REF-529314,2026-01-19T00:00:00Z,4018.3199999999997,11.21,3979.97,USD,Jenkins-Henderson,processing
po_3633739,REF-403592,2026-03-14T00:00:00Z,18869.679999999997,16.76,18820.26,GBP,Contreras LLC,processing
po_7657744,REF-820104,2026-04-26T00:00:00Z,17747.239999999998,14.55,17740.19,GBP,Dickson-Padilla,pending
po_9591459,REF-417096,2026-01-31T00:00:00Z,11270.130000000001,8.56,11268.36,USD,"Wilson, Robertson and Gonzalez",failed
po_5631038,REF-161154,2026-03-09T00:00:00Z,3998.02,13.69,3959.05,EUR,Ramsey-Caldwell,pending
po_4954062,REF-190792,2026-04-13T00:00:00Z,9039.07,7.71,9003.0,USD,"Hansen, Herrera and Taylor",failed
po_2757672,REF-250524,2026-04-13T00:00:00Z,10306.970000000001,11.45,10274.69,GBP,Bryant LLC,pending
po_1296311,REF-145206,2026-02-12T00:00:00Z,24062.97,14.47,24042.63,USD,Brown and Sons,settled
po_2907748,REF-514879,2026-03-08T00:00:00Z,16088.37,9.41,16073.12,USD,Best Inc,pending
po_3970949,REF-394202,2026-01-10T00:00:00Z,1392.06,1.75,1371.57,GBP,Allen-Taylor,settled
po_9941407,REF-785010,2026-04-24T00:00:00Z,12330.369999999999,7.27,12323.63,GBP,Thompson-Washington,pending
po_9209140,REF-811984,2026-03-26T00:00:00Z,4382.47,7.99,4343.7,GBP,Allen-Taylor,pending
po_4635373,REF-672604,2026-02-27T00:00:00Z,19711.2,19.75,19690.61,EUR,Allen Inc,pending
po_8797609,REF-117897,2026-03-23T00:00:00Z,9051.41,12.72,9002.91,GBP,Johnson-Ruiz,settled
po_7287422,REF-181582,2026-03-21T00:00:00Z,11142.91,12.03,11108.92,USD,Smith-Abbott,failed
po_3921742,REF-748110,2026-01-11T00:00:00Z,2148.48,8.28,2107.82,EUR,"Savage, Garcia and Robinson",pending
po_2438060,REF-978580,2026-02-20T00:00:00Z,18622.31,3.3,18587.45,USD,Pennington PLC,failed
po_7008105,REF-130242,2026-02-15T00:00:00Z,1187.58,8.93,1178.87,USD,Brown Ltd,pending
po_7949344,REF-290965,2026-02-15T00:00:00Z,2215.53,9.05,2198.53,EUR,"Johnson, Meyer and Hanna",pending
po_9274547,REF-565352,2026-02-25T00:00:00Z,24207.379999999997,13.88,24172.37,EUR,Hays-Dalton,failed
po_2901290,REF-837296,2026-03-20T00:00:00Z,7920.400000000001,5.9,7914.81,EUR,Pena Inc,failed
po_2550351,REF-420186,2026-02-15T00:00:00Z,17579.52,18.52,17550.43,GBP,Todd-Oconnor,processing
po_8742792,REF-468976,2026-03-10T00:00:00Z,7776.3,2.98,7773.88,EUR,Johnson Inc,settled
po_8887449,REF-194869,2026-04-19T00:00:00Z,11341.84,7.8,11312.07,GBP,Mann Group,processing
po_2260315,REF-997358,2026-02-06T00:00:00Z,1621.72,17.53,1614.69,USD,Washington-West,pending
po_3129523,REF-228035,2026-04-17T00:00:00Z,7603.56,17.02,7591.35,GBP,"Adams, Rodriguez and Walker",processing
po_4994084,REF-636046,2026-02-23T00:00:00Z,3193.91,14.1,3179.24,USD,Rose-Gonzales,processing
po_1160209,REF-369610,2026-02-23T00:00:00Z,21163.47,15.8,21141.39,EUR,Johnson-Newton,failed
po_9327645,REF-334635,2026-04-29T00:00:00Z,11935.85,17.11,11908.23,GBP,Hawkins-Saunders,settled
po_5669267,REF-884011,2026-02-26T00:00:00Z,14457.949999999999,10.28,14425.65,GBP,Jimenez-Bradley,processing
po_2283510,REF-553004,2026-01-31T00:00:00Z,17594.43,16.99,17560.81,EUR,Allen Ltd,processing
po_1299465,REF-596782,2026-01-27T00:00:00Z,1280.47,7.81,1243.32,USD,Randall-Kerr,settled
po_4447545,REF-698230,2026-04-27T00:00:00Z,874.23,12.52,836.92,EUR,Reynolds-Torres,pending
po_9565146,REF-463152,2026-03-17T00:00:00Z,23548.08,19.94,23499.2,USD,Anderson LLC,settled
po_5050301,REF-961593,2026-03-26T00:00:00Z,2296.34,4.52,2248.52,USD,Schneider Ltd,processing
po_2542311,REF-992665,2026-03-07T00:00:00Z,8682.03,16.03,8671.75,GBP,Wright Group,processing
po_1199068,REF-615792,2026-03-24T00:00:00Z,4766.860000000001,4.52,4736.01,USD,Brady-Ford,processing
po_4795425,REF-168687,2026-02-27T00:00:00Z,6588.74,18.17,6541.08,EUR,Jones-Fuentes,settled
po_8723093,REF-618384,2026-03-03T00:00:00Z,9018.039999999999,9.62,8988.38,GBP,Hunter-Nicholson,pending
po_1492932,REF-711314,2026-01-16T00:00:00Z,10595.63,4.57,10571.33,GBP,"Chavez, Davis and Walton",settled
po_3854262,REF-972714,2026-03-08T00:00:00Z,10185.43,11.6,10140.02,GBP,"Yu, Nguyen and Wood",pending
po_8375373,REF-905448,2026-04-30T00:00:00Z,22212.93,4.9,22164.95,EUR,"Pena, Jones and Sanchez",pending
po_2250121,REF-247386,2026-01-23T00:00:00Z,10667.01,17.01,10620.67,GBP,Griffin Inc,failed
po_2026766,REF-391825,2026-03-22T00:00:00Z,13553.189999999999,11.92,13519.3,USD,Crawford Ltd,processing
po_4430339,REF-611996,2026-04-19T00:00:00Z,7892.099999999999,11.48,7846.16,USD,Rhodes Ltd,settled
po_9073947,REF-882271,2026-03-24T00:00:00Z,16732.030000000002,11.51,16702.04,USD,Coffey-Howell,pending
po_7397582,REF-489124,2026-01-08T00:00:00Z,18435.76,13.94,18414.62,USD,Moore LLC,processing
po_9222085,REF-700908,2026-01-12T00:00:00Z,5359.849999999999,3.17,5348.78,USD,Anderson LLC,pending
po_1853033,REF-108830,2026-02-28T00:00:00Z,5823.3,6.45,5778.39,EUR,"Hernandez, Greer and Jackson",failed
po_3473486,REF-968352,2026-01-23T00:00:00Z,11952.18,16.0,11933.53,USD,"Ball, Henderson and Caldwell",failed
po_8554718,REF-735336,2026-03-25T00:00:00Z,23676.34,18.22,23627.0,USD,"Edwards, Anderson and Taylor",settled
po_5413309,REF-345528,2026-04-18T00:00:00Z,13744.220000000001,9.27,13729.61,GBP,Hughes Inc,processing
po_6466533,REF-294458,2026-02-06T00:00:00Z,20635.25,16.15,20613.68,EUR,"Hayes, Luna and Miller",failed
po_6087212,REF-622625,2026-03-23T00:00:00Z,1280.1499999999999,7.63,1236.37,GBP,"Garner, Lawson and Richard",settled
po_1627637,REF-923338,2026-04-10T00:00:00Z,504.24,14.55,502.14,USD,Howard LLC,failed
po_5731534,REF-321308,2026-04-11T00:00:00Z,15611.59,3.56,15591.17,EUR,"Waller, Bass and Mitchell",processing
po_7255647,REF-593368,2026-03-30T00:00:00Z,24159.510000000002,13.83,24155.58,GBP,Reynolds LLC,failed
po_9070296,REF-122580,2026-04-30T00:00:00Z,7771.700000000001,10.2,7724.18,USD,"Taylor, Zavala and Bates",processing
po_2671685,REF-962967,2026-04-09T00:00:00Z,15676.69,5.83,15655.44,GBP,Nguyen-Roberts,failed
po_2476701,REF-895980,2026-03-18T00:00:00Z,7132.29,16.11,7089.34,GBP,Banks-Savage,processing
po_5465335,REF-617067,2026-04-08T00:00:00Z,23590.47,6.69,23544.61,GBP,"Yu, Nguyen and Wood",failed
po_1306759,REF-992060,2026-02-12T00:00:00Z,14404.01,10.06,14371.45,EUR,Arnold-Beck,pending
po_3057210,REF-315773,2026-03-01T00:00:00Z,10487.85,17.09,10466.1,EUR,"Roberts, Frazier and Smith",processing
po_3116942,REF-519721,2026-03-29T00:00:00Z,20190.899999999998,13.5,20173.12,EUR,"Nguyen, Williams and Smith",pending
po_4566116,REF-932097,2026-03-08T00:00:00Z,21660.19,14.94,21620.16,EUR,"Robinson, Bauer and Brown",processing
po_1306548,REF-964952,2026-03-02T00:00:00Z,21431.8,7.84,21396.64,EUR,Gonzalez-Mcdaniel,failed
po_6988402,REF-580552,2026-02-10T00:00:00Z,936.12,7.4,918.63,GBP,Murray Group,processing
po_3693557,REF-103380,2026-01-23T00:00:00Z,5306.83,14.94,5282.78,EUR,Jackson LLC,pending
po_7762610,REF-632162,2026-03-27T00:00:00Z,11885.320000000002,8.79,11883.2,GBP,Thompson-Washington,processing
po_9085712,REF-814440,2026-02-24T00:00:00Z,19734.829999999998,8.56,19704.28,USD,Moore LLC,settled
po_6598102,REF-246346,2026-02-01T00:00:00Z,11970.08,16.89,11968.02,EUR,"Graham, Ferguson and Hill",processing
po_1897091,REF-507054,2026-01-12T00:00:00Z,15218.86,1.88,15194.43,EUR,Hamilton-Bautista,settled
po_2638614,REF-318628,2026-01-18T00:00:00Z,20653.120000000003,2.72,20625.06,GBP,Li-Jones,processing
po_3612040,REF-776186,2026-01-15T00:00:00Z,22721.08,19.88,22692.97,GBP,Peterson LLC,settled
po_8251473,REF-252132,2026-03-24T00:00:00Z,14797.65,13.28,14763.33,USD,"Hobbs, Blanchard and Porter",failed
po_7457672,REF-605068,2026-04-02T00:00:00Z,20694.489999999998,14.67,20681.62,GBP,Ingram PLC,pending
po_7728185,REF-866540,2026-04-14T00:00:00Z,1375.19,1.89,1366.43,USD,"Garza, Barker and Maddox",failed
po_9177486,REF-982796,2026-02-04T00:00:00Z,10657.220000000001,5.57,10627.35,GBP,"Brown, Middleton and Williams",failed
po_1302191,REF-273792,2026-02-25T00:00:00Z,20061.09,14.39,20038.38,GBP,"Moss, Atkins and Daniels",pending
po_8720744,REF-879779,2026-01-12T00:00:00Z,7895.04,11.77,7854.56,GBP,"Molina, Wells and Bright",pending
po_6332640,REF-158960,2026-02-27T00:00:00Z,6255.04,12.07,6252.57,GBP,"Martinez, Henderson and Osborne",failed
po_2100661,REF-439004,2026-04-02T00:00:00Z,16600.879999999997,14.17,16551.51,USD,Davenport PLC,failed
po_1743047,REF-129117,2026-02-22T00:00:00Z,22637.22,17.83,22632.13,EUR,Smith-Ortiz,settled
po_4501674,REF-967262,2026-01-09T00:00:00Z,14179.57,7.36,14152.88,EUR,Mata Inc,processing
po_1545988,REF-189137,2026-04-19T00:00:00Z,4345.38,7.44,4297.49,GBP,Davis PLC,settled
po_7815484,REF-443909,2026-03-14T00:00:00Z,23100.449999999997,4.62,23070.03,GBP,Reynolds-Harris,failed
po_5586300,REF-152098,2026-02-22T00:00:00Z,24926.620000000003,6.88,24917.33,GBP,"Moss, Atkins and Daniels",failed
po_9365839,REF-893637,2026-02-22T00:00:00Z,14815.89,3.08,14776.81,EUR,Colon Group,settled
po_7399105,REF-179312,2026-01-02T00:00:00Z,9625.15,7.2,9582.49,EUR,Edwards-Boyd,settled
po_6814120,REF-244073,2026-04-05T00:00:00Z,2350.48,2.23,2307.93,EUR,"Yu, Nguyen and Wood",settled
po_5946141,REF-364310,2026-03-06T00:00:00Z,24495.08,18.22,24486.74,USD,Park-Daniels,settled
po_8843817,REF-111125,2026-03-24T00:00:00Z,16515.33,15.01,16495.15,USD,Robinson and Sons,settled
po_1091340,REF-130719,2026-01-04T00:00:00Z,21687.08,18.34,21642.02,USD,"Fox, Hernandez and Ryan",failed
po_3672979,REF-207632,2026-02-24T00:00:00Z,24388.739999999998,4.36,24348.62,EUR,Reed PLC,pending
po_5704132,REF-479983,2026-01-14T00:00:00Z,6531.62,2.03,6492.15,USD,Contreras LLC,settled
po_6741868,REF-400495,2026-04-13T00:00:00Z,8686.69,16.15,8648.68,GBP,Allen Inc,settled
po_7680974,REF-140162,2026-03-10T00:00:00Z,2459.71,9.7,2423.51,USD,Walters LLC,pending
po_7653299,REF-229236,2026-02-09T00:00:00Z,15532.16,15.18,15485.9,GBP,Kelly-Murphy,processing
po_1771761,REF-493967,2026-04-20T00:00:00Z,3380.97,19.89,3340.52,EUR,Jenkins-Henderson,settled
po_5823581,REF-585581,2026-04-12T00:00:00Z,527.78,15.34,483.07,EUR,Walters LLC,settled
po_8224190,REF-401147,2026-03-06T00:00:00Z,9757.050000000001,14.33,9753.01,GBP,"Garcia, Mercado and West",failed
po_5742132,REF-140004,2026-04-23T00:00:00Z,81.67,12.6,57.76,GBP,Arroyo-Pope,settled
po_2905593,REF-592715,2026-02-02T00:00:00Z,18745.61,1.08,18695.72,USD,Welch-Peck,settled
po_1408721,REF-443694,2026-04-28T00:00:00Z,22449.969999999998,10.7,22430.21,USD,Prince-Martinez,failed
po_4163015,REF-113786,2026-01-23T00:00:00Z,4132.96,5.8,4115.82,EUR,Orozco Ltd,settled
po_9604731,REF-854506,2026-01-01T00:00:00Z,13834.820000000002,15.22,13832.62,EUR,Hammond Ltd,failed
po_4628399,REF-762647,2026-02-02T00:00:00Z,24235.45,3.93,24195.14,USD,Skinner Ltd,processing
po_3989152,REF-712279,2026-03-14T00:00:00Z,19662.92,12.45,19620.23,EUR,Roberts Group,processing
po_3296860,REF-184886,2026-02-25T00:00:00Z,10366.69,11.17,10334.08,EUR,"Santana, Hoffman and Cobb",settled
po_5696756,REF-411930,2026-02-24T00:00:00Z,9768.82,8.99,9749.55,EUR,Mitchell-Jones,settled
po_1777932,REF-344014,2026-03-30T00:00:00Z,24813.33,1.15,24806.02,EUR,"Rodriguez, Evans and Patterson",pending
po_9315781,REF-762023,2026-03-08T00:00:00Z,6037.68,1.11,6035.89,USD,Garcia Ltd,failed
po_8157504,REF-590001,2026-02-07T00:00:00Z,23234.629999999997,10.57,23223.71,EUR,Hickman-Walter,failed
po_5942647,REF-651405,2026-04-09T00:00:00Z,4882.2,1.96,4858.46,USD,Edwards-Boyd,processing
po_9480654,REF-792299,2026-03-05T00:00:00Z,3519.55,2.29,3486.75,USD,Randall-Kerr,processing
po_7198935,REF-931199,2026-04-19T00:00:00Z,315.97,13.77,306.55,EUR,Smith-Gaines,processing
po_3068819,REF-240681,2026-03-17T00:00:00Z,10574.710000000001,2.18,10571.69,USD,"Shaw, Baker and Scott",pending
po_7327471,REF-656487,2026-02-01T00:00:00Z,15500.57,9.7,15454.59,EUR,"Matthews, Howard and Brown",pending
po_6095119,REF-130987,2026-03-29T00:00:00Z,2533.3799999999997,1.46,2521.47,USD,Banks-Savage,processing
po_1387964,REF-281380,2026-03-08T00:00:00Z,21065.640000000003,18.01,21050.56,USD,Crawford Ltd,failed
po_6674401,REF-762427,2026-01-30T00:00:00Z,12198.12,3.61,12178.12,GBP,"Evans, Conway and Hall",processing
po_7853533,REF-975631,2026-01-25T00:00:00Z,24160.11,1.61,24137.81,EUR,Zimmerman Group,failed
po_9573123,REF-114211,2026-02-01T00:00:00Z,13066.77,17.01,13033.32,GBP,"Kennedy, Lopez and Norton",failed
po_3718197,REF-375840,2026-01-19T00:00:00Z,22584.030000000002,14.65,22576.4,GBP,Mcclain-Jensen,processing
po_4969425,REF-911090,2026-02-09T00:00:00Z,10881.720000000001,16.27,10850.53,USD,"Evans, Conway and Hall",processing
po_9342262,REF-625329,2026-03-24T00:00:00Z,16195.47,11.54,16181.3,EUR,Best Inc,failed
po_7922123,REF-252734,2026-02-21T00:00:00Z,17701.41,17.25,17658.18,GBP,White-Wilson,settled
po_6182576,REF-998782,2026-03-13T00:00:00Z,1927.49,6.91,1909.84,GBP,Hamilton-Bautista,pending
po_4034963,REF-519575,2026-04-19T00:00:00Z,11918.65,3.48,11877.4,GBP,Allen Inc,processing
po_2102685,REF-531663,2026-01-13T00:00:00Z,1479.4199999999998,16.46,1436.06,USD,Mata Inc,settled
po_6143988,REF-123537,2026-01-04T00:00:00Z,86.59,8.86,48.21,USD,Robinson Group,pending
po_4225351,REF-623331,2026-02-05T00:00:00Z,1581.42,19.66,1545.28,EUR,King-George,processing
po_7700253,REF-372975,2026-01-07T00:00:00Z,23124.149999999998,6.2,23077.89,GBP,"Russell, Scott and Ramsey",pending
po_9813073,REF-839149,2026-02-27T00:00:00Z,15710.78,18.46,15688.78,USD,Garcia and Sons,processing
po_5963021,REF-595397,2026-04-19T00:00:00Z,21962.96,16.11,21956.92,USD,"Thompson, Cooper and Young",processing
po_3031751,REF-686192,2026-02-25T00:00:00Z,576.3499999999999,3.41,569.04,GBP,Brown Ltd,failed
po_4835183,REF-640769,2026-02-05T00:00:00Z,24254.989999999998,19.77,24241.03,USD,"Smith, Guerra and Holmes",processing
po_5015464,REF-378122,2026-01-26T00:00:00Z,16305.099999999999,12.6,16275.14,USD,Johnson-Newton,failed
po_2197422,REF-441989,2026-04-19T00:00:00Z,13518.35,6.86,13508.41,GBP,Allen Inc,pending
po_8448219,REF-629761,2026-03-11T00:00:00Z,8002.65,8.05,8000.42,EUR,Garcia and Sons,settled
po_1055644,REF-524321,2026-02-25T00:00:00Z,9684.06,10.42,9636.13,USD,"Short, Moore and Douglas",settled
po_7523032,REF-733618,2026-02-25T00:00:00Z,1055.04,3.07,1026.32,GBP,Esparza-Carroll,failed
po_1299553,REF-335437,2026-03-27T00:00:00Z,2718.97,16.26,2713.04,GBP,Prince-Martinez,failed
po_4435616,REF-939864,2026-04-19T00:00:00Z,4173.9800000000005,13.3,4169.52,EUR,Hays-Dalton,pending
po_2888434,REF-501523,2026-04-24T00:00:00Z,16077.96,16.23,16037.63,EUR,Harvey Inc,settled
po_6462448,REF-956067,2026-02-14T00:00:00Z,7721.75,18.05,7709.61,GBP,Randall-Kerr,settled
po_9354037,REF-326246,2026-02-11T00:00:00Z,4867.25,17.01,4852.19,GBP,"Malone, Bell and Bryant",processing
po_3248108,REF-303879,2026-02-09T00:00:00Z,9938.77,1.5,9895.67,GBP,Moore LLC,failed
po_3949614,REF-785914,2026-02-01T00:00:00Z,18361.27,13.71,18329.25,EUR,Mcclain-Jensen,failed
po_2842274,REF-471979,2026-04-18T00:00:00Z,19223.62,3.97,19178.73,EUR,"Howard, Lynch and Morris",settled
po_7949975,REF-657059,2026-03-24T00:00:00Z,19784.98,18.32,19762.93,USD,"Best, Simon and Turner",processing
po_6740571,REF-449064,2026-04-02T00:00:00Z,17188.5,14.19,17165.27,USD,Leach-Walker,processing
po_1352521,REF-246032,2026-04-02T00:00:00Z,9124.59,16.23,9084.77,EUR,King-George,pending
po_4696043,REF-836787,2026-04-07T00:00:00Z,15351.279999999999,18.05,15308.64,EUR,Gardner-Hayes,pending
po_2869523,REF-725382,2026-03-10T00:00:00Z,8084.62,2.07,8066.39,EUR,Erickson and Sons,settled
po_8433399,REF-157233,2026-03-18T00:00:00Z,10840.8,13.82,10809.97,USD,Fitzpatrick-Henderson,settled
po_9577717,REF-752138,2026-04-29T00:00:00Z,10336.63,10.75,10324.9,USD,"George, Lewis and Mitchell",processing
po_3969010,REF-633138,2026-03-10T00:00:00Z,17833.84,5.82,17810.94,EUR,Randall-Kerr,pending
po_4625235,REF-561661,2026-04-01T00:00:00Z,349.8,17.3,329.95,USD,Richards-Johnson,settled
po_5026126,REF-390480,2026-01-08T00:00:00Z,9584.92,8.98,9561.9,GBP,Pena Inc,failed
po_7116607,REF-210973,2026-03-25T00:00:00Z,16767.14,14.82,16760.94,USD,"Ramirez, Hernandez and Fox",pending
po_2648213,REF-553203,2026-02-07T00:00:00Z,713.31,5.23,682.67,EUR,Gordon-Roberts,failed
po_1838530,REF-818991,2026-03-20T00:00:00Z,14036.5,16.71,14004.12,USD,Gonzalez-Pennington,settled
po_3737911,REF-769711,2026-04-24T00:00:00Z,7773.360000000001,8.78,7724.81,USD,Fitzgerald-Watson,processing
po_9122900,REF-261037,2026-03-11T00:00:00Z,8583.26,19.97,8573.6,GBP,Hammond Ltd,settled
po_8855868,REF-533718,2026-04-20T00:00:00Z,2132.28,13.26,2110.73,USD,Lawrence-Lee,settled
po_3431405,REF-178940,2026-02-15T00:00:00Z,21622.239999999998,15.29,21599.53,USD,"Smith, Guerra and Holmes",processing
po_4050694,REF-630741,2026-02-23T00:00:00Z,14447.43,10.93,14441.95,GBP,Erickson and Sons,settled
po_7180925,REF-731264,2026-02-20T00:00:00Z,16248.14,5.72,16207.65,EUR,Gonzalez-Mcdaniel,pending
po_2610670,REF-223109,2026-01-31T00:00:00Z,12655.6,11.81,12618.4,USD,Garcia and Sons,processing
po_9777869,REF-106802,2026-03-11T00:00:00Z,8167.42,17.97,8164.25,EUR,Erickson and Sons,pending
po_1390876,REF-644621,2026-01-20T00:00:00Z,1104.18,17.66,1065.64,GBP,Morris Inc,pending
po_7857996,REF-120415,2026-02-17T00:00:00Z,21776.309999999998,8.09,21726.62,EUR,Hunt PLC,settled
po_7370804,REF-125643,2026-04-05T00:00:00Z,5011.92,11.35,4969.21,USD,"Shaw, Baker and Scott",processing
po_3950047,REF-108285,2026-03-01T00:00:00Z,2302.02,13.44,2266.5,EUR,Murray Group,pending
po_3659732,REF-884076,2026-03-29T00:00:00Z,20062.96,18.61,20031.27,EUR,"Hernandez, Hill and Hull",pending
po_3047221,REF-394259,2026-04-10T00:00:00Z,336.59999999999997,2.08,325.32,GBP,"Peterson, Hood and Arroyo",settled
po_9702334,REF-721408,2026-03-13T00:00:00Z,1169.31,12.71,1133.01,GBP,"Gray, Williams and Weaver",settled
po_7044732,REF-631468,2026-03-03T00:00:00Z,411.82,7.33,392.37,GBP,"Short, Moore and Douglas",processing
po_1520969,REF-743302,2026-02-18T00:00:00Z,15699.8,2.74,15673.06,GBP,"Mooney, Black and Roach",settled
po_5380044,REF-519696,2026-03-31T00:00:00Z,14945.41,6.17,14906.09,USD,Walter Inc,processing
po_2218976,REF-928671,2026-04-19T00:00:00Z,21050.36,2.44,21014.32,USD,"Fleming, King and Herring",settled
po_2967042,REF-908597,2026-01-05T00:00:00Z,12852.32,11.57,12824.11,EUR,Esparza-Carroll,settled
po_3200252,REF-826143,2026-04-01T00:00:00Z,7034.48,3.03,6999.86,USD,Anderson LLC,settled
po_1405604,REF-837411,2026-01-22T00:00:00Z,11229.369999999999,1.46,11208.06,USD,Ibarra-Clark,failed
po_8712211,REF-515490,2026-04-22T00:00:00Z,3309.45,16.94,3278.95,EUR,Schneider Ltd,failed
po_6230063,REF-669606,2026-01-24T00:00:00Z,21690.58,17.45,21689.34,USD,"Frey, Mcgee and Bailey",failed
po_1814794,REF-522558,2026-04-14T00:00:00Z,2117.1800000000003,11.86,2082.07,GBP,Rodriguez LLC,settled
po_6239678,REF-316855,2026-01-30T00:00:00Z,17297.41,11.95,17255.1,EUR,Nguyen-Roberts,processing
po_5922710,REF-864645,2026-04-13T00:00:00Z,6174.03,10.08,6125.23,EUR,"Howard, Lynch and Morris",settled
po_6370127,REF-453825,2026-02-22T00:00:00Z,8509.55,1.37,8465.74,GBP,Gonzalez Inc,settled
po_4777372,REF-478095,2026-03-03T00:00:00Z,2601.04,15.6,2571.74,USD,"Lewis, Joyce and Robertson",failed
po_7296527,REF-878976,2026-02-18T00:00:00Z,12832.91,3.0,12784.01,GBP,Zimmerman and Sons,settled
po_6944494,REF-466015,2026-04-08T00:00:00Z,21121.1,6.33,21080.78,USD,"Salinas, Barnes and Cooper",settled
po_1058643,REF-397558,2026-03-21T00:00:00Z,16568.969999999998,19.43,16555.37,GBP,Hickman-Walter,processing
po_2929339,REF-398115,2026-01-29T00:00:00Z,20749.04,12.06,20714.41,EUR,"Taylor, Zavala and Bates",processing
po_6873567,REF-486088,2026-03-15T00:00:00Z,5482.57,4.72,5466.62,EUR,"Snow, Rodgers and Miller",failed
po_6425778,REF-366554,2026-03-16T00:00:00Z,3406.1800000000003,10.91,3402.4,EUR,"Cox, Fernandez and Baker",failed
po_6419043,REF-106323,2026-02-22T00:00:00Z,11108.28,4.84,11062.78,USD,Mullins-Cabrera,settled
po_8535168,REF-129533,2026-03-10T00:00:00Z,11297.51,7.67,11266.42,USD,"Russell, Scott and Ramsey",failed
po_8101540,REF-891824,2026-01-27T00:00:00Z,11187.07,19.54,11154.14,GBP,Walter Inc,processing
po_3844964,REF-391269,2026-02-18T00:00:00Z,20326.57,1.91,20309.36,EUR,"Rodriguez, Sutton and Santiago",failed
po_9634251,REF-932878,2026-01-31T00:00:00Z,18645.52,1.16,18623.36,USD,Wong PLC,failed
po_9876767,REF-816678,2026-02-10T00:00:00Z,6293.57,7.63,6290.84,GBP,Smith Ltd,pending
po_1311394,REF-554100,2026-01-01T00:00:00Z,21264.9,9.18,21258.77,EUR,Maxwell-Shepherd,processing
po_9137553,REF-778104,2026-03-15T00:00:00Z,14837.33,18.31,14821.96,GBP,"Owen, Gibson and Johnson",failed
po_7252171,REF-424435,2026-04-23T00:00:00Z,658.1,9.07,636.86,EUR,"Miller, Anderson and Padilla",failed
po_4198662,REF-872655,2026-01-23T00:00:00Z,15666.81,13.06,15632.67,GBP,"Lewis, Joyce and Robertson",settled
po_9696694,REF-944896,2026-03-28T00:00:00Z,8211.4,5.38,8178.46,EUR,Jimenez-Bradley,processing
po_8176621,REF-471429,2026-01-04T00:00:00Z,16070.21,9.39,16032.49,GBP,"Fleming, King and Herring",pending
po_7946679,REF-302142,2026-02-02T00:00:00Z,1714.97,3.06,1707.88,USD,"Graham, Ferguson and Hill",failed
po_6855070,REF-664844,2026-02-28T00:00:00Z,693.56,8.93,653.68,USD,Howard LLC,failed
po_4751268,REF-659721,2026-03-06T00:00:00Z,1656.5600000000002,1.86,1628.67,USD,Spears-Beck,failed
po_3178677,REF-491666,2026-02-20T00:00:00Z,11875.99,19.01,11861.21,GBP,Hawkins-Saunders,pending
po_2311851,REF-826119,2026-02-02T00:00:00Z,10833.78,4.71,10819.95,EUR,"Peterson, Hood and Arroyo",settled
po_5650378,REF-873990,2026-03-16T00:00:00Z,11328.11,13.44,11299.29,USD,Contreras LLC,processing
po_3707257,REF-688109,2026-01-25T00:00:00Z,6427.57,16.39,6395.42,USD,Gonzalez-Mcdaniel,settled
po_1861561,REF-482776,2026-01-23T00:00:00Z,8683.18,5.64,8650.25,USD,Gomez-Cardenas,failed
po_1508048,REF-262047,2026-01-01T00:00:00Z,18999.829999999998,2.67,18986.67,EUR,"Graham, Garrett and Caldwell",processing
po_4084262,REF-739193,2026-02-25T00:00:00Z,13328.44,13.28,13288.87,GBP,Jenkins-Henderson,settled
po_9584556,REF-911590,2026-04-15T00:00:00Z,6288.24,17.34,6266.94,EUR,Brown and Sons,settled
po_3523558,REF-679380,2026-03-04T00:00:00Z,5827.7,19.91,5799.19,USD,"Collins, Gardner and Shaw",failed
po_8142539,REF-311336,2026-03-12T00:00:00Z,24832.8,10.11,24797.37,USD,"Bates, Diaz and Lowe",pending
po_1826059,REF-837670,2026-01-03T00:00:00Z,19971.02,15.68,19949.11,EUR,Lewis-Robinson,failed
po_6931509,REF-535377,2026-04-23T00:00:00Z,14863.6,10.16,14851.75,EUR,Jones Group,processing
po_4189501,REF-629637,2026-02-12T00:00:00Z,14120.56,17.85,14082.39,GBP,Jones-Graham,processing
po_7676720,REF-468477,2026-01-23T00:00:00Z,6773.299999999999,14.74,6735.11,EUR,Dickson-Padilla,pending
po_9598448,REF-333615,2025-12-31T00:00:00Z,5264.7,7.06,5227.87,USD,"Garcia, Mercado and West",settled
po_1541545,REF-103230,2026-04-27T00:00:00Z,19432.21,9.95,19423.05,USD,Jacobs PLC,failed
po_1180446,REF-523136,2026-04-23T00:00:00Z,9024.76,13.66,8990.17,USD,"Owen, Gibson and Johnson",settled
po_8240880,REF-320390,2026-03-02T00:00:00Z,1552.97,16.73,1506.49,EUR,Brady-Ford,processing
po_9560832,REF-496850,2026-02-25T00:00:00Z,16513.43,5.05,16508.28,USD,Rose-Gonzales,processing
po_9806207,REF-512298,2026-02-02T00:00:00Z,8248.09,16.44,8220.31,EUR,Howard-Mcdonald,failed
po_5850731,REF-838411,2026-03-10T00:00:00Z,14752.26,4.67,14719.93,EUR,"Luna, Morris and Gill",pending
po_4494491,REF-879231,2026-04-12T00:00:00Z,6565.1,12.41,6521.02,USD,Elliott-Wallace,failed
po_7728926,REF-991145,2026-02-04T00:00:00Z,17190.5,17.19,17170.52,USD,Mullins-Cabrera,processing
po_5778457,REF-539455,2026-04-30T00:00:00Z,1464.4399999999998,8.58,1458.59,GBP,Kirk-Morales,processing
po_4659474,REF-708185,2026-04-12T00:00:00Z,24943.260000000002,12.2,24919.33,GBP,Smith-Ortiz,processing
po_7326146,REF-978167,2026-01-03T00:00:00Z,14618.14,9.49,14575.96,USD,Reeves Ltd,failed
po_9694240,REF-903767,2026-02-03T00:00:00Z,16907.170000000002,11.73,16885.4,EUR,"Salinas, Barnes and Cooper",settled
po_8825980,REF-712458,2026-02-10T00:00:00Z,3091.6499999999996,9.7,3076.99,GBP,"Johnson, Meyer and Hanna",processing
po_8656683,REF-687957,2026-03-02T00:00:00Z,6852.1,2.72,6835.54,GBP,Contreras LLC,pending
po_9974814,REF-672667,2026-02-26T00:00:00Z,9586.45,9.72,9561.2,USD,"Johnson, Meyer and Hanna",processing
po_6108345,REF-941653,2026-04-17T00:00:00Z,4843.84,16.39,4804.95,GBP,"Ramirez, Hernandez and Fox",pending
po_7582179,REF-290102,2026-02-20T00:00:00Z,19459.399999999998,11.15,19448.23,USD,Garcia Ltd,pending
po_9162300,REF-818106,2026-02-07T00:00:00Z,3604.9500000000003,15.78,3581.78,EUR,Allen and Sons,pending
po_2279376,REF-781406,2026-03-13T00:00:00Z,24130.81,17.42,24095.48,USD,"Rollins, Charles and Black",pending
po_1643368,REF-119691,2026-04-15T00:00:00Z,13374.01,12.42,13327.57,USD,Li-Montoya,pending
po_3928532,REF-228797,2026-02-03T00:00:00Z,3372.04,16.47,3347.5,EUR,"Robinson, Bauer and Brown",pending
po_7345240,REF-982305,2026-04-30T00:00:00Z,5999.71,17.51,5994.6,EUR,"Moss, Atkins and Daniels",pending
po_7184113,REF-114564,2026-01-08T00:00:00Z,1391.4,5.03,1349.91,EUR,"Molina, Wells and Bright",processing
po_8308041,REF-957952,2026-01-16T00:00:00Z,7067.79,13.82,7054.03,GBP,Cooper Ltd,settled
po_3103391,REF-414652,2026-04-24T00:00:00Z,17683.03,11.13,17641.39,GBP,Davenport PLC,processing
po_5317031,REF-895461,2026-04-16T00:00:00Z,12464.199999999999,9.8,12425.24,GBP,White Group,failed
po_2309962,REF-245286,2026-04-23T00:00:00Z,493.37,8.63,485.94,GBP,Wilson Group,settled
po_7351596,REF-720620,2026-04-08T00:00:00Z,2754.68,19.35,2738.52,GBP,Mitchell-Byrd,failed
po_8921755,REF-805441,2026-02-01T00:00:00Z,13716.02,5.62,13687.57,GBP,Jimenez-Bradley,failed
po_7168827,REF-866651,2026-03-22T00:00:00Z,21267.72,18.85,21232.08,USD,Jackson LLC,processing
po_4481621,REF-461863,2026-04-11T00:00:00Z,15189.33,11.99,15184.82,EUR,Arnold-Beck,failed
po_8477568,REF-295881,2026-03-08T00:00:00Z,19078.84,1.23,19052.44,GBP,Rhodes Ltd,settled
po_7328180,REF-523847,2026-02-06T00:00:00Z,20377.620000000003,1.07,20345.24,GBP,Pena Inc,pending
po_3128585,REF-474007,2026-02-26T00:00:00Z,2510.91,8.61,2507.67,GBP,"Owens, Peters and White",settled
po_5511660,REF-372317,2026-04-15T00:00:00Z,5225.360000000001,10.08,5223.72,USD,Smith-Gaines,settled
po_7623394,REF-170849,2026-01-15T00:00:00Z,22756.719999999998,12.97,22725.42,GBP,Joseph Group,pending
po_7151685,REF-540712,2026-03-25T00:00:00Z,24478.11,14.32,24470.49,EUR,Kirk-Henson,settled
po_1996817,REF-105416,2026-03-24T00:00:00Z,23885.76,10.35,23843.64,USD,Price PLC,settled
po_3192840,REF-139514,2026-01-26T00:00:00Z,21952.8,6.71,21910.09,GBP,Allen Inc,failed
po_2214665,REF-512567,2026-04-11T00:00:00Z,2927.67,11.32,2914.14,EUR,Gordon-Roberts,settled
po_2022626,REF-369708,2026-03-25T00:00:00Z,20199.829999999998,15.58,20162.82,USD,"Ward, Garcia and Henry",failed
po_5689318,REF-893085,2026-02-27T00:00:00Z,18550.11,18.7,18511.47,GBP,Goodwin-Martinez,settled
po_1074808,REF-756214,2026-04-17T00:00:00Z,20478.19,16.95,20463.03,GBP,"Clarke, Johnson and Watson",pending
po_4394375,REF-127305,2026-01-22T00:00:00Z,685.3,15.74,644.49,GBP,"Rice, Wallace and Castillo",processing
po_9505331,REF-458087,2026-01-17T00:00:00Z,23722.27,10.02,23713.24,USD,"Waller, Bass and Mitchell",pending
po_2326648,REF-155502,2026-04-08T00:00:00Z,17143.059999999998,15.66,17136.8,USD,"Rice, Wallace and Castillo",settled
po_8614778,REF-607204,2026-04-28T00:00:00Z,1575.38,18.11,1525.42,EUR,Moore LLC,pending
po_5598509,REF-311787,2026-03-02T00:00:00Z,2175.6,15.03,2154.06,USD,Gonzalez Inc,failed
po_7372506,REF-675936,2026-02-23T00:00:00Z,22189.530000000002,16.86,22162.15,EUR,Todd-Oconnor,processing
po_2675184,REF-506878,2026-01-11T00:00:00Z,17034.850000000002,14.77,17020.86,GBP,Dudley Ltd,failed
po_9181645,REF-775423,2026-02-13T00:00:00Z,17025.79,3.87,16980.16,GBP,"Hernandez, Greer and Jackson",processing
po_8288168,REF-817986,2026-03-28T00:00:00Z,9060.99,14.97,9050.92,GBP,Hammond Ltd,settled
po_7835243,REF-703652,2026-01-03T00:00:00Z,9968.42,9.27,9955.19,GBP,King-George,settled
po_5869258,REF-610910,2026-02-05T00:00:00Z,11099.91,12.73,11087.08,GBP,"Martinez, Henderson and Osborne",failed
po_3831840,REF-653928,2026-02-19T00:00:00Z,15106.02,12.2,15077.57,USD,"Cox, Fernandez and Baker",failed
po_7599302,REF-315726,2026-04-25T00:00:00Z,9505.4,5.24,9456.24,EUR,Gonzalez-Mcdaniel,settled
po_2926425,REF-590326,2026-02-02T00:00:00Z,15602.54,4.38,15581.34,GBP,Kim Group,processing
po_5358995,REF-680254,2026-03-21T00:00:00Z,2664.66,14.48,2630.2,EUR,"Dorsey, Patterson and Harrison",settled
po_4296851,REF-220619,2026-02-07T00:00:00Z,7845.43,6.44,7827.27,EUR,Garcia Ltd,pending
po_8112157,REF-966238,2026-02-05T00:00:00Z,23041.45,7.7,23006.14,EUR,Kennedy-Marks,processing
po_3842390,REF-214518,2026-03-24T00:00:00Z,2531.78,10.62,2490.19,GBP,Gomez-Cardenas,pending
po_6397064,REF-844521,2026-04-24T00:00:00Z,13026.310000000001,10.54,13006.44,EUR,Walters LLC,failed
po_3794653,REF-384595,2026-02-05T00:00:00Z,20859.530000000002,1.85,20830.79,USD,"Shaw, Baker and Scott",processing
po_6351693,REF-885226,2026-03-12T00:00:00Z,15163.62,19.36,15135.42,EUR,"Martinez, Joseph and Simmons",settled
po_1116213,REF-287086,2026-02-22T00:00:00Z,13799.91,1.0,13764.66,EUR,Mccoy Ltd,failed
po_1169129,REF-649340,2026-04-20T00:00:00Z,13486.79,2.17,13463.53,GBP,Fitzpatrick-Henderson,settled
po_1998397,REF-841976,2026-01-26T00:00:00Z,14311.119999999999,16.93,14288.3,USD,Schneider Ltd,pending
po_4359354,REF-961411,2026-04-18T00:00:00Z,15529.18,15.66,15500.77,USD,Ibarra-Clark,processing
po_8642680,REF-738976,2026-01-06T00:00:00Z,15446.17,3.82,15403.75,EUR,"Best, Simon and Turner",pending
po_7868274,REF-555790,2026-04-23T00:00:00Z,16205.02,14.67,16199.79,GBP,Li-Martinez,settled
po_2191736,REF-757684,2026-02-10T00:00:00Z,1664.05,12.7,1635.49,EUR,Coffey-Howell,settled
po_6814894,REF-662072,2026-02-07T00:00:00Z,12882.26,16.97,12845.24,EUR,"Drake, Torres and Murray",processing
po_8488736,REF-579022,2026-02-14T00:00:00Z,20726.87,3.79,20710.12,GBP,Hughes Inc,pending
po_3142680,REF-836312,2026-01-03T00:00:00Z,21873.49,8.22,21834.25,EUR,Colon Group,pending
po_3331704,REF-606982,2026-04-10T00:00:00Z,7368.700000000001,6.12,7352.6,GBP,Johnson-Newton,processing
po_6591855,REF-267075,2026-04-24T00:00:00Z,20247.78,13.72,20225.25,EUR,Lee-Taylor,settled
po_5431811,REF-850902,2026-01-04T00:00:00Z,21514.480000000003,3.56,21469.9,GBP,Welch-Peck,pending
po_6775091,REF-460966,2026-04-22T00:00:00Z,7965.81,7.84,7917.89,GBP,Gonzalez-Mcdaniel,failed
po_9810442,REF-502835,2026-04-30T00:00:00Z,12744.58,8.62,12735.36,GBP,"Fox, Hernandez and Ryan",processing
po_5454439,REF-373881,2026-02-14T00:00:00Z,1337.65,19.54,1305.51,USD,"Curtis, Turner and Soto",failed
po_2776778,REF-136937,2026-02-16T00:00:00Z,7226.73,10.93,7183.95,USD,Todd-Oconnor,processing
po_5845443,REF-746804,2026-03-24T00:00:00Z,13386.81,13.69,13382.06,EUR,"Snow, Rodgers and Miller",processing
po_5429343,REF-213188,2025-12-31T00:00:00Z,18004.78,19.47,17977.05,USD,Lawrence-Lee,failed
po_7550423,REF-535815,2026-03-28T00:00:00Z,2541.72,10.82,2506.56,EUR,Orozco Ltd,pending
po_4171763,REF-652016,2026-03-30T00:00:00Z,2065.33,12.75,2060.35,GBP,Anderson LLC,failed
po_6344469,REF-138042,2026-04-04T00:00:00Z,22667.22,10.31,22632.07,EUR,Randall-Kerr,settled
po_4810921,REF-899557,2026-03-09T00:00:00Z,23165.47,10.85,23162.77,GBP,Shaw-Stuart,processing
po_3960189,REF-709769,2026-02-13T00:00:00Z,19578.5,14.17,19537.77,GBP,Esparza-Carroll,settled
po_3106549,REF-206560,2026-01-09T00:00:00Z,7268.349999999999,8.82,7242.15,EUR,Cooper PLC,pending
po_4486957,REF-764743,2026-02-01T00:00:00Z,3878.79,13.91,3867.62,USD,Moore LLC,settled
po_2587760,REF-484450,2026-04-02T00:00:00Z,24281.8,14.72,24263.16,USD,Brown and Sons,settled
po_9992323,REF-781176,2026-01-16T00:00:00Z,23697.86,8.38,23679.04,USD,Moore LLC,pending
po_7804944,REF-276640,2026-01-19T00:00:00Z,8406.54,19.26,8361.69,GBP,Allen Ltd,pending
po_8026800,REF-733670,2026-04-26T00:00:00Z,6705.450000000001,18.15,6676.89,GBP,Wilson and Sons,pending
po_5984311,REF-488638,2026-03-06T00:00:00Z,23778.78,8.4,23751.82,EUR,"Johnson, Meyer and Hanna",settled
po_1168458,REF-981758,2026-04-15T00:00:00Z,17937.260000000002,9.66,17921.36,EUR,Ingram PLC,failed
po_9335542,REF-812410,2026-02-21T00:00:00Z,20230.84,15.23,20187.44,USD,"Rogers, Anderson and Campos",pending
po_2689970,REF-119024,2026-01-30T00:00:00Z,7291.8,5.68,7254.59,USD,Kim Group,pending
po_3023572,REF-254124,2026-04-01T00:00:00Z,19064.52,14.6,19050.31,USD,Church Inc,pending
po_2619159,REF-723504,2026-04-04T00:00:00Z,7476.56,9.5,7466.22,USD,"Hansen, Herrera and Taylor",pending
po_7385952,REF-771816,2026-01-07T00:00:00Z,6644.02,18.88,6637.31,USD,"Rogers, Anderson and Campos",processing
po_7307628,REF-527712,2026-02-04T00:00:00Z,22363.809999999998,6.23,22359.42,GBP,Garcia Ltd,pending
po_3749216,REF-349017,2026-01-31T00:00:00Z,1039.24,10.31,1017.59,USD,"Ball, Henderson and Caldwell",pending
po_2074209,REF-593558,2026-03-14T00:00:00Z,7319.379999999999,4.16,7304.69,GBP,Prince-Martinez,pending
po_7455569,REF-855730,2026-03-07T00:00:00Z,23663.010000000002,13.95,23654.93,USD,Lopez-Stout,failed
po_1440951,REF-413832,2026-02-04T00:00:00Z,21965.84,16.66,21939.24,GBP,Li-Martinez,pending
po_2894767,REF-393120,2026-01-04T00:00:00Z,22647.03,4.74,22628.76,GBP,Mitchell-Byrd,failed
po_6708912,REF-775212,2026-03-06T00:00:00Z,5228.900000000001,7.87,5200.39,GBP,Hays-Dalton,failed
po_6091897,REF-290740,2026-01-28T00:00:00Z,8676.099999999999,6.66,8650.46,EUR,Allen and Sons,processing
po_3288053,REF-674317,2026-02-03T00:00:00Z,4259.05,3.65,4225.49,GBP,"Evans, Conway and Hall",settled
po_6957364,REF-940710,2026-04-12T00:00:00Z,20510.77,4.38,20473.57,GBP,Shaw-Stuart,failed
po_6070362,REF-776177,2026-02-22T00:00:00Z,10609.66,5.72,10584.95,EUR,Hays-Dalton,processing
po_5948134,REF-263454,2026-04-01T00:00:00Z,21087.59,6.67,21038.15,EUR,Mullins-Cabrera,settled
po_7126308,REF-982775,2026-04-23T00:00:00Z,11987.23,19.39,11974.43,EUR,Schneider Ltd,settled
po_5873307,REF-908801,2026-04-04T00:00:00Z,4124.04,10.62,4109.23,EUR,Li-Montoya,pending
po_5988052,REF-172546,2026-04-03T00:00:00Z,11565.75,2.99,11518.57,USD,Reynolds LLC,processing
po_3902261,REF-966780,2026-01-08T00:00:00Z,712.2900000000001,6.38,662.33,EUR,Austin-Bonilla,pending
po_1156579,REF-176949,2026-01-16T00:00:00Z,7258.4800000000005,7.92,7246.85,EUR,White Group,processing
po_1352649,REF-949197,2026-02-25T00:00:00Z,9720.03,3.29,9691.26,USD,"Fleming, King and Herring",pending
